solid OpenSCAD_Model
  facet normal 0.995185 0.0980171 -0
    outer loop
      vertex 5.65 -13 0
      vertex 5.65 -13 15
      vertex 5.69035 -13.4097 15
    endloop
  endfacet
  facet normal 0.995185 0.0980171 -0
    outer loop
      vertex 5.69035 -13.4097 0
      vertex 5.65 -13 0
      vertex 5.69035 -13.4097 15
    endloop
  endfacet
  facet normal 0.0980171 -0.995185 0
    outer loop
      vertex 7.34031 -10.9404 15
      vertex 7.75 -10.9 0
      vertex 7.75 -10.9 15
    endloop
  endfacet
  facet normal 0.0980171 -0.995185 0
    outer loop
      vertex 7.34031 -10.9404 15
      vertex 7.34031 -10.9404 0
      vertex 7.75 -10.9 0
    endloop
  endfacet
  facet normal -0.995185 -0.0980171 0
    outer loop
      vertex 9.80965 -12.5903 0
      vertex 9.85 -13 0
      vertex 9.85 -13 15
    endloop
  endfacet
  facet normal -0.995185 -0.0980171 -0
    outer loop
      vertex 9.80965 -12.5903 15
      vertex 9.80965 -12.5903 0
      vertex 9.85 -13 15
    endloop
  endfacet
  facet normal -0.290285 0.95694 0
    outer loop
      vertex 8.55364 -14.9401 0
      vertex 8.15969 -15.0596 15
      vertex 8.55364 -14.9401 15
    endloop
  endfacet
  facet normal -0.290285 0.95694 0
    outer loop
      vertex 8.55364 -14.9401 0
      vertex 8.15969 -15.0596 0
      vertex 8.15969 -15.0596 15
    endloop
  endfacet
  facet normal -0.77301 0.634393 0
    outer loop
      vertex 9.49609 -14.1667 0
      vertex 9.23492 -14.4849 15
      vertex 9.49609 -14.1667 15
    endloop
  endfacet
  facet normal -0.77301 0.634393 0
    outer loop
      vertex 9.49609 -14.1667 0
      vertex 9.23492 -14.4849 0
      vertex 9.23492 -14.4849 15
    endloop
  endfacet
  facet normal -0.634393 -0.77301 0
    outer loop
      vertex 8.9167 -11.2539 15
      vertex 9.23492 -11.5151 0
      vertex 9.23492 -11.5151 15
    endloop
  endfacet
  facet normal -0.634393 -0.77301 -0
    outer loop
      vertex 8.9167 -11.2539 15
      vertex 8.9167 -11.2539 0
      vertex 9.23492 -11.5151 0
    endloop
  endfacet
  facet normal 0.77301 -0.634393 0
    outer loop
      vertex 6.00391 -11.8333 15
      vertex 6.26508 -11.5151 0
      vertex 6.26508 -11.5151 15
    endloop
  endfacet
  facet normal 0.77301 -0.634393 0
    outer loop
      vertex 6.00391 -11.8333 15
      vertex 6.00391 -11.8333 0
      vertex 6.26508 -11.5151 0
    endloop
  endfacet
  facet normal 0.995185 -0.0980171 0
    outer loop
      vertex 5.65 -13 15
      vertex 5.69035 -12.5903 0
      vertex 5.69035 -12.5903 15
    endloop
  endfacet
  facet normal 0.995185 -0.0980171 0
    outer loop
      vertex 5.65 -13 15
      vertex 5.65 -13 0
      vertex 5.69035 -12.5903 0
    endloop
  endfacet
  facet normal -0.881921 0.471397 0
    outer loop
      vertex 9.69015 -13.8036 0
      vertex 9.49609 -14.1667 15
      vertex 9.69015 -13.8036 15
    endloop
  endfacet
  facet normal -0.881921 0.471397 0
    outer loop
      vertex 9.69015 -13.8036 0
      vertex 9.49609 -14.1667 0
      vertex 9.49609 -14.1667 15
    endloop
  endfacet
  facet normal -0.995185 0.0980171 0
    outer loop
      vertex 9.85 -13 0
      vertex 9.80965 -13.4097 15
      vertex 9.85 -13 15
    endloop
  endfacet
  facet normal -0.995185 0.0980171 0
    outer loop
      vertex 9.85 -13 0
      vertex 9.80965 -13.4097 0
      vertex 9.80965 -13.4097 15
    endloop
  endfacet
  facet normal -0.634393 0.77301 0
    outer loop
      vertex 9.23492 -14.4849 0
      vertex 8.9167 -14.7461 15
      vertex 9.23492 -14.4849 15
    endloop
  endfacet
  facet normal -0.634393 0.77301 0
    outer loop
      vertex 9.23492 -14.4849 0
      vertex 8.9167 -14.7461 0
      vertex 8.9167 -14.7461 15
    endloop
  endfacet
  facet normal -0.881921 -0.471397 0
    outer loop
      vertex 9.49609 -11.8333 0
      vertex 9.69015 -12.1964 0
      vertex 9.69015 -12.1964 15
    endloop
  endfacet
  facet normal -0.881921 -0.471397 -0
    outer loop
      vertex 9.49609 -11.8333 15
      vertex 9.49609 -11.8333 0
      vertex 9.69015 -12.1964 15
    endloop
  endfacet
  facet normal -0.95694 -0.290285 0
    outer loop
      vertex 9.69015 -12.1964 0
      vertex 9.80965 -12.5903 0
      vertex 9.80965 -12.5903 15
    endloop
  endfacet
  facet normal -0.95694 -0.290285 -0
    outer loop
      vertex 9.69015 -12.1964 15
      vertex 9.69015 -12.1964 0
      vertex 9.80965 -12.5903 15
    endloop
  endfacet
  facet normal -0.77301 -0.634393 0
    outer loop
      vertex 9.23492 -11.5151 0
      vertex 9.49609 -11.8333 0
      vertex 9.49609 -11.8333 15
    endloop
  endfacet
  facet normal -0.77301 -0.634393 -0
    outer loop
      vertex 9.23492 -11.5151 15
      vertex 9.23492 -11.5151 0
      vertex 9.49609 -11.8333 15
    endloop
  endfacet
  facet normal -0.290285 -0.95694 0
    outer loop
      vertex 8.15969 -10.9404 15
      vertex 8.55364 -11.0599 0
      vertex 8.55364 -11.0599 15
    endloop
  endfacet
  facet normal -0.290285 -0.95694 -0
    outer loop
      vertex 8.15969 -10.9404 15
      vertex 8.15969 -10.9404 0
      vertex 8.55364 -11.0599 0
    endloop
  endfacet
  facet normal -0.0980171 -0.995185 0
    outer loop
      vertex 7.75 -10.9 15
      vertex 8.15969 -10.9404 0
      vertex 8.15969 -10.9404 15
    endloop
  endfacet
  facet normal -0.0980171 -0.995185 -0
    outer loop
      vertex 7.75 -10.9 15
      vertex 7.75 -10.9 0
      vertex 8.15969 -10.9404 0
    endloop
  endfacet
  facet normal -0.471397 -0.881921 0
    outer loop
      vertex 8.55364 -11.0599 15
      vertex 8.9167 -11.2539 0
      vertex 8.9167 -11.2539 15
    endloop
  endfacet
  facet normal -0.471397 -0.881921 -0
    outer loop
      vertex 8.55364 -11.0599 15
      vertex 8.55364 -11.0599 0
      vertex 8.9167 -11.2539 0
    endloop
  endfacet
  facet normal 0.290285 -0.95694 0
    outer loop
      vertex 6.94636 -11.0599 15
      vertex 7.34031 -10.9404 0
      vertex 7.34031 -10.9404 15
    endloop
  endfacet
  facet normal 0.290285 -0.95694 0
    outer loop
      vertex 6.94636 -11.0599 15
      vertex 6.94636 -11.0599 0
      vertex 7.34031 -10.9404 0
    endloop
  endfacet
  facet normal 0.0980171 0.995185 -0
    outer loop
      vertex 7.75 -15.1 0
      vertex 7.34031 -15.0596 15
      vertex 7.75 -15.1 15
    endloop
  endfacet
  facet normal 0.0980171 0.995185 0
    outer loop
      vertex 7.75 -15.1 0
      vertex 7.34031 -15.0596 0
      vertex 7.34031 -15.0596 15
    endloop
  endfacet
  facet normal -0.0980171 0.995185 0
    outer loop
      vertex 8.15969 -15.0596 0
      vertex 7.75 -15.1 15
      vertex 8.15969 -15.0596 15
    endloop
  endfacet
  facet normal -0.0980171 0.995185 0
    outer loop
      vertex 8.15969 -15.0596 0
      vertex 7.75 -15.1 0
      vertex 7.75 -15.1 15
    endloop
  endfacet
  facet normal 0.634393 0.77301 -0
    outer loop
      vertex 6.5833 -14.7461 0
      vertex 6.26508 -14.4849 15
      vertex 6.5833 -14.7461 15
    endloop
  endfacet
  facet normal 0.634393 0.77301 0
    outer loop
      vertex 6.5833 -14.7461 0
      vertex 6.26508 -14.4849 0
      vertex 6.26508 -14.4849 15
    endloop
  endfacet
  facet normal 0.77301 0.634393 -0
    outer loop
      vertex 6.00391 -14.1667 0
      vertex 6.00391 -14.1667 15
      vertex 6.26508 -14.4849 15
    endloop
  endfacet
  facet normal 0.77301 0.634393 -0
    outer loop
      vertex 6.26508 -14.4849 0
      vertex 6.00391 -14.1667 0
      vertex 6.26508 -14.4849 15
    endloop
  endfacet
  facet normal 0.881921 0.471397 -0
    outer loop
      vertex 5.80985 -13.8036 0
      vertex 5.80985 -13.8036 15
      vertex 6.00391 -14.1667 15
    endloop
  endfacet
  facet normal 0.881921 0.471397 -0
    outer loop
      vertex 6.00391 -14.1667 0
      vertex 5.80985 -13.8036 0
      vertex 6.00391 -14.1667 15
    endloop
  endfacet
  facet normal 0.95694 0.290285 -0
    outer loop
      vertex 5.69035 -13.4097 0
      vertex 5.69035 -13.4097 15
      vertex 5.80985 -13.8036 15
    endloop
  endfacet
  facet normal 0.95694 0.290285 -0
    outer loop
      vertex 5.80985 -13.8036 0
      vertex 5.69035 -13.4097 0
      vertex 5.80985 -13.8036 15
    endloop
  endfacet
  facet normal 0.881921 -0.471397 0
    outer loop
      vertex 5.80985 -12.1964 15
      vertex 6.00391 -11.8333 0
      vertex 6.00391 -11.8333 15
    endloop
  endfacet
  facet normal 0.881921 -0.471397 0
    outer loop
      vertex 5.80985 -12.1964 15
      vertex 5.80985 -12.1964 0
      vertex 6.00391 -11.8333 0
    endloop
  endfacet
  facet normal -0.95694 0.290285 0
    outer loop
      vertex 9.80965 -13.4097 0
      vertex 9.69015 -13.8036 15
      vertex 9.80965 -13.4097 15
    endloop
  endfacet
  facet normal -0.95694 0.290285 0
    outer loop
      vertex 9.80965 -13.4097 0
      vertex 9.69015 -13.8036 0
      vertex 9.69015 -13.8036 15
    endloop
  endfacet
  facet normal -0.471397 0.881921 0
    outer loop
      vertex 8.9167 -14.7461 0
      vertex 8.55364 -14.9401 15
      vertex 8.9167 -14.7461 15
    endloop
  endfacet
  facet normal -0.471397 0.881921 0
    outer loop
      vertex 8.9167 -14.7461 0
      vertex 8.55364 -14.9401 0
      vertex 8.55364 -14.9401 15
    endloop
  endfacet
  facet normal 0.471397 -0.881921 0
    outer loop
      vertex 6.5833 -11.2539 15
      vertex 6.94636 -11.0599 0
      vertex 6.94636 -11.0599 15
    endloop
  endfacet
  facet normal 0.471397 -0.881921 0
    outer loop
      vertex 6.5833 -11.2539 15
      vertex 6.5833 -11.2539 0
      vertex 6.94636 -11.0599 0
    endloop
  endfacet
  facet normal 0.290285 0.95694 -0
    outer loop
      vertex 7.34031 -15.0596 0
      vertex 6.94636 -14.9401 15
      vertex 7.34031 -15.0596 15
    endloop
  endfacet
  facet normal 0.290285 0.95694 0
    outer loop
      vertex 7.34031 -15.0596 0
      vertex 6.94636 -14.9401 0
      vertex 6.94636 -14.9401 15
    endloop
  endfacet
  facet normal 0.471397 0.881921 -0
    outer loop
      vertex 6.94636 -14.9401 0
      vertex 6.5833 -14.7461 15
      vertex 6.94636 -14.9401 15
    endloop
  endfacet
  facet normal 0.471397 0.881921 0
    outer loop
      vertex 6.94636 -14.9401 0
      vertex 6.5833 -14.7461 0
      vertex 6.5833 -14.7461 15
    endloop
  endfacet
  facet normal 0.634393 -0.77301 0
    outer loop
      vertex 6.26508 -11.5151 15
      vertex 6.5833 -11.2539 0
      vertex 6.5833 -11.2539 15
    endloop
  endfacet
  facet normal 0.634393 -0.77301 0
    outer loop
      vertex 6.26508 -11.5151 15
      vertex 6.26508 -11.5151 0
      vertex 6.5833 -11.2539 0
    endloop
  endfacet
  facet normal 0.95694 -0.290285 0
    outer loop
      vertex 5.69035 -12.5903 15
      vertex 5.80985 -12.1964 0
      vertex 5.80985 -12.1964 15
    endloop
  endfacet
  facet normal 0.95694 -0.290285 0
    outer loop
      vertex 5.69035 -12.5903 15
      vertex 5.69035 -12.5903 0
      vertex 5.80985 -12.1964 0
    endloop
  endfacet
  facet normal 0.995185 0.0980171 -0
    outer loop
      vertex 5.65 13 0
      vertex 5.65 13 15
      vertex 5.69035 12.5903 15
    endloop
  endfacet
  facet normal 0.995185 0.0980171 -0
    outer loop
      vertex 5.69035 12.5903 0
      vertex 5.65 13 0
      vertex 5.69035 12.5903 15
    endloop
  endfacet
  facet normal 0.0980171 -0.995185 0
    outer loop
      vertex 7.34031 15.0596 15
      vertex 7.75 15.1 0
      vertex 7.75 15.1 15
    endloop
  endfacet
  facet normal 0.0980171 -0.995185 0
    outer loop
      vertex 7.34031 15.0596 15
      vertex 7.34031 15.0596 0
      vertex 7.75 15.1 0
    endloop
  endfacet
  facet normal -0.995185 -0.0980171 0
    outer loop
      vertex 9.80965 13.4097 0
      vertex 9.85 13 0
      vertex 9.85 13 15
    endloop
  endfacet
  facet normal -0.995185 -0.0980171 -0
    outer loop
      vertex 9.80965 13.4097 15
      vertex 9.80965 13.4097 0
      vertex 9.85 13 15
    endloop
  endfacet
  facet normal -0.290285 0.95694 0
    outer loop
      vertex 8.55364 11.0599 0
      vertex 8.15969 10.9404 15
      vertex 8.55364 11.0599 15
    endloop
  endfacet
  facet normal -0.290285 0.95694 0
    outer loop
      vertex 8.55364 11.0599 0
      vertex 8.15969 10.9404 0
      vertex 8.15969 10.9404 15
    endloop
  endfacet
  facet normal 0.95694 0.290285 -0
    outer loop
      vertex 5.69035 12.5903 0
      vertex 5.69035 12.5903 15
      vertex 5.80985 12.1964 15
    endloop
  endfacet
  facet normal 0.95694 0.290285 -0
    outer loop
      vertex 5.80985 12.1964 0
      vertex 5.69035 12.5903 0
      vertex 5.80985 12.1964 15
    endloop
  endfacet
  facet normal -0.77301 0.634393 0
    outer loop
      vertex 9.49609 11.8333 0
      vertex 9.23492 11.5151 15
      vertex 9.49609 11.8333 15
    endloop
  endfacet
  facet normal -0.77301 0.634393 0
    outer loop
      vertex 9.49609 11.8333 0
      vertex 9.23492 11.5151 0
      vertex 9.23492 11.5151 15
    endloop
  endfacet
  facet normal -0.634393 -0.77301 0
    outer loop
      vertex 8.9167 14.7461 15
      vertex 9.23492 14.4849 0
      vertex 9.23492 14.4849 15
    endloop
  endfacet
  facet normal -0.634393 -0.77301 -0
    outer loop
      vertex 8.9167 14.7461 15
      vertex 8.9167 14.7461 0
      vertex 9.23492 14.4849 0
    endloop
  endfacet
  facet normal 0.77301 -0.634393 0
    outer loop
      vertex 6.00391 14.1667 15
      vertex 6.26508 14.4849 0
      vertex 6.26508 14.4849 15
    endloop
  endfacet
  facet normal 0.77301 -0.634393 0
    outer loop
      vertex 6.00391 14.1667 15
      vertex 6.00391 14.1667 0
      vertex 6.26508 14.4849 0
    endloop
  endfacet
  facet normal 0.995185 -0.0980171 0
    outer loop
      vertex 5.65 13 15
      vertex 5.69035 13.4097 0
      vertex 5.69035 13.4097 15
    endloop
  endfacet
  facet normal 0.995185 -0.0980171 0
    outer loop
      vertex 5.65 13 15
      vertex 5.65 13 0
      vertex 5.69035 13.4097 0
    endloop
  endfacet
  facet normal -0.881921 0.471397 0
    outer loop
      vertex 9.69015 12.1964 0
      vertex 9.49609 11.8333 15
      vertex 9.69015 12.1964 15
    endloop
  endfacet
  facet normal -0.881921 0.471397 0
    outer loop
      vertex 9.69015 12.1964 0
      vertex 9.49609 11.8333 0
      vertex 9.49609 11.8333 15
    endloop
  endfacet
  facet normal -0.995185 0.0980171 0
    outer loop
      vertex 9.85 13 0
      vertex 9.80965 12.5903 15
      vertex 9.85 13 15
    endloop
  endfacet
  facet normal -0.995185 0.0980171 0
    outer loop
      vertex 9.85 13 0
      vertex 9.80965 12.5903 0
      vertex 9.80965 12.5903 15
    endloop
  endfacet
  facet normal -0.634393 0.77301 0
    outer loop
      vertex 9.23492 11.5151 0
      vertex 8.9167 11.2539 15
      vertex 9.23492 11.5151 15
    endloop
  endfacet
  facet normal -0.634393 0.77301 0
    outer loop
      vertex 9.23492 11.5151 0
      vertex 8.9167 11.2539 0
      vertex 8.9167 11.2539 15
    endloop
  endfacet
  facet normal -0.881921 -0.471397 0
    outer loop
      vertex 9.49609 14.1667 0
      vertex 9.69015 13.8036 0
      vertex 9.69015 13.8036 15
    endloop
  endfacet
  facet normal -0.881921 -0.471397 -0
    outer loop
      vertex 9.49609 14.1667 15
      vertex 9.49609 14.1667 0
      vertex 9.69015 13.8036 15
    endloop
  endfacet
  facet normal -0.95694 -0.290285 0
    outer loop
      vertex 9.69015 13.8036 0
      vertex 9.80965 13.4097 0
      vertex 9.80965 13.4097 15
    endloop
  endfacet
  facet normal -0.95694 -0.290285 -0
    outer loop
      vertex 9.69015 13.8036 15
      vertex 9.69015 13.8036 0
      vertex 9.80965 13.4097 15
    endloop
  endfacet
  facet normal -0.77301 -0.634393 0
    outer loop
      vertex 9.23492 14.4849 0
      vertex 9.49609 14.1667 0
      vertex 9.49609 14.1667 15
    endloop
  endfacet
  facet normal -0.77301 -0.634393 -0
    outer loop
      vertex 9.23492 14.4849 15
      vertex 9.23492 14.4849 0
      vertex 9.49609 14.1667 15
    endloop
  endfacet
  facet normal -0.290285 -0.95694 0
    outer loop
      vertex 8.15969 15.0596 15
      vertex 8.55364 14.9401 0
      vertex 8.55364 14.9401 15
    endloop
  endfacet
  facet normal -0.290285 -0.95694 -0
    outer loop
      vertex 8.15969 15.0596 15
      vertex 8.15969 15.0596 0
      vertex 8.55364 14.9401 0
    endloop
  endfacet
  facet normal -0.0980171 -0.995185 0
    outer loop
      vertex 7.75 15.1 15
      vertex 8.15969 15.0596 0
      vertex 8.15969 15.0596 15
    endloop
  endfacet
  facet normal -0.0980171 -0.995185 -0
    outer loop
      vertex 7.75 15.1 15
      vertex 7.75 15.1 0
      vertex 8.15969 15.0596 0
    endloop
  endfacet
  facet normal -0.471397 -0.881921 0
    outer loop
      vertex 8.55364 14.9401 15
      vertex 8.9167 14.7461 0
      vertex 8.9167 14.7461 15
    endloop
  endfacet
  facet normal -0.471397 -0.881921 -0
    outer loop
      vertex 8.55364 14.9401 15
      vertex 8.55364 14.9401 0
      vertex 8.9167 14.7461 0
    endloop
  endfacet
  facet normal 0.290285 -0.95694 0
    outer loop
      vertex 6.94636 14.9401 15
      vertex 7.34031 15.0596 0
      vertex 7.34031 15.0596 15
    endloop
  endfacet
  facet normal 0.290285 -0.95694 0
    outer loop
      vertex 6.94636 14.9401 15
      vertex 6.94636 14.9401 0
      vertex 7.34031 15.0596 0
    endloop
  endfacet
  facet normal 0.0980171 0.995185 -0
    outer loop
      vertex 7.75 10.9 0
      vertex 7.34031 10.9404 15
      vertex 7.75 10.9 15
    endloop
  endfacet
  facet normal 0.0980171 0.995185 0
    outer loop
      vertex 7.75 10.9 0
      vertex 7.34031 10.9404 0
      vertex 7.34031 10.9404 15
    endloop
  endfacet
  facet normal 0.634393 0.77301 -0
    outer loop
      vertex 6.5833 11.2539 0
      vertex 6.26508 11.5151 15
      vertex 6.5833 11.2539 15
    endloop
  endfacet
  facet normal 0.634393 0.77301 0
    outer loop
      vertex 6.5833 11.2539 0
      vertex 6.26508 11.5151 0
      vertex 6.26508 11.5151 15
    endloop
  endfacet
  facet normal 0.77301 0.634393 -0
    outer loop
      vertex 6.00391 11.8333 0
      vertex 6.00391 11.8333 15
      vertex 6.26508 11.5151 15
    endloop
  endfacet
  facet normal 0.77301 0.634393 -0
    outer loop
      vertex 6.26508 11.5151 0
      vertex 6.00391 11.8333 0
      vertex 6.26508 11.5151 15
    endloop
  endfacet
  facet normal 0.881921 0.471397 -0
    outer loop
      vertex 5.80985 12.1964 0
      vertex 5.80985 12.1964 15
      vertex 6.00391 11.8333 15
    endloop
  endfacet
  facet normal 0.881921 0.471397 -0
    outer loop
      vertex 6.00391 11.8333 0
      vertex 5.80985 12.1964 0
      vertex 6.00391 11.8333 15
    endloop
  endfacet
  facet normal 0.881921 -0.471397 0
    outer loop
      vertex 5.80985 13.8036 15
      vertex 6.00391 14.1667 0
      vertex 6.00391 14.1667 15
    endloop
  endfacet
  facet normal 0.881921 -0.471397 0
    outer loop
      vertex 5.80985 13.8036 15
      vertex 5.80985 13.8036 0
      vertex 6.00391 14.1667 0
    endloop
  endfacet
  facet normal -0.95694 0.290285 0
    outer loop
      vertex 9.80965 12.5903 0
      vertex 9.69015 12.1964 15
      vertex 9.80965 12.5903 15
    endloop
  endfacet
  facet normal -0.95694 0.290285 0
    outer loop
      vertex 9.80965 12.5903 0
      vertex 9.69015 12.1964 0
      vertex 9.69015 12.1964 15
    endloop
  endfacet
  facet normal -0.471397 0.881921 0
    outer loop
      vertex 8.9167 11.2539 0
      vertex 8.55364 11.0599 15
      vertex 8.9167 11.2539 15
    endloop
  endfacet
  facet normal -0.471397 0.881921 0
    outer loop
      vertex 8.9167 11.2539 0
      vertex 8.55364 11.0599 0
      vertex 8.55364 11.0599 15
    endloop
  endfacet
  facet normal 0.471397 -0.881921 0
    outer loop
      vertex 6.5833 14.7461 15
      vertex 6.94636 14.9401 0
      vertex 6.94636 14.9401 15
    endloop
  endfacet
  facet normal 0.471397 -0.881921 0
    outer loop
      vertex 6.5833 14.7461 15
      vertex 6.5833 14.7461 0
      vertex 6.94636 14.9401 0
    endloop
  endfacet
  facet normal 0.471397 0.881921 -0
    outer loop
      vertex 6.94636 11.0599 0
      vertex 6.5833 11.2539 15
      vertex 6.94636 11.0599 15
    endloop
  endfacet
  facet normal 0.471397 0.881921 0
    outer loop
      vertex 6.94636 11.0599 0
      vertex 6.5833 11.2539 0
      vertex 6.5833 11.2539 15
    endloop
  endfacet
  facet normal 0.290285 0.95694 -0
    outer loop
      vertex 7.34031 10.9404 0
      vertex 6.94636 11.0599 15
      vertex 7.34031 10.9404 15
    endloop
  endfacet
  facet normal 0.290285 0.95694 0
    outer loop
      vertex 7.34031 10.9404 0
      vertex 6.94636 11.0599 0
      vertex 6.94636 11.0599 15
    endloop
  endfacet
  facet normal -0.0980171 0.995185 0
    outer loop
      vertex 8.15969 10.9404 0
      vertex 7.75 10.9 15
      vertex 8.15969 10.9404 15
    endloop
  endfacet
  facet normal -0.0980171 0.995185 0
    outer loop
      vertex 8.15969 10.9404 0
      vertex 7.75 10.9 0
      vertex 7.75 10.9 15
    endloop
  endfacet
  facet normal 0.634393 -0.77301 0
    outer loop
      vertex 6.26508 14.4849 15
      vertex 6.5833 14.7461 0
      vertex 6.5833 14.7461 15
    endloop
  endfacet
  facet normal 0.634393 -0.77301 0
    outer loop
      vertex 6.26508 14.4849 15
      vertex 6.26508 14.4849 0
      vertex 6.5833 14.7461 0
    endloop
  endfacet
  facet normal 0.95694 -0.290285 0
    outer loop
      vertex 5.69035 13.4097 15
      vertex 5.80985 13.8036 0
      vertex 5.80985 13.8036 15
    endloop
  endfacet
  facet normal 0.95694 -0.290285 0
    outer loop
      vertex 5.69035 13.4097 15
      vertex 5.69035 13.4097 0
      vertex 5.80985 13.8036 0
    endloop
  endfacet
  facet normal 0.995185 0.0980171 -0
    outer loop
      vertex 36.15 -13 0
      vertex 36.15 -13 15
      vertex 36.1904 -13.4097 15
    endloop
  endfacet
  facet normal 0.995185 0.0980171 -0
    outer loop
      vertex 36.1904 -13.4097 0
      vertex 36.15 -13 0
      vertex 36.1904 -13.4097 15
    endloop
  endfacet
  facet normal -0.290285 0.95694 0
    outer loop
      vertex 39.0536 -14.9401 0
      vertex 38.6597 -15.0596 15
      vertex 39.0536 -14.9401 15
    endloop
  endfacet
  facet normal -0.290285 0.95694 0
    outer loop
      vertex 39.0536 -14.9401 0
      vertex 38.6597 -15.0596 0
      vertex 38.6597 -15.0596 15
    endloop
  endfacet
  facet normal 0.290285 -0.95694 0
    outer loop
      vertex 37.4464 -11.0599 15
      vertex 37.8403 -10.9404 0
      vertex 37.8403 -10.9404 15
    endloop
  endfacet
  facet normal 0.290285 -0.95694 0
    outer loop
      vertex 37.4464 -11.0599 15
      vertex 37.4464 -11.0599 0
      vertex 37.8403 -10.9404 0
    endloop
  endfacet
  facet normal -0.634393 0.77301 0
    outer loop
      vertex 39.7349 -14.4849 0
      vertex 39.4167 -14.7461 15
      vertex 39.7349 -14.4849 15
    endloop
  endfacet
  facet normal -0.634393 0.77301 0
    outer loop
      vertex 39.7349 -14.4849 0
      vertex 39.4167 -14.7461 0
      vertex 39.4167 -14.7461 15
    endloop
  endfacet
  facet normal -0.634393 -0.77301 0
    outer loop
      vertex 39.4167 -11.2539 15
      vertex 39.7349 -11.5151 0
      vertex 39.7349 -11.5151 15
    endloop
  endfacet
  facet normal -0.634393 -0.77301 -0
    outer loop
      vertex 39.4167 -11.2539 15
      vertex 39.4167 -11.2539 0
      vertex 39.7349 -11.5151 0
    endloop
  endfacet
  facet normal 0.995185 -0.0980171 0
    outer loop
      vertex 36.15 -13 15
      vertex 36.1904 -12.5903 0
      vertex 36.1904 -12.5903 15
    endloop
  endfacet
  facet normal 0.995185 -0.0980171 0
    outer loop
      vertex 36.15 -13 15
      vertex 36.15 -13 0
      vertex 36.1904 -12.5903 0
    endloop
  endfacet
  facet normal -0.0980171 0.995185 0
    outer loop
      vertex 38.6597 -15.0596 0
      vertex 38.25 -15.1 15
      vertex 38.6597 -15.0596 15
    endloop
  endfacet
  facet normal -0.0980171 0.995185 0
    outer loop
      vertex 38.6597 -15.0596 0
      vertex 38.25 -15.1 0
      vertex 38.25 -15.1 15
    endloop
  endfacet
  facet normal 0.634393 0.77301 -0
    outer loop
      vertex 37.0833 -14.7461 0
      vertex 36.7651 -14.4849 15
      vertex 37.0833 -14.7461 15
    endloop
  endfacet
  facet normal 0.634393 0.77301 0
    outer loop
      vertex 37.0833 -14.7461 0
      vertex 36.7651 -14.4849 0
      vertex 36.7651 -14.4849 15
    endloop
  endfacet
  facet normal 0.77301 0.634393 -0
    outer loop
      vertex 36.5039 -14.1667 0
      vertex 36.5039 -14.1667 15
      vertex 36.7651 -14.4849 15
    endloop
  endfacet
  facet normal 0.77301 0.634393 -0
    outer loop
      vertex 36.7651 -14.4849 0
      vertex 36.5039 -14.1667 0
      vertex 36.7651 -14.4849 15
    endloop
  endfacet
  facet normal 0.881921 0.471397 -0
    outer loop
      vertex 36.3099 -13.8036 0
      vertex 36.3099 -13.8036 15
      vertex 36.5039 -14.1667 15
    endloop
  endfacet
  facet normal 0.881921 0.471397 -0
    outer loop
      vertex 36.5039 -14.1667 0
      vertex 36.3099 -13.8036 0
      vertex 36.5039 -14.1667 15
    endloop
  endfacet
  facet normal 0.95694 0.290285 -0
    outer loop
      vertex 36.1904 -13.4097 0
      vertex 36.1904 -13.4097 15
      vertex 36.3099 -13.8036 15
    endloop
  endfacet
  facet normal 0.95694 0.290285 -0
    outer loop
      vertex 36.3099 -13.8036 0
      vertex 36.1904 -13.4097 0
      vertex 36.3099 -13.8036 15
    endloop
  endfacet
  facet normal -0.471397 0.881921 0
    outer loop
      vertex 39.4167 -14.7461 0
      vertex 39.0536 -14.9401 15
      vertex 39.4167 -14.7461 15
    endloop
  endfacet
  facet normal -0.471397 0.881921 0
    outer loop
      vertex 39.4167 -14.7461 0
      vertex 39.0536 -14.9401 0
      vertex 39.0536 -14.9401 15
    endloop
  endfacet
  facet normal -0.77301 0.634393 0
    outer loop
      vertex 39.9961 -14.1667 0
      vertex 39.7349 -14.4849 15
      vertex 39.9961 -14.1667 15
    endloop
  endfacet
  facet normal -0.77301 0.634393 0
    outer loop
      vertex 39.9961 -14.1667 0
      vertex 39.7349 -14.4849 0
      vertex 39.7349 -14.4849 15
    endloop
  endfacet
  facet normal -0.95694 0.290285 0
    outer loop
      vertex 40.3096 -13.4097 0
      vertex 40.1901 -13.8036 15
      vertex 40.3096 -13.4097 15
    endloop
  endfacet
  facet normal -0.95694 0.290285 0
    outer loop
      vertex 40.3096 -13.4097 0
      vertex 40.1901 -13.8036 0
      vertex 40.1901 -13.8036 15
    endloop
  endfacet
  facet normal -0.471397 -0.881921 0
    outer loop
      vertex 39.0536 -11.0599 15
      vertex 39.4167 -11.2539 0
      vertex 39.4167 -11.2539 15
    endloop
  endfacet
  facet normal -0.471397 -0.881921 -0
    outer loop
      vertex 39.0536 -11.0599 15
      vertex 39.0536 -11.0599 0
      vertex 39.4167 -11.2539 0
    endloop
  endfacet
  facet normal 0.471397 -0.881921 0
    outer loop
      vertex 37.0833 -11.2539 15
      vertex 37.4464 -11.0599 0
      vertex 37.4464 -11.0599 15
    endloop
  endfacet
  facet normal 0.471397 -0.881921 0
    outer loop
      vertex 37.0833 -11.2539 15
      vertex 37.0833 -11.2539 0
      vertex 37.4464 -11.0599 0
    endloop
  endfacet
  facet normal 0.0980171 -0.995185 0
    outer loop
      vertex 37.8403 -10.9404 15
      vertex 38.25 -10.9 0
      vertex 38.25 -10.9 15
    endloop
  endfacet
  facet normal 0.0980171 -0.995185 0
    outer loop
      vertex 37.8403 -10.9404 15
      vertex 37.8403 -10.9404 0
      vertex 38.25 -10.9 0
    endloop
  endfacet
  facet normal 0.634393 -0.77301 0
    outer loop
      vertex 36.7651 -11.5151 15
      vertex 37.0833 -11.2539 0
      vertex 37.0833 -11.2539 15
    endloop
  endfacet
  facet normal 0.634393 -0.77301 0
    outer loop
      vertex 36.7651 -11.5151 15
      vertex 36.7651 -11.5151 0
      vertex 37.0833 -11.2539 0
    endloop
  endfacet
  facet normal 0.881921 -0.471397 0
    outer loop
      vertex 36.3099 -12.1964 15
      vertex 36.5039 -11.8333 0
      vertex 36.5039 -11.8333 15
    endloop
  endfacet
  facet normal 0.881921 -0.471397 0
    outer loop
      vertex 36.3099 -12.1964 15
      vertex 36.3099 -12.1964 0
      vertex 36.5039 -11.8333 0
    endloop
  endfacet
  facet normal 0.77301 -0.634393 0
    outer loop
      vertex 36.5039 -11.8333 15
      vertex 36.7651 -11.5151 0
      vertex 36.7651 -11.5151 15
    endloop
  endfacet
  facet normal 0.77301 -0.634393 0
    outer loop
      vertex 36.5039 -11.8333 15
      vertex 36.5039 -11.8333 0
      vertex 36.7651 -11.5151 0
    endloop
  endfacet
  facet normal 0.95694 -0.290285 0
    outer loop
      vertex 36.1904 -12.5903 15
      vertex 36.3099 -12.1964 0
      vertex 36.3099 -12.1964 15
    endloop
  endfacet
  facet normal 0.95694 -0.290285 0
    outer loop
      vertex 36.1904 -12.5903 15
      vertex 36.1904 -12.5903 0
      vertex 36.3099 -12.1964 0
    endloop
  endfacet
  facet normal 0.290285 0.95694 -0
    outer loop
      vertex 37.8403 -15.0596 0
      vertex 37.4464 -14.9401 15
      vertex 37.8403 -15.0596 15
    endloop
  endfacet
  facet normal 0.290285 0.95694 0
    outer loop
      vertex 37.8403 -15.0596 0
      vertex 37.4464 -14.9401 0
      vertex 37.4464 -14.9401 15
    endloop
  endfacet
  facet normal 0.471397 0.881921 -0
    outer loop
      vertex 37.4464 -14.9401 0
      vertex 37.0833 -14.7461 15
      vertex 37.4464 -14.9401 15
    endloop
  endfacet
  facet normal 0.471397 0.881921 0
    outer loop
      vertex 37.4464 -14.9401 0
      vertex 37.0833 -14.7461 0
      vertex 37.0833 -14.7461 15
    endloop
  endfacet
  facet normal 0.0980171 0.995185 -0
    outer loop
      vertex 38.25 -15.1 0
      vertex 37.8403 -15.0596 15
      vertex 38.25 -15.1 15
    endloop
  endfacet
  facet normal 0.0980171 0.995185 0
    outer loop
      vertex 38.25 -15.1 0
      vertex 37.8403 -15.0596 0
      vertex 37.8403 -15.0596 15
    endloop
  endfacet
  facet normal -0.881921 -0.471397 0
    outer loop
      vertex 39.9961 -11.8333 0
      vertex 40.1901 -12.1964 0
      vertex 40.1901 -12.1964 15
    endloop
  endfacet
  facet normal -0.881921 -0.471397 -0
    outer loop
      vertex 39.9961 -11.8333 15
      vertex 39.9961 -11.8333 0
      vertex 40.1901 -12.1964 15
    endloop
  endfacet
  facet normal -0.77301 -0.634393 0
    outer loop
      vertex 39.7349 -11.5151 0
      vertex 39.9961 -11.8333 0
      vertex 39.9961 -11.8333 15
    endloop
  endfacet
  facet normal -0.77301 -0.634393 -0
    outer loop
      vertex 39.7349 -11.5151 15
      vertex 39.7349 -11.5151 0
      vertex 39.9961 -11.8333 15
    endloop
  endfacet
  facet normal -0.95694 -0.290285 0
    outer loop
      vertex 40.1901 -12.1964 0
      vertex 40.3096 -12.5903 0
      vertex 40.3096 -12.5903 15
    endloop
  endfacet
  facet normal -0.95694 -0.290285 -0
    outer loop
      vertex 40.1901 -12.1964 15
      vertex 40.1901 -12.1964 0
      vertex 40.3096 -12.5903 15
    endloop
  endfacet
  facet normal -0.995185 -0.0980171 0
    outer loop
      vertex 40.3096 -12.5903 0
      vertex 40.35 -13 0
      vertex 40.35 -13 15
    endloop
  endfacet
  facet normal -0.995185 -0.0980171 -0
    outer loop
      vertex 40.3096 -12.5903 15
      vertex 40.3096 -12.5903 0
      vertex 40.35 -13 15
    endloop
  endfacet
  facet normal -0.881921 0.471397 0
    outer loop
      vertex 40.1901 -13.8036 0
      vertex 39.9961 -14.1667 15
      vertex 40.1901 -13.8036 15
    endloop
  endfacet
  facet normal -0.881921 0.471397 0
    outer loop
      vertex 40.1901 -13.8036 0
      vertex 39.9961 -14.1667 0
      vertex 39.9961 -14.1667 15
    endloop
  endfacet
  facet normal -0.995185 0.0980171 0
    outer loop
      vertex 40.35 -13 0
      vertex 40.3096 -13.4097 15
      vertex 40.35 -13 15
    endloop
  endfacet
  facet normal -0.995185 0.0980171 0
    outer loop
      vertex 40.35 -13 0
      vertex 40.3096 -13.4097 0
      vertex 40.3096 -13.4097 15
    endloop
  endfacet
  facet normal -0.290285 -0.95694 0
    outer loop
      vertex 38.6597 -10.9404 15
      vertex 39.0536 -11.0599 0
      vertex 39.0536 -11.0599 15
    endloop
  endfacet
  facet normal -0.290285 -0.95694 -0
    outer loop
      vertex 38.6597 -10.9404 15
      vertex 38.6597 -10.9404 0
      vertex 39.0536 -11.0599 0
    endloop
  endfacet
  facet normal -0.0980171 -0.995185 0
    outer loop
      vertex 38.25 -10.9 15
      vertex 38.6597 -10.9404 0
      vertex 38.6597 -10.9404 15
    endloop
  endfacet
  facet normal -0.0980171 -0.995185 -0
    outer loop
      vertex 38.25 -10.9 15
      vertex 38.25 -10.9 0
      vertex 38.6597 -10.9404 0
    endloop
  endfacet
  facet normal 0.995185 0.0980171 -0
    outer loop
      vertex 36.15 13 0
      vertex 36.15 13 15
      vertex 36.1904 12.5903 15
    endloop
  endfacet
  facet normal 0.995185 0.0980171 -0
    outer loop
      vertex 36.1904 12.5903 0
      vertex 36.15 13 0
      vertex 36.1904 12.5903 15
    endloop
  endfacet
  facet normal -0.290285 0.95694 0
    outer loop
      vertex 39.0536 11.0599 0
      vertex 38.6597 10.9404 15
      vertex 39.0536 11.0599 15
    endloop
  endfacet
  facet normal -0.290285 0.95694 0
    outer loop
      vertex 39.0536 11.0599 0
      vertex 38.6597 10.9404 0
      vertex 38.6597 10.9404 15
    endloop
  endfacet
  facet normal 0.290285 -0.95694 0
    outer loop
      vertex 37.4464 14.9401 15
      vertex 37.8403 15.0596 0
      vertex 37.8403 15.0596 15
    endloop
  endfacet
  facet normal 0.290285 -0.95694 0
    outer loop
      vertex 37.4464 14.9401 15
      vertex 37.4464 14.9401 0
      vertex 37.8403 15.0596 0
    endloop
  endfacet
  facet normal -0.634393 0.77301 0
    outer loop
      vertex 39.7349 11.5151 0
      vertex 39.4167 11.2539 15
      vertex 39.7349 11.5151 15
    endloop
  endfacet
  facet normal -0.634393 0.77301 0
    outer loop
      vertex 39.7349 11.5151 0
      vertex 39.4167 11.2539 0
      vertex 39.4167 11.2539 15
    endloop
  endfacet
  facet normal -0.634393 -0.77301 0
    outer loop
      vertex 39.4167 14.7461 15
      vertex 39.7349 14.4849 0
      vertex 39.7349 14.4849 15
    endloop
  endfacet
  facet normal -0.634393 -0.77301 -0
    outer loop
      vertex 39.4167 14.7461 15
      vertex 39.4167 14.7461 0
      vertex 39.7349 14.4849 0
    endloop
  endfacet
  facet normal 0.995185 -0.0980171 0
    outer loop
      vertex 36.15 13 15
      vertex 36.1904 13.4097 0
      vertex 36.1904 13.4097 15
    endloop
  endfacet
  facet normal 0.995185 -0.0980171 0
    outer loop
      vertex 36.15 13 15
      vertex 36.15 13 0
      vertex 36.1904 13.4097 0
    endloop
  endfacet
  facet normal -0.0980171 0.995185 0
    outer loop
      vertex 38.6597 10.9404 0
      vertex 38.25 10.9 15
      vertex 38.6597 10.9404 15
    endloop
  endfacet
  facet normal -0.0980171 0.995185 0
    outer loop
      vertex 38.6597 10.9404 0
      vertex 38.25 10.9 0
      vertex 38.25 10.9 15
    endloop
  endfacet
  facet normal 0.634393 0.77301 -0
    outer loop
      vertex 37.0833 11.2539 0
      vertex 36.7651 11.5151 15
      vertex 37.0833 11.2539 15
    endloop
  endfacet
  facet normal 0.634393 0.77301 0
    outer loop
      vertex 37.0833 11.2539 0
      vertex 36.7651 11.5151 0
      vertex 36.7651 11.5151 15
    endloop
  endfacet
  facet normal 0.77301 0.634393 -0
    outer loop
      vertex 36.5039 11.8333 0
      vertex 36.5039 11.8333 15
      vertex 36.7651 11.5151 15
    endloop
  endfacet
  facet normal 0.77301 0.634393 -0
    outer loop
      vertex 36.7651 11.5151 0
      vertex 36.5039 11.8333 0
      vertex 36.7651 11.5151 15
    endloop
  endfacet
  facet normal 0.881921 0.471397 -0
    outer loop
      vertex 36.3099 12.1964 0
      vertex 36.3099 12.1964 15
      vertex 36.5039 11.8333 15
    endloop
  endfacet
  facet normal 0.881921 0.471397 -0
    outer loop
      vertex 36.5039 11.8333 0
      vertex 36.3099 12.1964 0
      vertex 36.5039 11.8333 15
    endloop
  endfacet
  facet normal 0.95694 0.290285 -0
    outer loop
      vertex 36.1904 12.5903 0
      vertex 36.1904 12.5903 15
      vertex 36.3099 12.1964 15
    endloop
  endfacet
  facet normal 0.95694 0.290285 -0
    outer loop
      vertex 36.3099 12.1964 0
      vertex 36.1904 12.5903 0
      vertex 36.3099 12.1964 15
    endloop
  endfacet
  facet normal -0.471397 0.881921 0
    outer loop
      vertex 39.4167 11.2539 0
      vertex 39.0536 11.0599 15
      vertex 39.4167 11.2539 15
    endloop
  endfacet
  facet normal -0.471397 0.881921 0
    outer loop
      vertex 39.4167 11.2539 0
      vertex 39.0536 11.0599 0
      vertex 39.0536 11.0599 15
    endloop
  endfacet
  facet normal -0.95694 0.290285 0
    outer loop
      vertex 40.3096 12.5903 0
      vertex 40.1901 12.1964 15
      vertex 40.3096 12.5903 15
    endloop
  endfacet
  facet normal -0.95694 0.290285 0
    outer loop
      vertex 40.3096 12.5903 0
      vertex 40.1901 12.1964 0
      vertex 40.1901 12.1964 15
    endloop
  endfacet
  facet normal -0.471397 -0.881921 0
    outer loop
      vertex 39.0536 14.9401 15
      vertex 39.4167 14.7461 0
      vertex 39.4167 14.7461 15
    endloop
  endfacet
  facet normal -0.471397 -0.881921 -0
    outer loop
      vertex 39.0536 14.9401 15
      vertex 39.0536 14.9401 0
      vertex 39.4167 14.7461 0
    endloop
  endfacet
  facet normal 0.471397 -0.881921 0
    outer loop
      vertex 37.0833 14.7461 15
      vertex 37.4464 14.9401 0
      vertex 37.4464 14.9401 15
    endloop
  endfacet
  facet normal 0.471397 -0.881921 0
    outer loop
      vertex 37.0833 14.7461 15
      vertex 37.0833 14.7461 0
      vertex 37.4464 14.9401 0
    endloop
  endfacet
  facet normal 0.0980171 -0.995185 0
    outer loop
      vertex 37.8403 15.0596 15
      vertex 38.25 15.1 0
      vertex 38.25 15.1 15
    endloop
  endfacet
  facet normal 0.0980171 -0.995185 0
    outer loop
      vertex 37.8403 15.0596 15
      vertex 37.8403 15.0596 0
      vertex 38.25 15.1 0
    endloop
  endfacet
  facet normal 0.634393 -0.77301 0
    outer loop
      vertex 36.7651 14.4849 15
      vertex 37.0833 14.7461 0
      vertex 37.0833 14.7461 15
    endloop
  endfacet
  facet normal 0.634393 -0.77301 0
    outer loop
      vertex 36.7651 14.4849 15
      vertex 36.7651 14.4849 0
      vertex 37.0833 14.7461 0
    endloop
  endfacet
  facet normal 0.881921 -0.471397 0
    outer loop
      vertex 36.3099 13.8036 15
      vertex 36.5039 14.1667 0
      vertex 36.5039 14.1667 15
    endloop
  endfacet
  facet normal 0.881921 -0.471397 0
    outer loop
      vertex 36.3099 13.8036 15
      vertex 36.3099 13.8036 0
      vertex 36.5039 14.1667 0
    endloop
  endfacet
  facet normal 0.77301 -0.634393 0
    outer loop
      vertex 36.5039 14.1667 15
      vertex 36.7651 14.4849 0
      vertex 36.7651 14.4849 15
    endloop
  endfacet
  facet normal 0.77301 -0.634393 0
    outer loop
      vertex 36.5039 14.1667 15
      vertex 36.5039 14.1667 0
      vertex 36.7651 14.4849 0
    endloop
  endfacet
  facet normal 0.95694 -0.290285 0
    outer loop
      vertex 36.1904 13.4097 15
      vertex 36.3099 13.8036 0
      vertex 36.3099 13.8036 15
    endloop
  endfacet
  facet normal 0.95694 -0.290285 0
    outer loop
      vertex 36.1904 13.4097 15
      vertex 36.1904 13.4097 0
      vertex 36.3099 13.8036 0
    endloop
  endfacet
  facet normal 0.290285 0.95694 -0
    outer loop
      vertex 37.8403 10.9404 0
      vertex 37.4464 11.0599 15
      vertex 37.8403 10.9404 15
    endloop
  endfacet
  facet normal 0.290285 0.95694 0
    outer loop
      vertex 37.8403 10.9404 0
      vertex 37.4464 11.0599 0
      vertex 37.4464 11.0599 15
    endloop
  endfacet
  facet normal 0.471397 0.881921 -0
    outer loop
      vertex 37.4464 11.0599 0
      vertex 37.0833 11.2539 15
      vertex 37.4464 11.0599 15
    endloop
  endfacet
  facet normal 0.471397 0.881921 0
    outer loop
      vertex 37.4464 11.0599 0
      vertex 37.0833 11.2539 0
      vertex 37.0833 11.2539 15
    endloop
  endfacet
  facet normal -0.881921 -0.471397 0
    outer loop
      vertex 39.9961 14.1667 0
      vertex 40.1901 13.8036 0
      vertex 40.1901 13.8036 15
    endloop
  endfacet
  facet normal -0.881921 -0.471397 -0
    outer loop
      vertex 39.9961 14.1667 15
      vertex 39.9961 14.1667 0
      vertex 40.1901 13.8036 15
    endloop
  endfacet
  facet normal -0.77301 -0.634393 0
    outer loop
      vertex 39.7349 14.4849 0
      vertex 39.9961 14.1667 0
      vertex 39.9961 14.1667 15
    endloop
  endfacet
  facet normal -0.77301 -0.634393 -0
    outer loop
      vertex 39.7349 14.4849 15
      vertex 39.7349 14.4849 0
      vertex 39.9961 14.1667 15
    endloop
  endfacet
  facet normal -0.95694 -0.290285 0
    outer loop
      vertex 40.1901 13.8036 0
      vertex 40.3096 13.4097 0
      vertex 40.3096 13.4097 15
    endloop
  endfacet
  facet normal -0.95694 -0.290285 -0
    outer loop
      vertex 40.1901 13.8036 15
      vertex 40.1901 13.8036 0
      vertex 40.3096 13.4097 15
    endloop
  endfacet
  facet normal -0.995185 -0.0980171 0
    outer loop
      vertex 40.3096 13.4097 0
      vertex 40.35 13 0
      vertex 40.35 13 15
    endloop
  endfacet
  facet normal -0.995185 -0.0980171 -0
    outer loop
      vertex 40.3096 13.4097 15
      vertex 40.3096 13.4097 0
      vertex 40.35 13 15
    endloop
  endfacet
  facet normal -0.881921 0.471397 0
    outer loop
      vertex 40.1901 12.1964 0
      vertex 39.9961 11.8333 15
      vertex 40.1901 12.1964 15
    endloop
  endfacet
  facet normal -0.881921 0.471397 0
    outer loop
      vertex 40.1901 12.1964 0
      vertex 39.9961 11.8333 0
      vertex 39.9961 11.8333 15
    endloop
  endfacet
  facet normal -0.77301 0.634393 0
    outer loop
      vertex 39.9961 11.8333 0
      vertex 39.7349 11.5151 15
      vertex 39.9961 11.8333 15
    endloop
  endfacet
  facet normal -0.77301 0.634393 0
    outer loop
      vertex 39.9961 11.8333 0
      vertex 39.7349 11.5151 0
      vertex 39.7349 11.5151 15
    endloop
  endfacet
  facet normal -0.995185 0.0980171 0
    outer loop
      vertex 40.35 13 0
      vertex 40.3096 12.5903 15
      vertex 40.35 13 15
    endloop
  endfacet
  facet normal -0.995185 0.0980171 0
    outer loop
      vertex 40.35 13 0
      vertex 40.3096 12.5903 0
      vertex 40.3096 12.5903 15
    endloop
  endfacet
  facet normal -0.290285 -0.95694 0
    outer loop
      vertex 38.6597 15.0596 15
      vertex 39.0536 14.9401 0
      vertex 39.0536 14.9401 15
    endloop
  endfacet
  facet normal -0.290285 -0.95694 -0
    outer loop
      vertex 38.6597 15.0596 15
      vertex 38.6597 15.0596 0
      vertex 39.0536 14.9401 0
    endloop
  endfacet
  facet normal 0.0980171 0.995185 -0
    outer loop
      vertex 38.25 10.9 0
      vertex 37.8403 10.9404 15
      vertex 38.25 10.9 15
    endloop
  endfacet
  facet normal 0.0980171 0.995185 0
    outer loop
      vertex 38.25 10.9 0
      vertex 37.8403 10.9404 0
      vertex 37.8403 10.9404 15
    endloop
  endfacet
  facet normal -0.0980171 -0.995185 0
    outer loop
      vertex 38.25 15.1 15
      vertex 38.6597 15.0596 0
      vertex 38.6597 15.0596 15
    endloop
  endfacet
  facet normal -0.0980171 -0.995185 -0
    outer loop
      vertex 38.25 15.1 15
      vertex 38.25 15.1 0
      vertex 38.6597 15.0596 0
    endloop
  endfacet
  facet normal -1 0 0
    outer loop
      vertex 2 -18 15
      vertex 2 18 0
      vertex 2 -18 0
    endloop
  endfacet
  facet normal -1 0 0
    outer loop
      vertex 2 -18 15
      vertex 2 18 15
      vertex 2 18 0
    endloop
  endfacet
  facet normal 0 -1 0
    outer loop
      vertex 44 -18 0
      vertex 44 -18 15
      vertex 29.1734 -18 11.7002
    endloop
  endfacet
  facet normal -0 -1 0
    outer loop
      vertex 44 -18 15
      vertex 30 -18 15
      vertex 29.9916 -18 14.6565
    endloop
  endfacet
  facet normal 0 -1 0
    outer loop
      vertex 44 -18 15
      vertex 29.9916 -18 14.6565
      vertex 29.9663 -18 14.3139
    endloop
  endfacet
  facet normal 0 -1 0
    outer loop
      vertex 44 -18 15
      vertex 29.9663 -18 14.3139
      vertex 29.9242 -18 13.9729
    endloop
  endfacet
  facet normal 0 -1 0
    outer loop
      vertex 44 -18 15
      vertex 29.9242 -18 13.9729
      vertex 29.8655 -18 13.6344
    endloop
  endfacet
  facet normal 0 -1 0
    outer loop
      vertex 44 -18 15
      vertex 29.8655 -18 13.6344
      vertex 29.7902 -18 13.2991
    endloop
  endfacet
  facet normal 0 -1 0
    outer loop
      vertex 44 -18 15
      vertex 29.7902 -18 13.2991
      vertex 29.6986 -18 12.968
    endloop
  endfacet
  facet normal 0 -1 0
    outer loop
      vertex 44 -18 15
      vertex 29.6986 -18 12.968
      vertex 29.5908 -18 12.6418
    endloop
  endfacet
  facet normal 0 -1 0
    outer loop
      vertex 44 -18 15
      vertex 29.5908 -18 12.6418
      vertex 29.4672 -18 12.3212
    endloop
  endfacet
  facet normal 0 -1 0
    outer loop
      vertex 44 -18 15
      vertex 29.4672 -18 12.3212
      vertex 29.3279 -18 12.0071
    endloop
  endfacet
  facet normal 0 -1 0
    outer loop
      vertex 44 -18 15
      vertex 29.3279 -18 12.0071
      vertex 29.1734 -18 11.7002
    endloop
  endfacet
  facet normal 0 -1 0
    outer loop
      vertex 44 -18 0
      vertex 29.1734 -18 11.7002
      vertex 29.0041 -18 11.4013
    endloop
  endfacet
  facet normal 0 -1 0
    outer loop
      vertex 44 -18 0
      vertex 29.0041 -18 11.4013
      vertex 28.8203 -18 11.111
    endloop
  endfacet
  facet normal 0 -1 0
    outer loop
      vertex 44 -18 0
      vertex 28.8203 -18 11.111
      vertex 28.6225 -18 10.8301
    endloop
  endfacet
  facet normal 0 -1 0
    outer loop
      vertex 44 -18 0
      vertex 28.6225 -18 10.8301
      vertex 28.4111 -18 10.5592
    endloop
  endfacet
  facet normal 0 -1 0
    outer loop
      vertex 44 -18 0
      vertex 28.4111 -18 10.5592
      vertex 28.1867 -18 10.2991
    endloop
  endfacet
  facet normal 0 -1 0
    outer loop
      vertex 44 -18 0
      vertex 28.1867 -18 10.2991
      vertex 27.9497 -18 10.0503
    endloop
  endfacet
  facet normal 0 -1 0
    outer loop
      vertex 44 -18 0
      vertex 27.9497 -18 10.0503
      vertex 27.7009 -18 9.81334
    endloop
  endfacet
  facet normal 0 -1 0
    outer loop
      vertex 44 -18 0
      vertex 27.7009 -18 9.81334
      vertex 27.4408 -18 9.58893
    endloop
  endfacet
  facet normal 0 -1 0
    outer loop
      vertex 44 -18 0
      vertex 27.4408 -18 9.58893
      vertex 27.177 -18 9.38311
    endloop
  endfacet
  facet normal 0 -1 0
    outer loop
      vertex 44 -18 0
      vertex 27.177 -18 9.38311
      vertex 27.1699 -18 9.37755
    endloop
  endfacet
  facet normal 0 -1 0
    outer loop
      vertex 44 -18 0
      vertex 27.1699 -18 9.37755
      vertex 26.889 -18 9.17971
    endloop
  endfacet
  facet normal 0 -1 0
    outer loop
      vertex 44 -18 0
      vertex 26.889 -18 9.17971
      vertex 26.5987 -18 8.9959
    endloop
  endfacet
  facet normal 0 -1 0
    outer loop
      vertex 44 -18 0
      vertex 26.5987 -18 8.9959
      vertex 26.2998 -18 8.82655
    endloop
  endfacet
  facet normal 0 -1 0
    outer loop
      vertex 44 -18 0
      vertex 26.2998 -18 8.82655
      vertex 25.9929 -18 8.67207
    endloop
  endfacet
  facet normal 0 -1 0
    outer loop
      vertex 44 -18 0
      vertex 25.9929 -18 8.67207
      vertex 25.6788 -18 8.53284
    endloop
  endfacet
  facet normal 0 -1 0
    outer loop
      vertex 44 -18 0
      vertex 25.6788 -18 8.53284
      vertex 25.3582 -18 8.40919
    endloop
  endfacet
  facet normal 0 -1 0
    outer loop
      vertex 44 -18 0
      vertex 23 -18 8
      vertex 2 -18 0
    endloop
  endfacet
  facet normal 0 -1 -0
    outer loop
      vertex 25.3582 -18 8.40919
      vertex 25.032 -18 8.30142
      vertex 44 -18 0
    endloop
  endfacet
  facet normal 0 -1 -0
    outer loop
      vertex 25.032 -18 8.30142
      vertex 24.7009 -18 8.20978
      vertex 44 -18 0
    endloop
  endfacet
  facet normal 0 -1 -0
    outer loop
      vertex 24.7009 -18 8.20978
      vertex 24.3656 -18 8.1345
      vertex 44 -18 0
    endloop
  endfacet
  facet normal 0 -1 -0
    outer loop
      vertex 24.3656 -18 8.1345
      vertex 24.0271 -18 8.07576
      vertex 44 -18 0
    endloop
  endfacet
  facet normal 0 -1 -0
    outer loop
      vertex 24.0271 -18 8.07576
      vertex 23.6861 -18 8.03371
      vertex 44 -18 0
    endloop
  endfacet
  facet normal 0 -1 -0
    outer loop
      vertex 23.6861 -18 8.03371
      vertex 23.3435 -18 8.00843
      vertex 44 -18 0
    endloop
  endfacet
  facet normal 0 -1 -0
    outer loop
      vertex 23.3435 -18 8.00843
      vertex 23 -18 8
      vertex 44 -18 0
    endloop
  endfacet
  facet normal -0 -1 0
    outer loop
      vertex 23 -18 8
      vertex 22.6565 -18 8.00843
      vertex 2 -18 0
    endloop
  endfacet
  facet normal -0 -1 0
    outer loop
      vertex 22.6565 -18 8.00843
      vertex 22.3139 -18 8.03371
      vertex 2 -18 0
    endloop
  endfacet
  facet normal -0 -1 0
    outer loop
      vertex 22.3139 -18 8.03371
      vertex 21.9729 -18 8.07576
      vertex 2 -18 0
    endloop
  endfacet
  facet normal -0 -1 0
    outer loop
      vertex 21.9729 -18 8.07576
      vertex 21.6344 -18 8.1345
      vertex 2 -18 0
    endloop
  endfacet
  facet normal -0 -1 0
    outer loop
      vertex 21.6344 -18 8.1345
      vertex 21.2991 -18 8.20978
      vertex 2 -18 0
    endloop
  endfacet
  facet normal -0 -1 0
    outer loop
      vertex 21.2991 -18 8.20978
      vertex 20.968 -18 8.30142
      vertex 2 -18 0
    endloop
  endfacet
  facet normal -0 -1 0
    outer loop
      vertex 20.968 -18 8.30142
      vertex 20.6418 -18 8.40919
      vertex 2 -18 0
    endloop
  endfacet
  facet normal -0 -1 0
    outer loop
      vertex 16.8266 -18 11.7002
      vertex 2 -18 15
      vertex 2 -18 0
    endloop
  endfacet
  facet normal 0 -1 -0
    outer loop
      vertex 20.3212 -18 8.53284
      vertex 2 -18 0
      vertex 20.6418 -18 8.40919
    endloop
  endfacet
  facet normal 0 -1 -0
    outer loop
      vertex 20.0071 -18 8.67207
      vertex 2 -18 0
      vertex 20.3212 -18 8.53284
    endloop
  endfacet
  facet normal 0 -1 -0
    outer loop
      vertex 19.7002 -18 8.82655
      vertex 2 -18 0
      vertex 20.0071 -18 8.67207
    endloop
  endfacet
  facet normal 0 -1 -0
    outer loop
      vertex 19.4013 -18 8.9959
      vertex 2 -18 0
      vertex 19.7002 -18 8.82655
    endloop
  endfacet
  facet normal 0 -1 -0
    outer loop
      vertex 19.111 -18 9.17971
      vertex 2 -18 0
      vertex 19.4013 -18 8.9959
    endloop
  endfacet
  facet normal 0 -1 -0
    outer loop
      vertex 18.8301 -18 9.37755
      vertex 2 -18 0
      vertex 19.111 -18 9.17971
    endloop
  endfacet
  facet normal 0 -1 -0
    outer loop
      vertex 18.823 -18 9.38311
      vertex 2 -18 0
      vertex 18.8301 -18 9.37755
    endloop
  endfacet
  facet normal 0 -1 -0
    outer loop
      vertex 18.5592 -18 9.58893
      vertex 2 -18 0
      vertex 18.823 -18 9.38311
    endloop
  endfacet
  facet normal 0 -1 -0
    outer loop
      vertex 18.2991 -18 9.81334
      vertex 2 -18 0
      vertex 18.5592 -18 9.58893
    endloop
  endfacet
  facet normal 0 -1 -0
    outer loop
      vertex 18.0503 -18 10.0503
      vertex 2 -18 0
      vertex 18.2991 -18 9.81334
    endloop
  endfacet
  facet normal 0 -1 -0
    outer loop
      vertex 17.8133 -18 10.2991
      vertex 2 -18 0
      vertex 18.0503 -18 10.0503
    endloop
  endfacet
  facet normal 0 -1 -0
    outer loop
      vertex 17.5889 -18 10.5592
      vertex 2 -18 0
      vertex 17.8133 -18 10.2991
    endloop
  endfacet
  facet normal 0 -1 -0
    outer loop
      vertex 17.3775 -18 10.8301
      vertex 2 -18 0
      vertex 17.5889 -18 10.5592
    endloop
  endfacet
  facet normal 0 -1 -0
    outer loop
      vertex 17.1797 -18 11.111
      vertex 2 -18 0
      vertex 17.3775 -18 10.8301
    endloop
  endfacet
  facet normal 0 -1 -0
    outer loop
      vertex 17.0007 -18 11.3936
      vertex 2 -18 0
      vertex 17.1797 -18 11.111
    endloop
  endfacet
  facet normal 0 -1 -0
    outer loop
      vertex 16.9959 -18 11.4013
      vertex 2 -18 0
      vertex 17.0007 -18 11.3936
    endloop
  endfacet
  facet normal 0 -1 -0
    outer loop
      vertex 16.9914 -18 11.4091
      vertex 2 -18 0
      vertex 16.9959 -18 11.4013
    endloop
  endfacet
  facet normal 0 -1 -0
    outer loop
      vertex 16.8266 -18 11.7002
      vertex 2 -18 0
      vertex 16.9914 -18 11.4091
    endloop
  endfacet
  facet normal -0 -1 -0
    outer loop
      vertex 16.6721 -18 12.0071
      vertex 2 -18 15
      vertex 16.8266 -18 11.7002
    endloop
  endfacet
  facet normal -0 -1 -0
    outer loop
      vertex 16.5328 -18 12.3212
      vertex 2 -18 15
      vertex 16.6721 -18 12.0071
    endloop
  endfacet
  facet normal -0 -1 -0
    outer loop
      vertex 16.4092 -18 12.6418
      vertex 2 -18 15
      vertex 16.5328 -18 12.3212
    endloop
  endfacet
  facet normal -0 -1 -0
    outer loop
      vertex 16.3014 -18 12.968
      vertex 2 -18 15
      vertex 16.4092 -18 12.6418
    endloop
  endfacet
  facet normal -0 -1 -0
    outer loop
      vertex 16.2098 -18 13.2991
      vertex 2 -18 15
      vertex 16.3014 -18 12.968
    endloop
  endfacet
  facet normal -0 -1 -0
    outer loop
      vertex 16.1345 -18 13.6344
      vertex 2 -18 15
      vertex 16.2098 -18 13.2991
    endloop
  endfacet
  facet normal -0 -1 -0
    outer loop
      vertex 16.0758 -18 13.9729
      vertex 2 -18 15
      vertex 16.1345 -18 13.6344
    endloop
  endfacet
  facet normal -0 -1 -0
    outer loop
      vertex 16.0337 -18 14.3139
      vertex 2 -18 15
      vertex 16.0758 -18 13.9729
    endloop
  endfacet
  facet normal -0 -1 -0
    outer loop
      vertex 16.0084 -18 14.6565
      vertex 2 -18 15
      vertex 16.0337 -18 14.3139
    endloop
  endfacet
  facet normal -0 -1 -0
    outer loop
      vertex 16 -18 15
      vertex 2 -18 15
      vertex 16.0084 -18 14.6565
    endloop
  endfacet
  facet normal 0 -0 -1
    outer loop
      vertex 5.65 -13 0
      vertex 5.69035 -13.4097 0
      vertex 2 -18 0
    endloop
  endfacet
  facet normal 0 -0 -1
    outer loop
      vertex 5.69035 -13.4097 0
      vertex 5.80985 -13.8036 0
      vertex 2 -18 0
    endloop
  endfacet
  facet normal 0 -0 -1
    outer loop
      vertex 5.80985 -13.8036 0
      vertex 6.00391 -14.1667 0
      vertex 2 -18 0
    endloop
  endfacet
  facet normal 0 -0 -1
    outer loop
      vertex 6.00391 -14.1667 0
      vertex 6.26508 -14.4849 0
      vertex 2 -18 0
    endloop
  endfacet
  facet normal 0 -0 -1
    outer loop
      vertex 6.26508 -14.4849 0
      vertex 6.5833 -14.7461 0
      vertex 2 -18 0
    endloop
  endfacet
  facet normal 0 -0 -1
    outer loop
      vertex 6.5833 -14.7461 0
      vertex 6.94636 -14.9401 0
      vertex 2 -18 0
    endloop
  endfacet
  facet normal 0 -0 -1
    outer loop
      vertex 6.94636 -14.9401 0
      vertex 7.34031 -15.0596 0
      vertex 2 -18 0
    endloop
  endfacet
  facet normal 0 -0 -1
    outer loop
      vertex 7.34031 -15.0596 0
      vertex 7.75 -15.1 0
      vertex 2 -18 0
    endloop
  endfacet
  facet normal 0 -0 -1
    outer loop
      vertex 37.4464 -14.9401 0
      vertex 44 -18 0
      vertex 2 -18 0
    endloop
  endfacet
  facet normal 0 0 -1
    outer loop
      vertex 8.15969 -15.0596 0
      vertex 2 -18 0
      vertex 7.75 -15.1 0
    endloop
  endfacet
  facet normal 0 0 -1
    outer loop
      vertex 8.55364 -14.9401 0
      vertex 2 -18 0
      vertex 8.15969 -15.0596 0
    endloop
  endfacet
  facet normal 0 0 -1
    outer loop
      vertex 8.9167 -14.7461 0
      vertex 9.23492 -14.4849 0
      vertex 36.7651 -14.4849 0
    endloop
  endfacet
  facet normal 0 0 -1
    outer loop
      vertex 9.23492 -14.4849 0
      vertex 9.49609 -14.1667 0
      vertex 36.5039 -14.1667 0
    endloop
  endfacet
  facet normal 0 0 -1
    outer loop
      vertex 9.49609 -14.1667 0
      vertex 9.69015 -13.8036 0
      vertex 36.3099 -13.8036 0
    endloop
  endfacet
  facet normal 0 0 -1
    outer loop
      vertex 9.69015 -13.8036 0
      vertex 9.80965 -13.4097 0
      vertex 36.1904 -13.4097 0
    endloop
  endfacet
  facet normal 0 0 -1
    outer loop
      vertex 9.80965 -13.4097 0
      vertex 9.85 -13 0
      vertex 36.1904 -13.4097 0
    endloop
  endfacet
  facet normal 0 0 -1
    outer loop
      vertex 2 18 0
      vertex 5.69035 12.5903 0
      vertex 5.80985 12.1964 0
    endloop
  endfacet
  facet normal 0 0 -1
    outer loop
      vertex 36.1904 -12.5903 0
      vertex 36.15 -13 0
      vertex 9.85 -13 0
    endloop
  endfacet
  facet normal 0 0 -1
    outer loop
      vertex 6.5833 -11.2539 0
      vertex 6.26508 11.5151 0
      vertex 6.5833 11.2539 0
    endloop
  endfacet
  facet normal 0 0 -1
    outer loop
      vertex 8.9167 -11.2539 0
      vertex 8.9167 11.2539 0
      vertex 9.23492 -11.5151 0
    endloop
  endfacet
  facet normal 0 0 -1
    outer loop
      vertex 8.55364 -11.0599 0
      vertex 8.55364 11.0599 0
      vertex 8.9167 -11.2539 0
    endloop
  endfacet
  facet normal 0 0 -1
    outer loop
      vertex 8.15969 -10.9404 0
      vertex 7.75 -10.9 0
      vertex 7.75 10.9 0
    endloop
  endfacet
  facet normal -0 0 -1
    outer loop
      vertex 7.75 -10.9 0
      vertex 7.34031 -10.9404 0
      vertex 7.75 10.9 0
    endloop
  endfacet
  facet normal -0 0 -1
    outer loop
      vertex 7.34031 -10.9404 0
      vertex 6.94636 -11.0599 0
      vertex 6.94636 11.0599 0
    endloop
  endfacet
  facet normal -0 0 -1
    outer loop
      vertex 6.94636 -11.0599 0
      vertex 6.5833 -11.2539 0
      vertex 6.5833 11.2539 0
    endloop
  endfacet
  facet normal -0 0 -1
    outer loop
      vertex 6.5833 -11.2539 0
      vertex 6.26508 -11.5151 0
      vertex 6.26508 11.5151 0
    endloop
  endfacet
  facet normal -0 0 -1
    outer loop
      vertex 5.65 -13 0
      vertex 2 -18 0
      vertex 5.69035 -12.5903 0
    endloop
  endfacet
  facet normal -0 0 -1
    outer loop
      vertex 6.26508 -11.5151 0
      vertex 6.00391 -11.8333 0
      vertex 6.00391 11.8333 0
    endloop
  endfacet
  facet normal -0 0 -1
    outer loop
      vertex 5.80985 -12.1964 0
      vertex 2 -18 0
      vertex 2 18 0
    endloop
  endfacet
  facet normal 0 0 -1
    outer loop
      vertex 5.80985 -12.1964 0
      vertex 5.80985 12.1964 0
      vertex 6.00391 -11.8333 0
    endloop
  endfacet
  facet normal -0 0 -1
    outer loop
      vertex 5.69035 -12.5903 0
      vertex 2 -18 0
      vertex 5.80985 -12.1964 0
    endloop
  endfacet
  facet normal -0 -0 -1
    outer loop
      vertex 5.80985 12.1964 0
      vertex 5.80985 -12.1964 0
      vertex 2 18 0
    endloop
  endfacet
  facet normal 0 0 -1
    outer loop
      vertex 8.15969 -10.9404 0
      vertex 8.15969 10.9404 0
      vertex 8.55364 -11.0599 0
    endloop
  endfacet
  facet normal 0 0 -1
    outer loop
      vertex 5.69035 12.5903 0
      vertex 2 18 0
      vertex 5.65 13 0
    endloop
  endfacet
  facet normal 0 0 -1
    outer loop
      vertex 6.00391 -11.8333 0
      vertex 5.80985 12.1964 0
      vertex 6.00391 11.8333 0
    endloop
  endfacet
  facet normal 0 0 -1
    outer loop
      vertex 6.26508 -11.5151 0
      vertex 6.00391 11.8333 0
      vertex 6.26508 11.5151 0
    endloop
  endfacet
  facet normal 0 0 -1
    outer loop
      vertex 6.94636 -11.0599 0
      vertex 6.5833 11.2539 0
      vertex 6.94636 11.0599 0
    endloop
  endfacet
  facet normal 0 0 -1
    outer loop
      vertex 7.34031 -10.9404 0
      vertex 6.94636 11.0599 0
      vertex 7.34031 10.9404 0
    endloop
  endfacet
  facet normal 0 0 -1
    outer loop
      vertex 7.34031 -10.9404 0
      vertex 7.34031 10.9404 0
      vertex 7.75 10.9 0
    endloop
  endfacet
  facet normal 0 0 -1
    outer loop
      vertex 8.15969 -10.9404 0
      vertex 7.75 10.9 0
      vertex 8.15969 10.9404 0
    endloop
  endfacet
  facet normal 0 0 -1
    outer loop
      vertex 9.23492 11.5151 0
      vertex 36.7651 -11.5151 0
      vertex 9.23492 -11.5151 0
    endloop
  endfacet
  facet normal 0 0 -1
    outer loop
      vertex 8.15969 10.9404 0
      vertex 8.55364 11.0599 0
      vertex 8.55364 -11.0599 0
    endloop
  endfacet
  facet normal 0 0 -1
    outer loop
      vertex 8.55364 11.0599 0
      vertex 8.9167 11.2539 0
      vertex 8.9167 -11.2539 0
    endloop
  endfacet
  facet normal 0 0 -1
    outer loop
      vertex 8.9167 11.2539 0
      vertex 9.23492 11.5151 0
      vertex 9.23492 -11.5151 0
    endloop
  endfacet
  facet normal 0 0 -1
    outer loop
      vertex 36.5039 -11.8333 0
      vertex 9.49609 -11.8333 0
      vertex 9.23492 -11.5151 0
    endloop
  endfacet
  facet normal 0 0 -1
    outer loop
      vertex 39.0536 -11.0599 0
      vertex 39.0536 11.0599 0
      vertex 39.4167 -11.2539 0
    endloop
  endfacet
  facet normal 0 0 -1
    outer loop
      vertex 9.69015 12.1964 0
      vertex 9.80965 12.5903 0
      vertex 36.1904 12.5903 0
    endloop
  endfacet
  facet normal 0 0 -1
    outer loop
      vertex 9.80965 12.5903 0
      vertex 9.85 13 0
      vertex 36.1904 12.5903 0
    endloop
  endfacet
  facet normal 0 0 -1
    outer loop
      vertex 9.85 13 0
      vertex 36.1904 13.4097 0
      vertex 36.15 13 0
    endloop
  endfacet
  facet normal 0 0 -1
    outer loop
      vertex 9.49609 14.1667 0
      vertex 36.5039 14.1667 0
      vertex 36.3099 13.8036 0
    endloop
  endfacet
  facet normal 0 0 -1
    outer loop
      vertex 8.9167 14.7461 0
      vertex 37.0833 14.7461 0
      vertex 36.7651 14.4849 0
    endloop
  endfacet
  facet normal 0 0 -1
    outer loop
      vertex 44 18 0
      vertex 37.8403 15.0596 0
      vertex 37.4464 14.9401 0
    endloop
  endfacet
  facet normal 0 0 -1
    outer loop
      vertex 5.65 13 0
      vertex 2 18 0
      vertex 5.69035 13.4097 0
    endloop
  endfacet
  facet normal 0 0 -1
    outer loop
      vertex 8.55364 14.9401 0
      vertex 2 18 0
      vertex 37.4464 14.9401 0
    endloop
  endfacet
  facet normal 0 0 -1
    outer loop
      vertex 8.15969 15.0596 0
      vertex 2 18 0
      vertex 8.55364 14.9401 0
    endloop
  endfacet
  facet normal 0 0 -1
    outer loop
      vertex 7.75 15.1 0
      vertex 2 18 0
      vertex 8.15969 15.0596 0
    endloop
  endfacet
  facet normal 0 0 -1
    outer loop
      vertex 7.34031 15.0596 0
      vertex 2 18 0
      vertex 7.75 15.1 0
    endloop
  endfacet
  facet normal 0 0 -1
    outer loop
      vertex 6.94636 14.9401 0
      vertex 2 18 0
      vertex 7.34031 15.0596 0
    endloop
  endfacet
  facet normal 0 0 -1
    outer loop
      vertex 6.5833 14.7461 0
      vertex 2 18 0
      vertex 6.94636 14.9401 0
    endloop
  endfacet
  facet normal 0 0 -1
    outer loop
      vertex 6.26508 14.4849 0
      vertex 2 18 0
      vertex 6.5833 14.7461 0
    endloop
  endfacet
  facet normal 0 0 -1
    outer loop
      vertex 6.00391 14.1667 0
      vertex 2 18 0
      vertex 6.26508 14.4849 0
    endloop
  endfacet
  facet normal 0 0 -1
    outer loop
      vertex 5.80985 13.8036 0
      vertex 2 18 0
      vertex 6.00391 14.1667 0
    endloop
  endfacet
  facet normal 0 0 -1
    outer loop
      vertex 5.69035 13.4097 0
      vertex 2 18 0
      vertex 5.80985 13.8036 0
    endloop
  endfacet
  facet normal -0 -0 -1
    outer loop
      vertex 36.15 -13 0
      vertex 36.1904 -13.4097 0
      vertex 9.85 -13 0
    endloop
  endfacet
  facet normal 0 -0 -1
    outer loop
      vertex 36.1904 -13.4097 0
      vertex 36.3099 -13.8036 0
      vertex 9.69015 -13.8036 0
    endloop
  endfacet
  facet normal -0 0 -1
    outer loop
      vertex 37.0833 -14.7461 0
      vertex 8.55364 -14.9401 0
      vertex 8.9167 -14.7461 0
    endloop
  endfacet
  facet normal 0 -0 -1
    outer loop
      vertex 36.3099 -13.8036 0
      vertex 36.5039 -14.1667 0
      vertex 9.49609 -14.1667 0
    endloop
  endfacet
  facet normal 0 -0 -1
    outer loop
      vertex 36.5039 -14.1667 0
      vertex 36.7651 -14.4849 0
      vertex 9.23492 -14.4849 0
    endloop
  endfacet
  facet normal 0 -0 -1
    outer loop
      vertex 36.7651 -14.4849 0
      vertex 37.0833 -14.7461 0
      vertex 8.9167 -14.7461 0
    endloop
  endfacet
  facet normal 0 -0 -1
    outer loop
      vertex 44 18 0
      vertex 44 -18 0
      vertex 40.1901 12.1964 0
    endloop
  endfacet
  facet normal 0 -0 -1
    outer loop
      vertex 37.0833 -14.7461 0
      vertex 37.4464 -14.9401 0
      vertex 8.55364 -14.9401 0
    endloop
  endfacet
  facet normal -0 0 -1
    outer loop
      vertex 37.4464 -14.9401 0
      vertex 2 -18 0
      vertex 8.55364 -14.9401 0
    endloop
  endfacet
  facet normal -0 -0 -1
    outer loop
      vertex 37.8403 -15.0596 0
      vertex 44 -18 0
      vertex 37.4464 -14.9401 0
    endloop
  endfacet
  facet normal -0 -0 -1
    outer loop
      vertex 38.25 -15.1 0
      vertex 44 -18 0
      vertex 37.8403 -15.0596 0
    endloop
  endfacet
  facet normal 0 -0 -1
    outer loop
      vertex 38.6597 -15.0596 0
      vertex 44 -18 0
      vertex 38.25 -15.1 0
    endloop
  endfacet
  facet normal 0 -0 -1
    outer loop
      vertex 39.0536 -14.9401 0
      vertex 44 -18 0
      vertex 38.6597 -15.0596 0
    endloop
  endfacet
  facet normal 0 -0 -1
    outer loop
      vertex 39.4167 -14.7461 0
      vertex 44 -18 0
      vertex 39.0536 -14.9401 0
    endloop
  endfacet
  facet normal 0 -0 -1
    outer loop
      vertex 39.7349 -14.4849 0
      vertex 44 -18 0
      vertex 39.4167 -14.7461 0
    endloop
  endfacet
  facet normal 0 -0 -1
    outer loop
      vertex 39.9961 -14.1667 0
      vertex 44 -18 0
      vertex 39.7349 -14.4849 0
    endloop
  endfacet
  facet normal 0 -0 -1
    outer loop
      vertex 40.1901 -13.8036 0
      vertex 44 -18 0
      vertex 39.9961 -14.1667 0
    endloop
  endfacet
  facet normal 0 0 -1
    outer loop
      vertex 44 -18 0
      vertex 40.3096 -13.4097 0
      vertex 40.35 -13 0
    endloop
  endfacet
  facet normal 0 -0 -1
    outer loop
      vertex 40.3096 -13.4097 0
      vertex 44 -18 0
      vertex 40.1901 -13.8036 0
    endloop
  endfacet
  facet normal 0 0 -1
    outer loop
      vertex 44 -18 0
      vertex 40.35 -13 0
      vertex 40.3096 -12.5903 0
    endloop
  endfacet
  facet normal 0 0 -1
    outer loop
      vertex 44 -18 0
      vertex 40.3096 -12.5903 0
      vertex 40.1901 -12.1964 0
    endloop
  endfacet
  facet normal 0 0 -1
    outer loop
      vertex 44 -18 0
      vertex 40.1901 -12.1964 0
      vertex 40.1901 12.1964 0
    endloop
  endfacet
  facet normal 0 0 -1
    outer loop
      vertex 40.1901 -12.1964 0
      vertex 39.9961 -11.8333 0
      vertex 39.9961 11.8333 0
    endloop
  endfacet
  facet normal 0 0 -1
    outer loop
      vertex 39.9961 -11.8333 0
      vertex 39.7349 -11.5151 0
      vertex 39.7349 11.5151 0
    endloop
  endfacet
  facet normal -0 0 -1
    outer loop
      vertex 37.8403 -10.9404 0
      vertex 37.4464 -11.0599 0
      vertex 37.4464 11.0599 0
    endloop
  endfacet
  facet normal 0 0 -1
    outer loop
      vertex 9.23492 11.5151 0
      vertex 9.49609 11.8333 0
      vertex 36.5039 11.8333 0
    endloop
  endfacet
  facet normal 0 0 -1
    outer loop
      vertex 38.6597 -10.9404 0
      vertex 38.25 -10.9 0
      vertex 38.25 10.9 0
    endloop
  endfacet
  facet normal -0 -0 -1
    outer loop
      vertex 36.7651 11.5151 0
      vertex 36.7651 -11.5151 0
      vertex 9.23492 11.5151 0
    endloop
  endfacet
  facet normal 0 0 -1
    outer loop
      vertex 37.8403 -10.9404 0
      vertex 38.25 10.9 0
      vertex 38.25 -10.9 0
    endloop
  endfacet
  facet normal -0 0 -1
    outer loop
      vertex 37.4464 -11.0599 0
      vertex 37.0833 -11.2539 0
      vertex 37.0833 11.2539 0
    endloop
  endfacet
  facet normal 0 0 -1
    outer loop
      vertex 36.3099 -12.1964 0
      vertex 9.69015 -12.1964 0
      vertex 9.49609 -11.8333 0
    endloop
  endfacet
  facet normal -0 0 -1
    outer loop
      vertex 37.0833 -11.2539 0
      vertex 36.7651 -11.5151 0
      vertex 36.7651 11.5151 0
    endloop
  endfacet
  facet normal -0 0 -1
    outer loop
      vertex 36.7651 -11.5151 0
      vertex 36.5039 -11.8333 0
      vertex 9.23492 -11.5151 0
    endloop
  endfacet
  facet normal -0 0 -1
    outer loop
      vertex 36.1904 -12.5903 0
      vertex 9.80965 -12.5903 0
      vertex 9.69015 -12.1964 0
    endloop
  endfacet
  facet normal -0 0 -1
    outer loop
      vertex 36.5039 -11.8333 0
      vertex 36.3099 -12.1964 0
      vertex 9.49609 -11.8333 0
    endloop
  endfacet
  facet normal -0 0 -1
    outer loop
      vertex 36.3099 -12.1964 0
      vertex 36.1904 -12.5903 0
      vertex 9.69015 -12.1964 0
    endloop
  endfacet
  facet normal 0 0 -1
    outer loop
      vertex 36.1904 -12.5903 0
      vertex 9.85 -13 0
      vertex 9.80965 -12.5903 0
    endloop
  endfacet
  facet normal -0 0 -1
    outer loop
      vertex 36.3099 12.1964 0
      vertex 9.49609 11.8333 0
      vertex 9.69015 12.1964 0
    endloop
  endfacet
  facet normal 0 0 -1
    outer loop
      vertex 38.6597 -10.9404 0
      vertex 38.6597 10.9404 0
      vertex 39.0536 -11.0599 0
    endloop
  endfacet
  facet normal 0 0 -1
    outer loop
      vertex 36.1904 12.5903 0
      vertex 9.85 13 0
      vertex 36.15 13 0
    endloop
  endfacet
  facet normal 0 -0 -1
    outer loop
      vertex 36.1904 12.5903 0
      vertex 36.3099 12.1964 0
      vertex 9.69015 12.1964 0
    endloop
  endfacet
  facet normal 0 -0 -1
    outer loop
      vertex 36.3099 12.1964 0
      vertex 36.5039 11.8333 0
      vertex 9.49609 11.8333 0
    endloop
  endfacet
  facet normal 0 0 -1
    outer loop
      vertex 39.4167 11.2539 0
      vertex 39.7349 -11.5151 0
      vertex 39.4167 -11.2539 0
    endloop
  endfacet
  facet normal 0 0 -1
    outer loop
      vertex 36.7651 11.5151 0
      vertex 9.23492 11.5151 0
      vertex 36.5039 11.8333 0
    endloop
  endfacet
  facet normal -0 -0 -1
    outer loop
      vertex 37.0833 11.2539 0
      vertex 37.0833 -11.2539 0
      vertex 36.7651 11.5151 0
    endloop
  endfacet
  facet normal -0 -0 -1
    outer loop
      vertex 37.4464 11.0599 0
      vertex 37.4464 -11.0599 0
      vertex 37.0833 11.2539 0
    endloop
  endfacet
  facet normal -0 -0 -1
    outer loop
      vertex 37.8403 10.9404 0
      vertex 37.8403 -10.9404 0
      vertex 37.4464 11.0599 0
    endloop
  endfacet
  facet normal -0 0 -1
    outer loop
      vertex 38.25 10.9 0
      vertex 37.8403 -10.9404 0
      vertex 37.8403 10.9404 0
    endloop
  endfacet
  facet normal 0 -0 -1
    outer loop
      vertex 38.6597 10.9404 0
      vertex 38.6597 -10.9404 0
      vertex 38.25 10.9 0
    endloop
  endfacet
  facet normal 0 -0 -1
    outer loop
      vertex 39.0536 11.0599 0
      vertex 39.0536 -11.0599 0
      vertex 38.6597 10.9404 0
    endloop
  endfacet
  facet normal 0 -0 -1
    outer loop
      vertex 39.4167 11.2539 0
      vertex 39.4167 -11.2539 0
      vertex 39.0536 11.0599 0
    endloop
  endfacet
  facet normal 0 -0 -1
    outer loop
      vertex 39.7349 11.5151 0
      vertex 39.7349 -11.5151 0
      vertex 39.4167 11.2539 0
    endloop
  endfacet
  facet normal 0 0 -1
    outer loop
      vertex 40.1901 -12.1964 0
      vertex 39.9961 11.8333 0
      vertex 40.1901 12.1964 0
    endloop
  endfacet
  facet normal 0 -0 -1
    outer loop
      vertex 39.9961 11.8333 0
      vertex 39.9961 -11.8333 0
      vertex 39.7349 11.5151 0
    endloop
  endfacet
  facet normal 0 0 -1
    outer loop
      vertex 44 18 0
      vertex 40.1901 12.1964 0
      vertex 40.3096 12.5903 0
    endloop
  endfacet
  facet normal 0 0 -1
    outer loop
      vertex 44 18 0
      vertex 40.3096 12.5903 0
      vertex 40.35 13 0
    endloop
  endfacet
  facet normal 0 0 -1
    outer loop
      vertex 44 18 0
      vertex 40.35 13 0
      vertex 40.3096 13.4097 0
    endloop
  endfacet
  facet normal 0 0 -1
    outer loop
      vertex 44 18 0
      vertex 40.3096 13.4097 0
      vertex 40.1901 13.8036 0
    endloop
  endfacet
  facet normal 0 0 -1
    outer loop
      vertex 44 18 0
      vertex 40.1901 13.8036 0
      vertex 39.9961 14.1667 0
    endloop
  endfacet
  facet normal 0 0 -1
    outer loop
      vertex 44 18 0
      vertex 39.9961 14.1667 0
      vertex 39.7349 14.4849 0
    endloop
  endfacet
  facet normal 0 0 -1
    outer loop
      vertex 44 18 0
      vertex 39.7349 14.4849 0
      vertex 39.4167 14.7461 0
    endloop
  endfacet
  facet normal 0 0 -1
    outer loop
      vertex 44 18 0
      vertex 39.4167 14.7461 0
      vertex 39.0536 14.9401 0
    endloop
  endfacet
  facet normal 0 0 -1
    outer loop
      vertex 44 18 0
      vertex 39.0536 14.9401 0
      vertex 38.6597 15.0596 0
    endloop
  endfacet
  facet normal 0 0 -1
    outer loop
      vertex 44 18 0
      vertex 38.6597 15.0596 0
      vertex 38.25 15.1 0
    endloop
  endfacet
  facet normal 0 0 -1
    outer loop
      vertex 9.23492 14.4849 0
      vertex 8.9167 14.7461 0
      vertex 36.7651 14.4849 0
    endloop
  endfacet
  facet normal -0 0 -1
    outer loop
      vertex 44 18 0
      vertex 37.4464 14.9401 0
      vertex 2 18 0
    endloop
  endfacet
  facet normal 0 0 -1
    outer loop
      vertex 37.0833 14.7461 0
      vertex 8.9167 14.7461 0
      vertex 8.55364 14.9401 0
    endloop
  endfacet
  facet normal -0 0 -1
    outer loop
      vertex 38.25 15.1 0
      vertex 37.8403 15.0596 0
      vertex 44 18 0
    endloop
  endfacet
  facet normal 0 0 -1
    outer loop
      vertex 36.5039 14.1667 0
      vertex 9.49609 14.1667 0
      vertex 9.23492 14.4849 0
    endloop
  endfacet
  facet normal 0 0 -1
    outer loop
      vertex 8.55364 14.9401 0
      vertex 37.4464 14.9401 0
      vertex 37.0833 14.7461 0
    endloop
  endfacet
  facet normal 0 0 -1
    outer loop
      vertex 9.49609 14.1667 0
      vertex 36.3099 13.8036 0
      vertex 9.69015 13.8036 0
    endloop
  endfacet
  facet normal 0 0 -1
    outer loop
      vertex 9.23492 14.4849 0
      vertex 36.7651 14.4849 0
      vertex 36.5039 14.1667 0
    endloop
  endfacet
  facet normal 0 0 -1
    outer loop
      vertex 9.69015 13.8036 0
      vertex 36.1904 13.4097 0
      vertex 9.80965 13.4097 0
    endloop
  endfacet
  facet normal 0 0 -1
    outer loop
      vertex 9.69015 13.8036 0
      vertex 36.3099 13.8036 0
      vertex 36.1904 13.4097 0
    endloop
  endfacet
  facet normal 0 0 -1
    outer loop
      vertex 9.80965 13.4097 0
      vertex 36.1904 13.4097 0
      vertex 9.85 13 0
    endloop
  endfacet
  facet normal 0 1 0
    outer loop
      vertex 2 18 15
      vertex 16.8266 18 11.7002
      vertex 2 18 0
    endloop
  endfacet
  facet normal 0 1 0
    outer loop
      vertex 16 18 15
      vertex 16.0084 18 14.6565
      vertex 2 18 15
    endloop
  endfacet
  facet normal 0 1 0
    outer loop
      vertex 16.0084 18 14.6565
      vertex 16.0337 18 14.3139
      vertex 2 18 15
    endloop
  endfacet
  facet normal 0 1 0
    outer loop
      vertex 16.0337 18 14.3139
      vertex 16.0758 18 13.9729
      vertex 2 18 15
    endloop
  endfacet
  facet normal 0 1 0
    outer loop
      vertex 16.0758 18 13.9729
      vertex 16.1345 18 13.6344
      vertex 2 18 15
    endloop
  endfacet
  facet normal 0 1 0
    outer loop
      vertex 16.1345 18 13.6344
      vertex 16.2098 18 13.2991
      vertex 2 18 15
    endloop
  endfacet
  facet normal 0 1 0
    outer loop
      vertex 16.2098 18 13.2991
      vertex 16.3014 18 12.968
      vertex 2 18 15
    endloop
  endfacet
  facet normal 0 1 0
    outer loop
      vertex 16.3014 18 12.968
      vertex 16.4092 18 12.6418
      vertex 2 18 15
    endloop
  endfacet
  facet normal 0 1 0
    outer loop
      vertex 16.4092 18 12.6418
      vertex 16.5328 18 12.3212
      vertex 2 18 15
    endloop
  endfacet
  facet normal 0 1 0
    outer loop
      vertex 16.5328 18 12.3212
      vertex 16.6721 18 12.0071
      vertex 2 18 15
    endloop
  endfacet
  facet normal 0 1 0
    outer loop
      vertex 16.6721 18 12.0071
      vertex 16.8266 18 11.7002
      vertex 2 18 15
    endloop
  endfacet
  facet normal 0 1 0
    outer loop
      vertex 16.8266 18 11.7002
      vertex 16.831 18 11.6924
      vertex 2 18 0
    endloop
  endfacet
  facet normal 0 1 0
    outer loop
      vertex 16.831 18 11.6924
      vertex 16.9959 18 11.4013
      vertex 2 18 0
    endloop
  endfacet
  facet normal 0 1 0
    outer loop
      vertex 16.9959 18 11.4013
      vertex 17.1749 18 11.1186
      vertex 2 18 0
    endloop
  endfacet
  facet normal 0 1 0
    outer loop
      vertex 17.1749 18 11.1186
      vertex 17.1797 18 11.111
      vertex 2 18 0
    endloop
  endfacet
  facet normal 0 1 0
    outer loop
      vertex 17.1797 18 11.111
      vertex 17.3775 18 10.8301
      vertex 2 18 0
    endloop
  endfacet
  facet normal 0 1 0
    outer loop
      vertex 17.3775 18 10.8301
      vertex 17.5889 18 10.5592
      vertex 2 18 0
    endloop
  endfacet
  facet normal 0 1 0
    outer loop
      vertex 17.5889 18 10.5592
      vertex 17.8133 18 10.2991
      vertex 2 18 0
    endloop
  endfacet
  facet normal 0 1 0
    outer loop
      vertex 17.8133 18 10.2991
      vertex 18.0503 18 10.0503
      vertex 2 18 0
    endloop
  endfacet
  facet normal 0 1 0
    outer loop
      vertex 18.0503 18 10.0503
      vertex 18.2991 18 9.81334
      vertex 2 18 0
    endloop
  endfacet
  facet normal 0 1 0
    outer loop
      vertex 18.2991 18 9.81334
      vertex 18.5592 18 9.58893
      vertex 2 18 0
    endloop
  endfacet
  facet normal 0 1 0
    outer loop
      vertex 18.5592 18 9.58893
      vertex 18.5664 18 9.58336
      vertex 2 18 0
    endloop
  endfacet
  facet normal 0 1 0
    outer loop
      vertex 18.5664 18 9.58336
      vertex 18.8301 18 9.37755
      vertex 2 18 0
    endloop
  endfacet
  facet normal 0 1 0
    outer loop
      vertex 18.8301 18 9.37755
      vertex 19.111 18 9.17971
      vertex 2 18 0
    endloop
  endfacet
  facet normal 0 1 0
    outer loop
      vertex 19.111 18 9.17971
      vertex 19.4013 18 8.9959
      vertex 2 18 0
    endloop
  endfacet
  facet normal 0 1 0
    outer loop
      vertex 19.4013 18 8.9959
      vertex 19.7002 18 8.82655
      vertex 2 18 0
    endloop
  endfacet
  facet normal 0 1 0
    outer loop
      vertex 19.7002 18 8.82655
      vertex 20.0071 18 8.67207
      vertex 2 18 0
    endloop
  endfacet
  facet normal 0 1 0
    outer loop
      vertex 20.0071 18 8.67207
      vertex 20.3212 18 8.53284
      vertex 2 18 0
    endloop
  endfacet
  facet normal 0 1 0
    outer loop
      vertex 26.889 18 9.17971
      vertex 44 18 0
      vertex 26.5987 18 8.9959
    endloop
  endfacet
  facet normal 0 1 0
    outer loop
      vertex 20.3212 18 8.53284
      vertex 20.6418 18 8.40919
      vertex 2 18 0
    endloop
  endfacet
  facet normal 0 1 0
    outer loop
      vertex 23 18 8
      vertex 44 18 0
      vertex 2 18 0
    endloop
  endfacet
  facet normal 0 1 0
    outer loop
      vertex 20.968 18 8.30142
      vertex 2 18 0
      vertex 20.6418 18 8.40919
    endloop
  endfacet
  facet normal 0 1 0
    outer loop
      vertex 21.2991 18 8.20978
      vertex 2 18 0
      vertex 20.968 18 8.30142
    endloop
  endfacet
  facet normal 0 1 0
    outer loop
      vertex 21.6344 18 8.1345
      vertex 2 18 0
      vertex 21.2991 18 8.20978
    endloop
  endfacet
  facet normal 0 1 0
    outer loop
      vertex 21.9729 18 8.07576
      vertex 2 18 0
      vertex 21.6344 18 8.1345
    endloop
  endfacet
  facet normal 0 1 0
    outer loop
      vertex 22.3139 18 8.03371
      vertex 2 18 0
      vertex 21.9729 18 8.07576
    endloop
  endfacet
  facet normal 0 1 0
    outer loop
      vertex 22.6565 18 8.00843
      vertex 2 18 0
      vertex 22.3139 18 8.03371
    endloop
  endfacet
  facet normal 0 1 0
    outer loop
      vertex 23 18 8
      vertex 2 18 0
      vertex 22.6565 18 8.00843
    endloop
  endfacet
  facet normal 0 1 0
    outer loop
      vertex 23.3435 18 8.00843
      vertex 44 18 0
      vertex 23 18 8
    endloop
  endfacet
  facet normal 0 1 0
    outer loop
      vertex 23.6861 18 8.03371
      vertex 44 18 0
      vertex 23.3435 18 8.00843
    endloop
  endfacet
  facet normal 0 1 0
    outer loop
      vertex 24.0271 18 8.07576
      vertex 44 18 0
      vertex 23.6861 18 8.03371
    endloop
  endfacet
  facet normal 0 1 0
    outer loop
      vertex 24.3656 18 8.1345
      vertex 44 18 0
      vertex 24.0271 18 8.07576
    endloop
  endfacet
  facet normal 0 1 0
    outer loop
      vertex 24.7009 18 8.20978
      vertex 44 18 0
      vertex 24.3656 18 8.1345
    endloop
  endfacet
  facet normal 0 1 0
    outer loop
      vertex 25.032 18 8.30142
      vertex 44 18 0
      vertex 24.7009 18 8.20978
    endloop
  endfacet
  facet normal 0 1 0
    outer loop
      vertex 25.3582 18 8.40919
      vertex 44 18 0
      vertex 25.032 18 8.30142
    endloop
  endfacet
  facet normal 0 1 0
    outer loop
      vertex 25.6788 18 8.53284
      vertex 44 18 0
      vertex 25.3582 18 8.40919
    endloop
  endfacet
  facet normal 0 1 0
    outer loop
      vertex 25.9929 18 8.67207
      vertex 44 18 0
      vertex 25.6788 18 8.53284
    endloop
  endfacet
  facet normal 0 1 0
    outer loop
      vertex 26.2998 18 8.82655
      vertex 44 18 0
      vertex 25.9929 18 8.67207
    endloop
  endfacet
  facet normal 0 1 0
    outer loop
      vertex 26.5987 18 8.9959
      vertex 44 18 0
      vertex 26.2998 18 8.82655
    endloop
  endfacet
  facet normal 0 1 0
    outer loop
      vertex 27.1699 18 9.37755
      vertex 44 18 0
      vertex 26.889 18 9.17971
    endloop
  endfacet
  facet normal 0 1 0
    outer loop
      vertex 27.4336 18 9.58336
      vertex 44 18 0
      vertex 27.1699 18 9.37755
    endloop
  endfacet
  facet normal 0 1 0
    outer loop
      vertex 27.4408 18 9.58893
      vertex 44 18 0
      vertex 27.4336 18 9.58336
    endloop
  endfacet
  facet normal 0 1 0
    outer loop
      vertex 27.7009 18 9.81334
      vertex 44 18 0
      vertex 27.4408 18 9.58893
    endloop
  endfacet
  facet normal 0 1 0
    outer loop
      vertex 27.9497 18 10.0503
      vertex 44 18 0
      vertex 27.7009 18 9.81334
    endloop
  endfacet
  facet normal 0 1 0
    outer loop
      vertex 28.1867 18 10.2991
      vertex 44 18 0
      vertex 27.9497 18 10.0503
    endloop
  endfacet
  facet normal 0 1 0
    outer loop
      vertex 28.4111 18 10.5592
      vertex 44 18 0
      vertex 28.1867 18 10.2991
    endloop
  endfacet
  facet normal 0 1 0
    outer loop
      vertex 28.6225 18 10.8301
      vertex 44 18 0
      vertex 28.4111 18 10.5592
    endloop
  endfacet
  facet normal 0 1 0
    outer loop
      vertex 28.8203 18 11.111
      vertex 44 18 0
      vertex 28.6225 18 10.8301
    endloop
  endfacet
  facet normal 0 1 0
    outer loop
      vertex 29.0041 18 11.4013
      vertex 44 18 0
      vertex 28.8203 18 11.111
    endloop
  endfacet
  facet normal 0 1 0
    outer loop
      vertex 29.1734 18 11.7002
      vertex 44 18 0
      vertex 29.0041 18 11.4013
    endloop
  endfacet
  facet normal 0 1 0
    outer loop
      vertex 44 18 15
      vertex 44 18 0
      vertex 29.1734 18 11.7002
    endloop
  endfacet
  facet normal 0 1 0
    outer loop
      vertex 44 18 15
      vertex 29.1734 18 11.7002
      vertex 29.3279 18 12.0071
    endloop
  endfacet
  facet normal 0 1 0
    outer loop
      vertex 44 18 15
      vertex 29.3279 18 12.0071
      vertex 29.4672 18 12.3212
    endloop
  endfacet
  facet normal 0 1 0
    outer loop
      vertex 44 18 15
      vertex 29.4672 18 12.3212
      vertex 29.5908 18 12.6418
    endloop
  endfacet
  facet normal 0 1 0
    outer loop
      vertex 44 18 15
      vertex 29.5908 18 12.6418
      vertex 29.6986 18 12.968
    endloop
  endfacet
  facet normal 0 1 0
    outer loop
      vertex 44 18 15
      vertex 29.6986 18 12.968
      vertex 29.7902 18 13.2991
    endloop
  endfacet
  facet normal 0 1 0
    outer loop
      vertex 44 18 15
      vertex 29.7902 18 13.2991
      vertex 29.8655 18 13.6344
    endloop
  endfacet
  facet normal 0 1 0
    outer loop
      vertex 44 18 15
      vertex 29.8655 18 13.6344
      vertex 29.9242 18 13.9729
    endloop
  endfacet
  facet normal 0 1 0
    outer loop
      vertex 44 18 15
      vertex 29.9242 18 13.9729
      vertex 29.9663 18 14.3139
    endloop
  endfacet
  facet normal 0 1 0
    outer loop
      vertex 44 18 15
      vertex 29.9663 18 14.3139
      vertex 29.9916 18 14.6565
    endloop
  endfacet
  facet normal 0 1 0
    outer loop
      vertex 44 18 15
      vertex 29.9916 18 14.6565
      vertex 30 18 15
    endloop
  endfacet
  facet normal 0 0 1
    outer loop
      vertex 12.3 -15.1 15
      vertex 9.23492 -14.4849 15
      vertex 8.9167 -14.7461 15
    endloop
  endfacet
  facet normal 0 0 1
    outer loop
      vertex 16 -15.1 15
      vertex 13.014 -15.1 15
      vertex 16 -18 15
    endloop
  endfacet
  facet normal 0 0 1
    outer loop
      vertex 13.014 -15.1 15
      vertex 12.9255 -15.1 15
      vertex 16 -18 15
    endloop
  endfacet
  facet normal 0 0 1
    outer loop
      vertex 12.9255 -15.1 15
      vertex 12.837 -15.1 15
      vertex 16 -18 15
    endloop
  endfacet
  facet normal 0 0 1
    outer loop
      vertex 12.837 -15.1 15
      vertex 12.7484 -15.1 15
      vertex 16 -18 15
    endloop
  endfacet
  facet normal 0 0 1
    outer loop
      vertex 12.7484 -15.1 15
      vertex 12.6596 -15.1 15
      vertex 16 -18 15
    endloop
  endfacet
  facet normal 0 0 1
    outer loop
      vertex 12.6596 -15.1 15
      vertex 12.5704 -15.1 15
      vertex 16 -18 15
    endloop
  endfacet
  facet normal 0 0 1
    outer loop
      vertex 12.5704 -15.1 15
      vertex 12.4809 -15.1 15
      vertex 16 -18 15
    endloop
  endfacet
  facet normal 0 0 1
    outer loop
      vertex 12.4809 -15.1 15
      vertex 12.3908 -15.1 15
      vertex 16 -18 15
    endloop
  endfacet
  facet normal 0 0 1
    outer loop
      vertex 12.3908 -15.1 15
      vertex 12.3 -15.1 15
      vertex 16 -18 15
    endloop
  endfacet
  facet normal 0 0 1
    outer loop
      vertex 2 18 15
      vertex 2 -18 15
      vertex 5.80985 12.1964 15
    endloop
  endfacet
  facet normal 0 0 1
    outer loop
      vertex 16 18 15
      vertex 2 18 15
      vertex 8.15969 15.0596 15
    endloop
  endfacet
  facet normal 0 0 1
    outer loop
      vertex 2 18 15
      vertex 6.94636 14.9401 15
      vertex 7.34031 15.0596 15
    endloop
  endfacet
  facet normal 0 0 1
    outer loop
      vertex 16 18 15
      vertex 12.3 15.1 15
      vertex 12.4173 15.1 15
    endloop
  endfacet
  facet normal 0 0 1
    outer loop
      vertex 16 18 15
      vertex 12.4173 15.1 15
      vertex 12.5335 15.1 15
    endloop
  endfacet
  facet normal 0 0 1
    outer loop
      vertex 16 18 15
      vertex 12.5335 15.1 15
      vertex 12.6487 15.1 15
    endloop
  endfacet
  facet normal 0 0 1
    outer loop
      vertex 16 18 15
      vertex 12.6487 15.1 15
      vertex 12.7631 15.1 15
    endloop
  endfacet
  facet normal 0 0 1
    outer loop
      vertex 16 18 15
      vertex 12.7631 15.1 15
      vertex 12.8767 15.1 15
    endloop
  endfacet
  facet normal 0 0 1
    outer loop
      vertex 16 18 15
      vertex 12.8767 15.1 15
      vertex 12.9899 15.1 15
    endloop
  endfacet
  facet normal 0 0 1
    outer loop
      vertex 16 18 15
      vertex 12.9899 15.1 15
      vertex 16 15.1 15
    endloop
  endfacet
  facet normal 0 0 1
    outer loop
      vertex 5.65 -13 15
      vertex 2 -18 15
      vertex 5.69035 -13.4097 15
    endloop
  endfacet
  facet normal 0 0 1
    outer loop
      vertex 5.69035 -12.5903 15
      vertex 2 -18 15
      vertex 5.65 -13 15
    endloop
  endfacet
  facet normal 0 0 1
    outer loop
      vertex 5.80985 -12.1964 15
      vertex 6.00391 11.8333 15
      vertex 5.80985 12.1964 15
    endloop
  endfacet
  facet normal 0 0 1
    outer loop
      vertex 5.80985 -12.1964 15
      vertex 2 -18 15
      vertex 5.69035 -12.5903 15
    endloop
  endfacet
  facet normal 0 -0 1
    outer loop
      vertex 5.80985 -12.1964 15
      vertex 5.80985 12.1964 15
      vertex 2 -18 15
    endloop
  endfacet
  facet normal 0 0 1
    outer loop
      vertex 6.00391 -11.8333 15
      vertex 6.26508 -11.5151 15
      vertex 6.26508 11.5151 15
    endloop
  endfacet
  facet normal 0 0 1
    outer loop
      vertex 12.3 3.775 15
      vertex 6.5833 -11.2539 15
      vertex 6.94636 -11.0599 15
    endloop
  endfacet
  facet normal 0 0 1
    outer loop
      vertex 12.3 3.775 15
      vertex 6.94636 -11.0599 15
      vertex 7.34031 -10.9404 15
    endloop
  endfacet
  facet normal 0 0 1
    outer loop
      vertex 12.3 3.775 15
      vertex 7.34031 -10.9404 15
      vertex 7.75 -10.9 15
    endloop
  endfacet
  facet normal 0 0 1
    outer loop
      vertex 12.3 3.775 15
      vertex 7.75 -10.9 15
      vertex 8.15969 -10.9404 15
    endloop
  endfacet
  facet normal 0 0 1
    outer loop
      vertex 12.3 3.775 15
      vertex 8.15969 -10.9404 15
      vertex 8.55364 -11.0599 15
    endloop
  endfacet
  facet normal 0 0 1
    outer loop
      vertex 12.3 3.775 15
      vertex 8.55364 -11.0599 15
      vertex 8.9167 -11.2539 15
    endloop
  endfacet
  facet normal 0 0 1
    outer loop
      vertex 12.3 3.775 15
      vertex 8.9167 -11.2539 15
      vertex 9.23492 -11.5151 15
    endloop
  endfacet
  facet normal 0 0 1
    outer loop
      vertex 12.3 3.775 15
      vertex 9.49609 -11.8333 15
      vertex 12.3 -15.1 15
    endloop
  endfacet
  facet normal -0 0 1
    outer loop
      vertex 9.23492 -11.5151 15
      vertex 9.49609 -11.8333 15
      vertex 12.3 3.775 15
    endloop
  endfacet
  facet normal 0 0 1
    outer loop
      vertex 9.49609 -11.8333 15
      vertex 9.69015 -12.1964 15
      vertex 12.3 -15.1 15
    endloop
  endfacet
  facet normal 0 0 1
    outer loop
      vertex 9.69015 -12.1964 15
      vertex 9.80965 -12.5903 15
      vertex 12.3 -15.1 15
    endloop
  endfacet
  facet normal 0 0 1
    outer loop
      vertex 9.80965 -12.5903 15
      vertex 9.85 -13 15
      vertex 12.3 -15.1 15
    endloop
  endfacet
  facet normal 0 0 1
    outer loop
      vertex 9.85 -13 15
      vertex 9.80965 -13.4097 15
      vertex 12.3 -15.1 15
    endloop
  endfacet
  facet normal 0 0 1
    outer loop
      vertex 9.80965 -13.4097 15
      vertex 9.69015 -13.8036 15
      vertex 12.3 -15.1 15
    endloop
  endfacet
  facet normal 0 0 1
    outer loop
      vertex 9.69015 -13.8036 15
      vertex 9.49609 -14.1667 15
      vertex 12.3 -15.1 15
    endloop
  endfacet
  facet normal 0 0 1
    outer loop
      vertex 9.49609 -14.1667 15
      vertex 9.23492 -14.4849 15
      vertex 12.3 -15.1 15
    endloop
  endfacet
  facet normal 0 0 1
    outer loop
      vertex 8.15969 -15.0596 15
      vertex 16 -18 15
      vertex 12.3 -15.1 15
    endloop
  endfacet
  facet normal 0 0 1
    outer loop
      vertex 12.3 -15.1 15
      vertex 8.9167 -14.7461 15
      vertex 8.55364 -14.9401 15
    endloop
  endfacet
  facet normal 0 0 1
    outer loop
      vertex 16 -18 15
      vertex 8.15969 -15.0596 15
      vertex 2 -18 15
    endloop
  endfacet
  facet normal 0 0 1
    outer loop
      vertex 8.55364 -14.9401 15
      vertex 8.15969 -15.0596 15
      vertex 12.3 -15.1 15
    endloop
  endfacet
  facet normal 0 0 1
    outer loop
      vertex 8.15969 -15.0596 15
      vertex 7.75 -15.1 15
      vertex 2 -18 15
    endloop
  endfacet
  facet normal 0 0 1
    outer loop
      vertex 7.75 -15.1 15
      vertex 7.34031 -15.0596 15
      vertex 2 -18 15
    endloop
  endfacet
  facet normal 0 0 1
    outer loop
      vertex 7.34031 -15.0596 15
      vertex 6.94636 -14.9401 15
      vertex 2 -18 15
    endloop
  endfacet
  facet normal 0 0 1
    outer loop
      vertex 6.94636 -14.9401 15
      vertex 6.5833 -14.7461 15
      vertex 2 -18 15
    endloop
  endfacet
  facet normal 0 0 1
    outer loop
      vertex 6.5833 -14.7461 15
      vertex 6.26508 -14.4849 15
      vertex 2 -18 15
    endloop
  endfacet
  facet normal 0 0 1
    outer loop
      vertex 6.26508 -14.4849 15
      vertex 6.00391 -14.1667 15
      vertex 2 -18 15
    endloop
  endfacet
  facet normal 0 0 1
    outer loop
      vertex 6.00391 -14.1667 15
      vertex 5.80985 -13.8036 15
      vertex 2 -18 15
    endloop
  endfacet
  facet normal 0 0 1
    outer loop
      vertex 5.80985 -13.8036 15
      vertex 5.69035 -13.4097 15
      vertex 2 -18 15
    endloop
  endfacet
  facet normal 0 0 1
    outer loop
      vertex 5.80985 -12.1964 15
      vertex 6.00391 -11.8333 15
      vertex 6.00391 11.8333 15
    endloop
  endfacet
  facet normal 0 0 1
    outer loop
      vertex 5.65 13 15
      vertex 2 18 15
      vertex 5.69035 12.5903 15
    endloop
  endfacet
  facet normal 0 0 1
    outer loop
      vertex 5.69035 13.4097 15
      vertex 2 18 15
      vertex 5.65 13 15
    endloop
  endfacet
  facet normal 0 0 1
    outer loop
      vertex 5.80985 13.8036 15
      vertex 2 18 15
      vertex 5.69035 13.4097 15
    endloop
  endfacet
  facet normal 0 0 1
    outer loop
      vertex 6.00391 14.1667 15
      vertex 2 18 15
      vertex 5.80985 13.8036 15
    endloop
  endfacet
  facet normal 0 0 1
    outer loop
      vertex 6.26508 14.4849 15
      vertex 2 18 15
      vertex 6.00391 14.1667 15
    endloop
  endfacet
  facet normal 0 0 1
    outer loop
      vertex 6.5833 14.7461 15
      vertex 2 18 15
      vertex 6.26508 14.4849 15
    endloop
  endfacet
  facet normal 0 0 1
    outer loop
      vertex 6.94636 14.9401 15
      vertex 2 18 15
      vertex 6.5833 14.7461 15
    endloop
  endfacet
  facet normal 0 0 1
    outer loop
      vertex 2 18 15
      vertex 7.34031 15.0596 15
      vertex 7.75 15.1 15
    endloop
  endfacet
  facet normal 0 0 1
    outer loop
      vertex 16 18 15
      vertex 8.15969 15.0596 15
      vertex 12.3 15.1 15
    endloop
  endfacet
  facet normal -0 -0 1
    outer loop
      vertex 7.75 15.1 15
      vertex 8.15969 15.0596 15
      vertex 2 18 15
    endloop
  endfacet
  facet normal -0 0 1
    outer loop
      vertex 8.15969 15.0596 15
      vertex 8.55364 14.9401 15
      vertex 12.3 15.1 15
    endloop
  endfacet
  facet normal -0 0 1
    outer loop
      vertex 8.55364 14.9401 15
      vertex 8.9167 14.7461 15
      vertex 12.3 15.1 15
    endloop
  endfacet
  facet normal -0 0 1
    outer loop
      vertex 8.9167 14.7461 15
      vertex 9.23492 14.4849 15
      vertex 12.3 15.1 15
    endloop
  endfacet
  facet normal -0 0 1
    outer loop
      vertex 9.23492 14.4849 15
      vertex 9.49609 14.1667 15
      vertex 12.3 15.1 15
    endloop
  endfacet
  facet normal -0 0 1
    outer loop
      vertex 9.49609 14.1667 15
      vertex 9.69015 13.8036 15
      vertex 12.3 15.1 15
    endloop
  endfacet
  facet normal 0 0 1
    outer loop
      vertex 6.5833 -11.2539 15
      vertex 12.3 3.775 15
      vertex 6.5833 11.2539 15
    endloop
  endfacet
  facet normal -0 0 1
    outer loop
      vertex 9.69015 13.8036 15
      vertex 9.80965 13.4097 15
      vertex 12.3 15.1 15
    endloop
  endfacet
  facet normal -0 0 1
    outer loop
      vertex 9.69015 12.1964 15
      vertex 12.3 3.775 15
      vertex 12.3 15.1 15
    endloop
  endfacet
  facet normal 0 -0 1
    outer loop
      vertex 9.85 13 15
      vertex 12.3 15.1 15
      vertex 9.80965 13.4097 15
    endloop
  endfacet
  facet normal 0 0 1
    outer loop
      vertex 9.80965 12.5903 15
      vertex 12.3 15.1 15
      vertex 9.85 13 15
    endloop
  endfacet
  facet normal 0 0 1
    outer loop
      vertex 9.69015 12.1964 15
      vertex 12.3 15.1 15
      vertex 9.80965 12.5903 15
    endloop
  endfacet
  facet normal -0 0 1
    outer loop
      vertex 9.49609 11.8333 15
      vertex 12.3 3.775 15
      vertex 9.69015 12.1964 15
    endloop
  endfacet
  facet normal -0 0 1
    outer loop
      vertex 9.23492 11.5151 15
      vertex 12.3 3.775 15
      vertex 9.49609 11.8333 15
    endloop
  endfacet
  facet normal -0 0 1
    outer loop
      vertex 8.9167 11.2539 15
      vertex 12.3 3.775 15
      vertex 9.23492 11.5151 15
    endloop
  endfacet
  facet normal -0 0 1
    outer loop
      vertex 8.55364 11.0599 15
      vertex 12.3 3.775 15
      vertex 8.9167 11.2539 15
    endloop
  endfacet
  facet normal -0 0 1
    outer loop
      vertex 8.15969 10.9404 15
      vertex 12.3 3.775 15
      vertex 8.55364 11.0599 15
    endloop
  endfacet
  facet normal -0 0 1
    outer loop
      vertex 7.75 10.9 15
      vertex 12.3 3.775 15
      vertex 8.15969 10.9404 15
    endloop
  endfacet
  facet normal 0 0 1
    outer loop
      vertex 7.75 10.9 15
      vertex 7.34031 10.9404 15
      vertex 12.3 3.775 15
    endloop
  endfacet
  facet normal 0 0 1
    outer loop
      vertex 6.5833 11.2539 15
      vertex 6.26508 -11.5151 15
      vertex 6.5833 -11.2539 15
    endloop
  endfacet
  facet normal 0 0 1
    outer loop
      vertex 6.94636 11.0599 15
      vertex 12.3 3.775 15
      vertex 7.34031 10.9404 15
    endloop
  endfacet
  facet normal 0 0 1
    outer loop
      vertex 6.5833 11.2539 15
      vertex 12.3 3.775 15
      vertex 6.94636 11.0599 15
    endloop
  endfacet
  facet normal 0 0 1
    outer loop
      vertex 6.26508 11.5151 15
      vertex 6.26508 -11.5151 15
      vertex 6.5833 11.2539 15
    endloop
  endfacet
  facet normal 0 0 1
    outer loop
      vertex 6.00391 11.8333 15
      vertex 6.00391 -11.8333 15
      vertex 6.26508 11.5151 15
    endloop
  endfacet
  facet normal 0 0 1
    outer loop
      vertex 2 18 15
      vertex 5.80985 12.1964 15
      vertex 5.69035 12.5903 15
    endloop
  endfacet
  facet normal 0 0 1
    outer loop
      vertex 30 15.1 15
      vertex 33.0101 15.1 15
      vertex 30 18 15
    endloop
  endfacet
  facet normal 0 -0 1
    outer loop
      vertex 33.0101 15.1 15
      vertex 33.1233 15.1 15
      vertex 30 18 15
    endloop
  endfacet
  facet normal 0 0 1
    outer loop
      vertex 33.2369 15.1 15
      vertex 30 18 15
      vertex 33.1233 15.1 15
    endloop
  endfacet
  facet normal 0 0 1
    outer loop
      vertex 33.3513 15.1 15
      vertex 30 18 15
      vertex 33.2369 15.1 15
    endloop
  endfacet
  facet normal 0 0 1
    outer loop
      vertex 33.4665 15.1 15
      vertex 30 18 15
      vertex 33.3513 15.1 15
    endloop
  endfacet
  facet normal 0 0 1
    outer loop
      vertex 33.5827 15.1 15
      vertex 30 18 15
      vertex 33.4665 15.1 15
    endloop
  endfacet
  facet normal 0 0 1
    outer loop
      vertex 33.7 15.1 15
      vertex 30 18 15
      vertex 33.5827 15.1 15
    endloop
  endfacet
  facet normal 0 0 1
    outer loop
      vertex 44 -18 15
      vertex 40.1901 12.1964 15
      vertex 40.1901 -12.1964 15
    endloop
  endfacet
  facet normal 0 0 1
    outer loop
      vertex 30 -18 15
      vertex 33.7 -15.1 15
      vertex 33.6092 -15.1 15
    endloop
  endfacet
  facet normal 0 0 1
    outer loop
      vertex 30 -18 15
      vertex 33.6092 -15.1 15
      vertex 33.5191 -15.1 15
    endloop
  endfacet
  facet normal 0 0 1
    outer loop
      vertex 30 -18 15
      vertex 33.5191 -15.1 15
      vertex 33.4296 -15.1 15
    endloop
  endfacet
  facet normal 0 0 1
    outer loop
      vertex 30 -18 15
      vertex 33.4296 -15.1 15
      vertex 33.3404 -15.1 15
    endloop
  endfacet
  facet normal 0 0 1
    outer loop
      vertex 30 -18 15
      vertex 33.3404 -15.1 15
      vertex 33.2516 -15.1 15
    endloop
  endfacet
  facet normal 0 0 1
    outer loop
      vertex 30 -18 15
      vertex 33.2516 -15.1 15
      vertex 33.163 -15.1 15
    endloop
  endfacet
  facet normal 0 0 1
    outer loop
      vertex 30 -18 15
      vertex 33.163 -15.1 15
      vertex 33.0745 -15.1 15
    endloop
  endfacet
  facet normal 0 0 1
    outer loop
      vertex 30 -18 15
      vertex 33.0745 -15.1 15
      vertex 32.986 -15.1 15
    endloop
  endfacet
  facet normal 0 0 1
    outer loop
      vertex 30 -18 15
      vertex 32.986 -15.1 15
      vertex 30 -15.1 15
    endloop
  endfacet
  facet normal 0 0 1
    outer loop
      vertex 44 -18 15
      vertex 39.0536 -14.9401 15
      vertex 38.6597 -15.0596 15
    endloop
  endfacet
  facet normal 0 0 1
    outer loop
      vertex 36.5039 -11.8333 15
      vertex 33.7 1.77636e-015 15
      vertex 33.7 -15.1 15
    endloop
  endfacet
  facet normal 0 0 1
    outer loop
      vertex 36.15 -13 15
      vertex 33.7 -15.1 15
      vertex 36.1904 -13.4097 15
    endloop
  endfacet
  facet normal 0 0 1
    outer loop
      vertex 36.1904 -12.5903 15
      vertex 33.7 -15.1 15
      vertex 36.15 -13 15
    endloop
  endfacet
  facet normal 0 0 1
    outer loop
      vertex 36.3099 -12.1964 15
      vertex 33.7 -15.1 15
      vertex 36.1904 -12.5903 15
    endloop
  endfacet
  facet normal 0 0 1
    outer loop
      vertex 36.5039 -11.8333 15
      vertex 33.7 -15.1 15
      vertex 36.3099 -12.1964 15
    endloop
  endfacet
  facet normal 0 0 1
    outer loop
      vertex 36.7651 -11.5151 15
      vertex 33.7 1.77636e-015 15
      vertex 36.5039 -11.8333 15
    endloop
  endfacet
  facet normal 0 0 1
    outer loop
      vertex 37.0833 -11.2539 15
      vertex 33.7 1.77636e-015 15
      vertex 36.7651 -11.5151 15
    endloop
  endfacet
  facet normal 0 0 1
    outer loop
      vertex 37.4464 -11.0599 15
      vertex 33.7 1.77636e-015 15
      vertex 37.0833 -11.2539 15
    endloop
  endfacet
  facet normal 0 0 1
    outer loop
      vertex 37.8403 -10.9404 15
      vertex 33.7 1.77636e-015 15
      vertex 37.4464 -11.0599 15
    endloop
  endfacet
  facet normal 0 0 1
    outer loop
      vertex 38.25 -10.9 15
      vertex 33.7 1.77636e-015 15
      vertex 37.8403 -10.9404 15
    endloop
  endfacet
  facet normal 0 0 1
    outer loop
      vertex 38.6597 -10.9404 15
      vertex 33.7 1.77636e-015 15
      vertex 38.25 -10.9 15
    endloop
  endfacet
  facet normal 0 0 1
    outer loop
      vertex 39.0536 -11.0599 15
      vertex 33.7 1.77636e-015 15
      vertex 38.6597 -10.9404 15
    endloop
  endfacet
  facet normal 0 0 1
    outer loop
      vertex 39.4167 -11.2539 15
      vertex 33.7 1.77636e-015 15
      vertex 39.0536 -11.0599 15
    endloop
  endfacet
  facet normal 0 0 1
    outer loop
      vertex 39.9961 11.8333 15
      vertex 39.9961 -11.8333 15
      vertex 40.1901 -12.1964 15
    endloop
  endfacet
  facet normal 0 0 1
    outer loop
      vertex 44 -18 15
      vertex 40.1901 -12.1964 15
      vertex 40.3096 -12.5903 15
    endloop
  endfacet
  facet normal 0 0 1
    outer loop
      vertex 44 -18 15
      vertex 40.3096 -12.5903 15
      vertex 40.35 -13 15
    endloop
  endfacet
  facet normal 0 0 1
    outer loop
      vertex 44 -18 15
      vertex 40.35 -13 15
      vertex 40.3096 -13.4097 15
    endloop
  endfacet
  facet normal 0 0 1
    outer loop
      vertex 44 -18 15
      vertex 40.3096 -13.4097 15
      vertex 40.1901 -13.8036 15
    endloop
  endfacet
  facet normal 0 0 1
    outer loop
      vertex 44 -18 15
      vertex 40.1901 -13.8036 15
      vertex 39.9961 -14.1667 15
    endloop
  endfacet
  facet normal 0 0 1
    outer loop
      vertex 44 -18 15
      vertex 39.9961 -14.1667 15
      vertex 39.7349 -14.4849 15
    endloop
  endfacet
  facet normal 0 0 1
    outer loop
      vertex 44 -18 15
      vertex 39.7349 -14.4849 15
      vertex 39.4167 -14.7461 15
    endloop
  endfacet
  facet normal 0 0 1
    outer loop
      vertex 44 -18 15
      vertex 39.4167 -14.7461 15
      vertex 39.0536 -14.9401 15
    endloop
  endfacet
  facet normal 0 0 1
    outer loop
      vertex 44 -18 15
      vertex 37.8403 -15.0596 15
      vertex 30 -18 15
    endloop
  endfacet
  facet normal 0 0 1
    outer loop
      vertex 44 -18 15
      vertex 38.6597 -15.0596 15
      vertex 38.25 -15.1 15
    endloop
  endfacet
  facet normal 0 0 1
    outer loop
      vertex 30 -18 15
      vertex 37.8403 -15.0596 15
      vertex 33.7 -15.1 15
    endloop
  endfacet
  facet normal 0 0 1
    outer loop
      vertex 38.25 -15.1 15
      vertex 37.8403 -15.0596 15
      vertex 44 -18 15
    endloop
  endfacet
  facet normal 0 0 1
    outer loop
      vertex 37.8403 -15.0596 15
      vertex 37.4464 -14.9401 15
      vertex 33.7 -15.1 15
    endloop
  endfacet
  facet normal 0 0 1
    outer loop
      vertex 37.4464 -14.9401 15
      vertex 37.0833 -14.7461 15
      vertex 33.7 -15.1 15
    endloop
  endfacet
  facet normal 0 0 1
    outer loop
      vertex 37.0833 -14.7461 15
      vertex 36.7651 -14.4849 15
      vertex 33.7 -15.1 15
    endloop
  endfacet
  facet normal 0 0 1
    outer loop
      vertex 36.7651 -14.4849 15
      vertex 36.5039 -14.1667 15
      vertex 33.7 -15.1 15
    endloop
  endfacet
  facet normal 0 0 1
    outer loop
      vertex 36.5039 -14.1667 15
      vertex 36.3099 -13.8036 15
      vertex 33.7 -15.1 15
    endloop
  endfacet
  facet normal 0 0 1
    outer loop
      vertex 36.3099 -13.8036 15
      vertex 36.1904 -13.4097 15
      vertex 33.7 -15.1 15
    endloop
  endfacet
  facet normal 0 0 1
    outer loop
      vertex 36.1904 12.5903 15
      vertex 36.15 13 15
      vertex 33.7 15.1 15
    endloop
  endfacet
  facet normal 0 -0 1
    outer loop
      vertex 36.15 13 15
      vertex 36.1904 13.4097 15
      vertex 33.7 15.1 15
    endloop
  endfacet
  facet normal 0 -0 1
    outer loop
      vertex 36.1904 13.4097 15
      vertex 36.3099 13.8036 15
      vertex 33.7 15.1 15
    endloop
  endfacet
  facet normal 0 -0 1
    outer loop
      vertex 36.3099 13.8036 15
      vertex 36.5039 14.1667 15
      vertex 33.7 15.1 15
    endloop
  endfacet
  facet normal 0 -0 1
    outer loop
      vertex 36.5039 14.1667 15
      vertex 36.7651 14.4849 15
      vertex 33.7 15.1 15
    endloop
  endfacet
  facet normal 0 0 1
    outer loop
      vertex 37.8403 15.0596 15
      vertex 30 18 15
      vertex 33.7 15.1 15
    endloop
  endfacet
  facet normal 0 -0 1
    outer loop
      vertex 36.7651 14.4849 15
      vertex 37.0833 14.7461 15
      vertex 33.7 15.1 15
    endloop
  endfacet
  facet normal 0 -0 1
    outer loop
      vertex 44 -18 15
      vertex 44 18 15
      vertex 40.1901 12.1964 15
    endloop
  endfacet
  facet normal 0 -0 1
    outer loop
      vertex 37.0833 14.7461 15
      vertex 37.4464 14.9401 15
      vertex 33.7 15.1 15
    endloop
  endfacet
  facet normal 0 -0 1
    outer loop
      vertex 37.8403 15.0596 15
      vertex 44 18 15
      vertex 30 18 15
    endloop
  endfacet
  facet normal 0 0 1
    outer loop
      vertex 37.8403 15.0596 15
      vertex 33.7 15.1 15
      vertex 37.4464 14.9401 15
    endloop
  endfacet
  facet normal 0 -0 1
    outer loop
      vertex 38.25 15.1 15
      vertex 44 18 15
      vertex 37.8403 15.0596 15
    endloop
  endfacet
  facet normal 0 -0 1
    outer loop
      vertex 38.6597 15.0596 15
      vertex 44 18 15
      vertex 38.25 15.1 15
    endloop
  endfacet
  facet normal 0 -0 1
    outer loop
      vertex 39.0536 14.9401 15
      vertex 44 18 15
      vertex 38.6597 15.0596 15
    endloop
  endfacet
  facet normal 0 -0 1
    outer loop
      vertex 39.4167 14.7461 15
      vertex 44 18 15
      vertex 39.0536 14.9401 15
    endloop
  endfacet
  facet normal 0 -0 1
    outer loop
      vertex 39.7349 14.4849 15
      vertex 44 18 15
      vertex 39.4167 14.7461 15
    endloop
  endfacet
  facet normal 0 -0 1
    outer loop
      vertex 39.9961 14.1667 15
      vertex 44 18 15
      vertex 39.7349 14.4849 15
    endloop
  endfacet
  facet normal -0 0 1
    outer loop
      vertex 33.7 1.77636e-015 15
      vertex 39.4167 -11.2539 15
      vertex 39.4167 11.2539 15
    endloop
  endfacet
  facet normal 0 -0 1
    outer loop
      vertex 40.1901 13.8036 15
      vertex 44 18 15
      vertex 39.9961 14.1667 15
    endloop
  endfacet
  facet normal 0 0 1
    outer loop
      vertex 39.4167 11.2539 15
      vertex 39.4167 -11.2539 15
      vertex 39.7349 -11.5151 15
    endloop
  endfacet
  facet normal 0 -0 1
    outer loop
      vertex 40.3096 13.4097 15
      vertex 44 18 15
      vertex 40.1901 13.8036 15
    endloop
  endfacet
  facet normal 0 0 1
    outer loop
      vertex 39.9961 -11.8333 15
      vertex 39.7349 11.5151 15
      vertex 39.7349 -11.5151 15
    endloop
  endfacet
  facet normal 0 -0 1
    outer loop
      vertex 40.35 13 15
      vertex 44 18 15
      vertex 40.3096 13.4097 15
    endloop
  endfacet
  facet normal 0 0 1
    outer loop
      vertex 40.3096 12.5903 15
      vertex 44 18 15
      vertex 40.35 13 15
    endloop
  endfacet
  facet normal 0 -0 1
    outer loop
      vertex 40.1901 -12.1964 15
      vertex 40.1901 12.1964 15
      vertex 39.9961 11.8333 15
    endloop
  endfacet
  facet normal 0 0 1
    outer loop
      vertex 40.1901 12.1964 15
      vertex 44 18 15
      vertex 40.3096 12.5903 15
    endloop
  endfacet
  facet normal 0 -0 1
    outer loop
      vertex 39.9961 -11.8333 15
      vertex 39.9961 11.8333 15
      vertex 39.7349 11.5151 15
    endloop
  endfacet
  facet normal 0 -0 1
    outer loop
      vertex 39.7349 -11.5151 15
      vertex 39.7349 11.5151 15
      vertex 39.4167 11.2539 15
    endloop
  endfacet
  facet normal 0 0 1
    outer loop
      vertex 33.7 1.77636e-015 15
      vertex 39.4167 11.2539 15
      vertex 39.0536 11.0599 15
    endloop
  endfacet
  facet normal 0 0 1
    outer loop
      vertex 33.7 1.77636e-015 15
      vertex 39.0536 11.0599 15
      vertex 38.6597 10.9404 15
    endloop
  endfacet
  facet normal 0 0 1
    outer loop
      vertex 33.7 1.77636e-015 15
      vertex 38.6597 10.9404 15
      vertex 38.25 10.9 15
    endloop
  endfacet
  facet normal 0 0 1
    outer loop
      vertex 33.7 1.77636e-015 15
      vertex 38.25 10.9 15
      vertex 37.8403 10.9404 15
    endloop
  endfacet
  facet normal 0 0 1
    outer loop
      vertex 33.7 1.77636e-015 15
      vertex 37.8403 10.9404 15
      vertex 37.4464 11.0599 15
    endloop
  endfacet
  facet normal 0 0 1
    outer loop
      vertex 33.7 1.77636e-015 15
      vertex 37.4464 11.0599 15
      vertex 37.0833 11.2539 15
    endloop
  endfacet
  facet normal 0 0 1
    outer loop
      vertex 33.7 1.77636e-015 15
      vertex 37.0833 11.2539 15
      vertex 36.7651 11.5151 15
    endloop
  endfacet
  facet normal 0 0 1
    outer loop
      vertex 33.7 1.77636e-015 15
      vertex 36.5039 11.8333 15
      vertex 33.7 15.1 15
    endloop
  endfacet
  facet normal 0 0 1
    outer loop
      vertex 36.7651 11.5151 15
      vertex 36.5039 11.8333 15
      vertex 33.7 1.77636e-015 15
    endloop
  endfacet
  facet normal 0 0 1
    outer loop
      vertex 36.5039 11.8333 15
      vertex 36.3099 12.1964 15
      vertex 33.7 15.1 15
    endloop
  endfacet
  facet normal 0 0 1
    outer loop
      vertex 36.3099 12.1964 15
      vertex 36.1904 12.5903 15
      vertex 33.7 15.1 15
    endloop
  endfacet
  facet normal 1 0 0
    outer loop
      vertex 44 18 0
      vertex 44 -18 15
      vertex 44 -18 0
    endloop
  endfacet
  facet normal 1 0 -0
    outer loop
      vertex 44 18 0
      vertex 44 18 15
      vertex 44 -18 15
    endloop
  endfacet
  facet normal 0.999699 0 0.0245412
    outer loop
      vertex 12.3 3.775 15
      vertex 12.3 -15.1 15
      vertex 12.3129 -15.1 14.475
    endloop
  endfacet
  facet normal 0.999699 5.77404e-018 0.0245412
    outer loop
      vertex 12.3129 15.1 14.475
      vertex 12.3 3.775 15
      vertex 12.3129 -15.1 14.475
    endloop
  endfacet
  facet normal 0.999699 7.69872e-018 0.0245412
    outer loop
      vertex 12.3 15.1 15
      vertex 12.3 3.775 15
      vertex 12.3129 15.1 14.475
    endloop
  endfacet
  facet normal 4.66092e-016 1 -1.28985e-016
    outer loop
      vertex 33.0745 -15.1 11.3953
      vertex 29.6986 -15.1 12.968
      vertex 29.7902 -15.1 13.2991
    endloop
  endfacet
  facet normal 4.56002e-016 1 -1.50643e-016
    outer loop
      vertex 29.6193 -15.1 12.7281
      vertex 29.6986 -15.1 12.968
      vertex 33.0745 -15.1 11.3953
    endloop
  endfacet
  facet normal 4.78566e-016 1 -1.07466e-016
    outer loop
      vertex 29.8655 -15.1 13.6344
      vertex 33.0745 -15.1 11.3953
      vertex 29.7902 -15.1 13.2991
    endloop
  endfacet
  facet normal -0 1 0
    outer loop
      vertex 29.9242 -15.1 13.9729
      vertex 32.986 -15.1 15
      vertex 29.8655 -15.1 13.6344
    endloop
  endfacet
  facet normal -0 1 0
    outer loop
      vertex 29.9663 -15.1 14.3139
      vertex 32.986 -15.1 15
      vertex 29.9242 -15.1 13.9729
    endloop
  endfacet
  facet normal 0 1 0
    outer loop
      vertex 29.9916 -15.1 14.6565
      vertex 30 -15.1 15
      vertex 32.986 -15.1 15
    endloop
  endfacet
  facet normal -0 1 0
    outer loop
      vertex 29.9916 -15.1 14.6565
      vertex 32.986 -15.1 15
      vertex 29.9663 -15.1 14.3139
    endloop
  endfacet
  facet normal 2.13365e-016 1 -4.87548e-016
    outer loop
      vertex 33.0745 -15.1 11.3953
      vertex 29.8655 -15.1 13.6344
      vertex 32.986 -15.1 15
    endloop
  endfacet
  facet normal -4.60891e-015 1 3.39974e-016
    outer loop
      vertex 33.6871 -15.1 14.475
      vertex 33.6485 -15.1 13.9512
      vertex 33.0745 -15.1 11.3953
    endloop
  endfacet
  facet normal 3.308e-015 1 8.12069e-017
    outer loop
      vertex 12.3129 -15.1 14.475
      vertex 12.3 -15.1 15
      vertex 12.9255 -15.1 11.3953
    endloop
  endfacet
  facet normal 3.41857e-017 -1 2.77171e-016
    outer loop
      vertex 21.43 15.1 4.41581
      vertex 21.9512 15.1 4.35152
      vertex 12.7607 15.1 11.894
    endloop
  endfacet
  facet normal -1.90883e-017 -1 2.58774e-016
    outer loop
      vertex 24.0488 15.1 4.35152
      vertex 33.2393 15.1 11.894
      vertex 23.525 15.1 4.31289
    endloop
  endfacet
  facet normal 5.60844e-016 -1 7.18655e-016
    outer loop
      vertex 16.212 15.1 6.72879
      vertex 16.626 15.1 6.40568
      vertex 12.7607 15.1 11.894
    endloop
  endfacet
  facet normal 7.00288e-016 -1 8.11828e-016
    outer loop
      vertex 15.8143 15.1 7.07182
      vertex 16.212 15.1 6.72879
      vertex 12.7607 15.1 11.894
    endloop
  endfacet
  facet normal -0.932993 8.48741e-017 0.359895
    outer loop
      vertex 32.8855 -15.1 10.9053
      vertex 33.0745 -15.1 11.3953
      vertex 33.0745 15.1 11.3953
    endloop
  endfacet
  facet normal -0.932993 8.46758e-017 0.359895
    outer loop
      vertex 32.8855 15.1 10.9053
      vertex 32.8855 -15.1 10.9053
      vertex 33.0745 15.1 11.3953
    endloop
  endfacet
  facet normal -0.844854 9.44989e-017 0.534998
    outer loop
      vertex 31.8967 -15.1 9.0554
      vertex 32.1777 -15.1 9.4991
      vertex 32.1777 15.1 9.4991
    endloop
  endfacet
  facet normal -0.844854 1.25874e-016 0.534998
    outer loop
      vertex 31.8967 15.1 9.0554
      vertex 31.8967 -15.1 9.0554
      vertex 32.1777 15.1 9.4991
    endloop
  endfacet
  facet normal 0 1 -4.92786e-016
    outer loop
      vertex 12.837 -15.1 15
      vertex 12.9255 -15.1 11.3953
      vertex 12.7484 -15.1 15
    endloop
  endfacet
  facet normal 4.36042e-016 1 -2.47015e-016
    outer loop
      vertex 33.0745 -15.1 11.3953
      vertex 29.0041 -15.1 11.4013
      vertex 29.1734 -15.1 11.7002
    endloop
  endfacet
  facet normal 0 1 -2.9595e-013
    outer loop
      vertex 29.0003 -15.1 11.3953
      vertex 29.0041 -15.1 11.4013
      vertex 33.0745 -15.1 11.3953
    endloop
  endfacet
  facet normal 4.38112e-016 1 -2.20527e-016
    outer loop
      vertex 29.3279 -15.1 12.0071
      vertex 33.0745 -15.1 11.3953
      vertex 29.1734 -15.1 11.7002
    endloop
  endfacet
  facet normal 4.48061e-016 1 -1.72836e-016
    outer loop
      vertex 29.4672 -15.1 12.3212
      vertex 29.5908 -15.1 12.6418
      vertex 33.0745 -15.1 11.3953
    endloop
  endfacet
  facet normal 4.56002e-016 1 -1.50643e-016
    outer loop
      vertex 29.5908 -15.1 12.6418
      vertex 29.6193 -15.1 12.7281
      vertex 33.0745 -15.1 11.3953
    endloop
  endfacet
  facet normal 4.42121e-016 1 -1.95979e-016
    outer loop
      vertex 29.4672 -15.1 12.3212
      vertex 33.0745 -15.1 11.3953
      vertex 29.3279 -15.1 12.0071
    endloop
  endfacet
  facet normal 0 1 0
    outer loop
      vertex 16.0084 -15.1 14.6565
      vertex 13.014 -15.1 15
      vertex 16 -15.1 15
    endloop
  endfacet
  facet normal 0 1 0
    outer loop
      vertex 16.0084 -15.1 14.6565
      vertex 16.0337 -15.1 14.3139
      vertex 13.014 -15.1 15
    endloop
  endfacet
  facet normal 0 1 0
    outer loop
      vertex 16.0758 -15.1 13.9729
      vertex 13.014 -15.1 15
      vertex 16.0337 -15.1 14.3139
    endloop
  endfacet
  facet normal 0 1 0
    outer loop
      vertex 16.1345 -15.1 13.6344
      vertex 13.014 -15.1 15
      vertex 16.0758 -15.1 13.9729
    endloop
  endfacet
  facet normal -2.13365e-016 1 -4.87548e-016
    outer loop
      vertex 12.9255 -15.1 11.3953
      vertex 13.014 -15.1 15
      vertex 16.1345 -15.1 13.6344
    endloop
  endfacet
  facet normal -4.78566e-016 1 -1.07466e-016
    outer loop
      vertex 12.9255 -15.1 11.3953
      vertex 16.1345 -15.1 13.6344
      vertex 16.2098 -15.1 13.2991
    endloop
  endfacet
  facet normal -4.66092e-016 1 -1.28985e-016
    outer loop
      vertex 12.9255 -15.1 11.3953
      vertex 16.2098 -15.1 13.2991
      vertex 16.3014 -15.1 12.968
    endloop
  endfacet
  facet normal -4.56002e-016 1 -1.50643e-016
    outer loop
      vertex 12.9255 -15.1 11.3953
      vertex 16.3014 -15.1 12.968
      vertex 16.4092 -15.1 12.6418
    endloop
  endfacet
  facet normal -4.48061e-016 1 -1.72836e-016
    outer loop
      vertex 12.9255 -15.1 11.3953
      vertex 16.4092 -15.1 12.6418
      vertex 16.5328 -15.1 12.3212
    endloop
  endfacet
  facet normal -4.42121e-016 1 -1.95979e-016
    outer loop
      vertex 12.9255 -15.1 11.3953
      vertex 16.5328 -15.1 12.3212
      vertex 16.6721 -15.1 12.0071
    endloop
  endfacet
  facet normal -4.38112e-016 1 -2.20527e-016
    outer loop
      vertex 12.9255 -15.1 11.3953
      vertex 16.6721 -15.1 12.0071
      vertex 16.8266 -15.1 11.7002
    endloop
  endfacet
  facet normal -4.36042e-016 1 -2.47015e-016
    outer loop
      vertex 12.9255 -15.1 11.3953
      vertex 16.8266 -15.1 11.7002
      vertex 16.9785 -15.1 11.432
    endloop
  endfacet
  facet normal -4.36042e-016 1 -2.47015e-016
    outer loop
      vertex 12.9255 -15.1 11.3953
      vertex 16.9785 -15.1 11.432
      vertex 16.9959 -15.1 11.4013
    endloop
  endfacet
  facet normal 0 1 -2.9595e-013
    outer loop
      vertex 16.9997 -15.1 11.3953
      vertex 12.9255 -15.1 11.3953
      vertex 16.9959 -15.1 11.4013
    endloop
  endfacet
  facet normal 0 1 -4.92786e-016
    outer loop
      vertex 12.3908 -15.1 15
      vertex 12.9255 -15.1 11.3953
      vertex 12.3 -15.1 15
    endloop
  endfacet
  facet normal 2.24372e-014 1 5.03845e-015
    outer loop
      vertex 12.9255 -15.1 11.3953
      vertex 12.6207 -15.1 12.4001
      vertex 12.5056 -15.1 12.9125
    endloop
  endfacet
  facet normal 0 1 0
    outer loop
      vertex 13.8223 -15.1 9.4991
      vertex 16.9997 -15.1 11.3953
      vertex 17.0148 -15.1 11.3715
    endloop
  endfacet
  facet normal 0 1 0
    outer loop
      vertex 21.9729 -15.1 8.07576
      vertex 21.43 -15.1 4.41581
      vertex 20.9125 -15.1 4.5056
    endloop
  endfacet
  facet normal 0 1 0
    outer loop
      vertex 21.9729 -15.1 8.07576
      vertex 21.9512 -15.1 4.35152
      vertex 21.43 -15.1 4.41581
    endloop
  endfacet
  facet normal 0 1 0
    outer loop
      vertex 22.3139 -15.1 8.03371
      vertex 22.475 -15.1 4.31289
      vertex 21.9512 -15.1 4.35152
    endloop
  endfacet
  facet normal 0 1 0
    outer loop
      vertex 23 -15.1 8
      vertex 23 -15.1 4.3
      vertex 22.475 -15.1 4.31289
    endloop
  endfacet
  facet normal 0 1 0
    outer loop
      vertex 23 -15.1 8
      vertex 23.525 -15.1 4.31289
      vertex 23 -15.1 4.3
    endloop
  endfacet
  facet normal 0 1 0
    outer loop
      vertex 23.3435 -15.1 8.00843
      vertex 24.0488 -15.1 4.35152
      vertex 23.525 -15.1 4.31289
    endloop
  endfacet
  facet normal 0 1 0
    outer loop
      vertex 24.0271 -15.1 8.07576
      vertex 24.57 -15.1 4.41581
      vertex 24.0488 -15.1 4.35152
    endloop
  endfacet
  facet normal 0 1 0
    outer loop
      vertex 18.8023 -15.1 9.39924
      vertex 16.212 -15.1 6.72879
      vertex 18.5592 -15.1 9.58893
    endloop
  endfacet
  facet normal 0 1 0
    outer loop
      vertex 24.3656 -15.1 8.1345
      vertex 25.0875 -15.1 4.5056
      vertex 24.57 -15.1 4.41581
    endloop
  endfacet
  facet normal 0 1 0
    outer loop
      vertex 24.3656 -15.1 8.1345
      vertex 25.5999 -15.1 4.62067
      vertex 25.0875 -15.1 4.5056
    endloop
  endfacet
  facet normal 0 1 0
    outer loop
      vertex 25.032 -15.1 8.30142
      vertex 26.106 -15.1 4.76074
      vertex 25.5999 -15.1 4.62067
    endloop
  endfacet
  facet normal 0 1 0
    outer loop
      vertex 25.032 -15.1 8.30142
      vertex 26.6047 -15.1 4.92548
      vertex 26.106 -15.1 4.76074
    endloop
  endfacet
  facet normal 0 1 0
    outer loop
      vertex 25.3582 -15.1 8.40919
      vertex 27.0947 -15.1 5.11449
      vertex 26.6047 -15.1 4.92548
    endloop
  endfacet
  facet normal 0 1 0
    outer loop
      vertex 25.9929 -15.1 8.67207
      vertex 27.5748 -15.1 5.32731
      vertex 27.0947 -15.1 5.11449
    endloop
  endfacet
  facet normal 0 1 0
    outer loop
      vertex 25.9929 -15.1 8.67207
      vertex 28.0439 -15.1 5.56344
      vertex 27.5748 -15.1 5.32731
    endloop
  endfacet
  facet normal 0 1 0
    outer loop
      vertex 26.5987 -15.1 8.9959
      vertex 28.5009 -15.1 5.8223
      vertex 28.0439 -15.1 5.56344
    endloop
  endfacet
  facet normal 0 1 0
    outer loop
      vertex 26.5987 -15.1 8.9959
      vertex 28.9446 -15.1 6.10328
      vertex 28.5009 -15.1 5.8223
    endloop
  endfacet
  facet normal 0 1 0
    outer loop
      vertex 27.1699 -15.1 9.37755
      vertex 29.374 -15.1 6.40568
      vertex 28.9446 -15.1 6.10328
    endloop
  endfacet
  facet normal 0 1 0
    outer loop
      vertex 27.1977 -15.1 9.39924
      vertex 29.788 -15.1 6.72879
      vertex 29.374 -15.1 6.40568
    endloop
  endfacet
  facet normal 0 1 0
    outer loop
      vertex 27.4408 -15.1 9.58893
      vertex 30.1857 -15.1 7.07182
      vertex 29.788 -15.1 6.72879
    endloop
  endfacet
  facet normal 0 1 0
    outer loop
      vertex 27.9497 -15.1 10.0503
      vertex 30.566 -15.1 7.43396
      vertex 30.1857 -15.1 7.07182
    endloop
  endfacet
  facet normal 0 1 0
    outer loop
      vertex 28.1867 -15.1 10.2991
      vertex 30.9282 -15.1 7.81432
      vertex 30.566 -15.1 7.43396
    endloop
  endfacet
  facet normal 0 1 0
    outer loop
      vertex 28.1867 -15.1 10.2991
      vertex 31.2712 -15.1 8.21199
      vertex 30.9282 -15.1 7.81432
    endloop
  endfacet
  facet normal 0 1 0
    outer loop
      vertex 28.6225 -15.1 10.8301
      vertex 31.5943 -15.1 8.62602
      vertex 31.2712 -15.1 8.21199
    endloop
  endfacet
  facet normal 0 1 0
    outer loop
      vertex 28.6225 -15.1 10.8301
      vertex 31.8967 -15.1 9.0554
      vertex 31.5943 -15.1 8.62602
    endloop
  endfacet
  facet normal 0 1 0
    outer loop
      vertex 29.0003 -15.1 11.3953
      vertex 32.1777 -15.1 9.4991
      vertex 31.8967 -15.1 9.0554
    endloop
  endfacet
  facet normal 0 1 0
    outer loop
      vertex 29.0003 -15.1 11.3953
      vertex 32.4366 -15.1 9.95605
      vertex 32.1777 -15.1 9.4991
    endloop
  endfacet
  facet normal 0 1 0
    outer loop
      vertex 29.0003 -15.1 11.3953
      vertex 32.6727 -15.1 10.4252
      vertex 32.4366 -15.1 9.95605
    endloop
  endfacet
  facet normal 0 1 0
    outer loop
      vertex 29.0003 -15.1 11.3953
      vertex 32.8855 -15.1 10.9053
      vertex 32.6727 -15.1 10.4252
    endloop
  endfacet
  facet normal -0 1 0
    outer loop
      vertex 29.0003 -15.1 11.3953
      vertex 33.0745 -15.1 11.3953
      vertex 32.8855 -15.1 10.9053
    endloop
  endfacet
  facet normal 0 1 0
    outer loop
      vertex 25.9929 -15.1 8.67207
      vertex 27.0947 -15.1 5.11449
      vertex 25.6788 -15.1 8.53284
    endloop
  endfacet
  facet normal 0 1 0
    outer loop
      vertex 26.2998 -15.1 8.82655
      vertex 28.0439 -15.1 5.56344
      vertex 25.9929 -15.1 8.67207
    endloop
  endfacet
  facet normal 0 1 0
    outer loop
      vertex 26.5987 -15.1 8.9959
      vertex 28.0439 -15.1 5.56344
      vertex 26.2998 -15.1 8.82655
    endloop
  endfacet
  facet normal 0 1 0
    outer loop
      vertex 26.889 -15.1 9.17971
      vertex 28.9446 -15.1 6.10328
      vertex 26.5987 -15.1 8.9959
    endloop
  endfacet
  facet normal 0 1 0
    outer loop
      vertex 27.1699 -15.1 9.37755
      vertex 28.9446 -15.1 6.10328
      vertex 26.889 -15.1 9.17971
    endloop
  endfacet
  facet normal 0 1 0
    outer loop
      vertex 27.1977 -15.1 9.39924
      vertex 29.374 -15.1 6.40568
      vertex 27.1699 -15.1 9.37755
    endloop
  endfacet
  facet normal 0 1 0
    outer loop
      vertex 27.4408 -15.1 9.58893
      vertex 29.788 -15.1 6.72879
      vertex 27.1977 -15.1 9.39924
    endloop
  endfacet
  facet normal 0 1 0
    outer loop
      vertex 27.7009 -15.1 9.81334
      vertex 30.1857 -15.1 7.07182
      vertex 27.4408 -15.1 9.58893
    endloop
  endfacet
  facet normal 0 1 0
    outer loop
      vertex 27.9497 -15.1 10.0503
      vertex 30.1857 -15.1 7.07182
      vertex 27.7009 -15.1 9.81334
    endloop
  endfacet
  facet normal 0 1 0
    outer loop
      vertex 28.1867 -15.1 10.2991
      vertex 30.566 -15.1 7.43396
      vertex 27.9497 -15.1 10.0503
    endloop
  endfacet
  facet normal 0 1 0
    outer loop
      vertex 28.4111 -15.1 10.5592
      vertex 31.2712 -15.1 8.21199
      vertex 28.1867 -15.1 10.2991
    endloop
  endfacet
  facet normal -0 1 0
    outer loop
      vertex 28.6225 -15.1 10.8301
      vertex 28.8203 -15.1 11.111
      vertex 31.8967 -15.1 9.0554
    endloop
  endfacet
  facet normal -0 1 0
    outer loop
      vertex 28.8203 -15.1 11.111
      vertex 29.0003 -15.1 11.3953
      vertex 31.8967 -15.1 9.0554
    endloop
  endfacet
  facet normal 0 1 0
    outer loop
      vertex 28.6225 -15.1 10.8301
      vertex 31.2712 -15.1 8.21199
      vertex 28.4111 -15.1 10.5592
    endloop
  endfacet
  facet normal 0 1 0
    outer loop
      vertex 25.6788 -15.1 8.53284
      vertex 27.0947 -15.1 5.11449
      vertex 25.3582 -15.1 8.40919
    endloop
  endfacet
  facet normal 0 1 0
    outer loop
      vertex 25.3582 -15.1 8.40919
      vertex 26.6047 -15.1 4.92548
      vertex 25.032 -15.1 8.30142
    endloop
  endfacet
  facet normal 0 1 0
    outer loop
      vertex 25.032 -15.1 8.30142
      vertex 25.5999 -15.1 4.62067
      vertex 24.7009 -15.1 8.20978
    endloop
  endfacet
  facet normal 0 1 0
    outer loop
      vertex 24.7009 -15.1 8.20978
      vertex 25.5999 -15.1 4.62067
      vertex 24.3656 -15.1 8.1345
    endloop
  endfacet
  facet normal 0 1 0
    outer loop
      vertex 24.3656 -15.1 8.1345
      vertex 24.57 -15.1 4.41581
      vertex 24.0271 -15.1 8.07576
    endloop
  endfacet
  facet normal 0 1 0
    outer loop
      vertex 24.0271 -15.1 8.07576
      vertex 24.0488 -15.1 4.35152
      vertex 23.6861 -15.1 8.03371
    endloop
  endfacet
  facet normal 0 1 0
    outer loop
      vertex 23.6861 -15.1 8.03371
      vertex 24.0488 -15.1 4.35152
      vertex 23.3435 -15.1 8.00843
    endloop
  endfacet
  facet normal 0 1 0
    outer loop
      vertex 23.3435 -15.1 8.00843
      vertex 23.525 -15.1 4.31289
      vertex 23 -15.1 8
    endloop
  endfacet
  facet normal 0 1 0
    outer loop
      vertex 23 -15.1 8
      vertex 22.475 -15.1 4.31289
      vertex 22.6565 -15.1 8.00843
    endloop
  endfacet
  facet normal 0 1 0
    outer loop
      vertex 22.6565 -15.1 8.00843
      vertex 22.475 -15.1 4.31289
      vertex 22.3139 -15.1 8.03371
    endloop
  endfacet
  facet normal 0 1 0
    outer loop
      vertex 22.3139 -15.1 8.03371
      vertex 21.9512 -15.1 4.35152
      vertex 21.9729 -15.1 8.07576
    endloop
  endfacet
  facet normal 0 1 0
    outer loop
      vertex 21.9729 -15.1 8.07576
      vertex 20.9125 -15.1 4.5056
      vertex 21.6344 -15.1 8.1345
    endloop
  endfacet
  facet normal 0 1 0
    outer loop
      vertex 21.6344 -15.1 8.1345
      vertex 20.9125 -15.1 4.5056
      vertex 21.2991 -15.1 8.20978
    endloop
  endfacet
  facet normal 0 1 0
    outer loop
      vertex 21.2991 -15.1 8.20978
      vertex 19.894 -15.1 4.76074
      vertex 20.968 -15.1 8.30142
    endloop
  endfacet
  facet normal 0 1 0
    outer loop
      vertex 20.968 -15.1 8.30142
      vertex 19.3953 -15.1 4.92548
      vertex 20.6418 -15.1 8.40919
    endloop
  endfacet
  facet normal 0 1 0
    outer loop
      vertex 20.6418 -15.1 8.40919
      vertex 19.3953 -15.1 4.92548
      vertex 20.3212 -15.1 8.53284
    endloop
  endfacet
  facet normal 0 1 0
    outer loop
      vertex 20.3212 -15.1 8.53284
      vertex 18.4252 -15.1 5.32731
      vertex 20.0071 -15.1 8.67207
    endloop
  endfacet
  facet normal 0 1 0
    outer loop
      vertex 20.0071 -15.1 8.67207
      vertex 18.4252 -15.1 5.32731
      vertex 19.7002 -15.1 8.82655
    endloop
  endfacet
  facet normal 0 1 0
    outer loop
      vertex 19.7002 -15.1 8.82655
      vertex 17.4991 -15.1 5.8223
      vertex 19.4013 -15.1 8.9959
    endloop
  endfacet
  facet normal 0 1 0
    outer loop
      vertex 19.4013 -15.1 8.9959
      vertex 17.0554 -15.1 6.10328
      vertex 19.111 -15.1 9.17971
    endloop
  endfacet
  facet normal 0 1 0
    outer loop
      vertex 19.111 -15.1 9.17971
      vertex 17.0554 -15.1 6.10328
      vertex 18.8301 -15.1 9.37755
    endloop
  endfacet
  facet normal 0 1 0
    outer loop
      vertex 18.8301 -15.1 9.37755
      vertex 16.626 -15.1 6.40568
      vertex 18.8023 -15.1 9.39924
    endloop
  endfacet
  facet normal 0 1 0
    outer loop
      vertex 18.5592 -15.1 9.58893
      vertex 16.212 -15.1 6.72879
      vertex 18.2991 -15.1 9.81334
    endloop
  endfacet
  facet normal 0 1 0
    outer loop
      vertex 18.2991 -15.1 9.81334
      vertex 15.434 -15.1 7.43396
      vertex 18.0503 -15.1 10.0503
    endloop
  endfacet
  facet normal 0 1 0
    outer loop
      vertex 18.0503 -15.1 10.0503
      vertex 15.434 -15.1 7.43396
      vertex 17.8133 -15.1 10.2991
    endloop
  endfacet
  facet normal 0 1 0
    outer loop
      vertex 17.8133 -15.1 10.2991
      vertex 14.7288 -15.1 8.21199
      vertex 17.5889 -15.1 10.5592
    endloop
  endfacet
  facet normal 0 1 0
    outer loop
      vertex 17.5889 -15.1 10.5592
      vertex 14.7288 -15.1 8.21199
      vertex 17.3775 -15.1 10.8301
    endloop
  endfacet
  facet normal 0 1 0
    outer loop
      vertex 17.3775 -15.1 10.8301
      vertex 14.1033 -15.1 9.0554
      vertex 17.1797 -15.1 11.111
    endloop
  endfacet
  facet normal 0 1 0
    outer loop
      vertex 17.1797 -15.1 11.111
      vertex 14.1033 -15.1 9.0554
      vertex 17.0148 -15.1 11.3715
    endloop
  endfacet
  facet normal -0 1 0
    outer loop
      vertex 20.4001 -15.1 4.62067
      vertex 21.2991 -15.1 8.20978
      vertex 20.9125 -15.1 4.5056
    endloop
  endfacet
  facet normal -0 1 0
    outer loop
      vertex 19.894 -15.1 4.76074
      vertex 21.2991 -15.1 8.20978
      vertex 20.4001 -15.1 4.62067
    endloop
  endfacet
  facet normal -0 1 0
    outer loop
      vertex 19.3953 -15.1 4.92548
      vertex 20.968 -15.1 8.30142
      vertex 19.894 -15.1 4.76074
    endloop
  endfacet
  facet normal -0 1 0
    outer loop
      vertex 18.9053 -15.1 5.11449
      vertex 20.3212 -15.1 8.53284
      vertex 19.3953 -15.1 4.92548
    endloop
  endfacet
  facet normal -0 1 0
    outer loop
      vertex 18.4252 -15.1 5.32731
      vertex 20.3212 -15.1 8.53284
      vertex 18.9053 -15.1 5.11449
    endloop
  endfacet
  facet normal -0 1 0
    outer loop
      vertex 17.9561 -15.1 5.56344
      vertex 19.7002 -15.1 8.82655
      vertex 18.4252 -15.1 5.32731
    endloop
  endfacet
  facet normal -0 1 0
    outer loop
      vertex 17.4991 -15.1 5.8223
      vertex 19.7002 -15.1 8.82655
      vertex 17.9561 -15.1 5.56344
    endloop
  endfacet
  facet normal -0 1 0
    outer loop
      vertex 17.0554 -15.1 6.10328
      vertex 19.4013 -15.1 8.9959
      vertex 17.4991 -15.1 5.8223
    endloop
  endfacet
  facet normal -0 1 0
    outer loop
      vertex 16.626 -15.1 6.40568
      vertex 18.8301 -15.1 9.37755
      vertex 17.0554 -15.1 6.10328
    endloop
  endfacet
  facet normal -0 1 0
    outer loop
      vertex 16.212 -15.1 6.72879
      vertex 18.8023 -15.1 9.39924
      vertex 16.626 -15.1 6.40568
    endloop
  endfacet
  facet normal -0 1 0
    outer loop
      vertex 15.8143 -15.1 7.07182
      vertex 18.2991 -15.1 9.81334
      vertex 16.212 -15.1 6.72879
    endloop
  endfacet
  facet normal -0 1 0
    outer loop
      vertex 15.434 -15.1 7.43396
      vertex 18.2991 -15.1 9.81334
      vertex 15.8143 -15.1 7.07182
    endloop
  endfacet
  facet normal -0 1 0
    outer loop
      vertex 15.0718 -15.1 7.81432
      vertex 17.8133 -15.1 10.2991
      vertex 15.434 -15.1 7.43396
    endloop
  endfacet
  facet normal -0 1 0
    outer loop
      vertex 14.7288 -15.1 8.21199
      vertex 17.8133 -15.1 10.2991
      vertex 15.0718 -15.1 7.81432
    endloop
  endfacet
  facet normal -0 1 0
    outer loop
      vertex 14.4057 -15.1 8.62602
      vertex 17.3775 -15.1 10.8301
      vertex 14.7288 -15.1 8.21199
    endloop
  endfacet
  facet normal -0 1 0
    outer loop
      vertex 14.1033 -15.1 9.0554
      vertex 17.3775 -15.1 10.8301
      vertex 14.4057 -15.1 8.62602
    endloop
  endfacet
  facet normal -0 1 0
    outer loop
      vertex 13.8223 -15.1 9.4991
      vertex 17.0148 -15.1 11.3715
      vertex 14.1033 -15.1 9.0554
    endloop
  endfacet
  facet normal -0 1 0
    outer loop
      vertex 13.5634 -15.1 9.95605
      vertex 16.9997 -15.1 11.3953
      vertex 13.8223 -15.1 9.4991
    endloop
  endfacet
  facet normal -0 1 0
    outer loop
      vertex 13.3273 -15.1 10.4252
      vertex 16.9997 -15.1 11.3953
      vertex 13.5634 -15.1 9.95605
    endloop
  endfacet
  facet normal -0 1 0
    outer loop
      vertex 13.1145 -15.1 10.9053
      vertex 16.9997 -15.1 11.3953
      vertex 13.3273 -15.1 10.4252
    endloop
  endfacet
  facet normal -0 1 0
    outer loop
      vertex 12.9255 -15.1 11.3953
      vertex 16.9997 -15.1 11.3953
      vertex 13.1145 -15.1 10.9053
    endloop
  endfacet
  facet normal 0 -1 0
    outer loop
      vertex 12.3515 15.1 13.9512
      vertex 12.4158 15.1 13.43
      vertex 12.6487 15.1 15
    endloop
  endfacet
  facet normal 0 -1 -0
    outer loop
      vertex 12.5335 15.1 15
      vertex 12.3515 15.1 13.9512
      vertex 12.6487 15.1 15
    endloop
  endfacet
  facet normal 0 1 -4.92786e-016
    outer loop
      vertex 33.0745 -15.1 15
      vertex 33.163 -15.1 15
      vertex 33.0745 -15.1 11.3953
    endloop
  endfacet
  facet normal 0 -1 0
    outer loop
      vertex 12.4158 15.1 13.43
      vertex 12.5056 15.1 12.9125
      vertex 12.7631 15.1 15
    endloop
  endfacet
  facet normal 0 -1 -0
    outer loop
      vertex 12.6487 15.1 15
      vertex 12.4158 15.1 13.43
      vertex 12.7631 15.1 15
    endloop
  endfacet
  facet normal 0 1 -4.92786e-016
    outer loop
      vertex 12.5704 -15.1 15
      vertex 12.9255 -15.1 11.3953
      vertex 12.4809 -15.1 15
    endloop
  endfacet
  facet normal 0 1 -4.92786e-016
    outer loop
      vertex 12.4809 -15.1 15
      vertex 12.9255 -15.1 11.3953
      vertex 12.3908 -15.1 15
    endloop
  endfacet
  facet normal 1.55404e-016 -1 4.0287e-016
    outer loop
      vertex 18.9053 15.1 5.11449
      vertex 19.3953 15.1 4.92548
      vertex 12.7607 15.1 11.894
    endloop
  endfacet
  facet normal 0.788346 1.43498e-016 0.615232
    outer loop
      vertex 14.4057 15.1 8.62602
      vertex 14.7288 -15.1 8.21199
      vertex 14.7288 15.1 8.21199
    endloop
  endfacet
  facet normal 0.788346 1.44751e-016 0.615232
    outer loop
      vertex 14.4057 15.1 8.62602
      vertex 14.4057 -15.1 8.62602
      vertex 14.7288 -15.1 8.21199
    endloop
  endfacet
  facet normal 0.975702 5.16244e-017 0.219101
    outer loop
      vertex 12.5056 15.1 12.9125
      vertex 12.6207 -15.1 12.4001
      vertex 12.6207 15.1 12.4001
    endloop
  endfacet
  facet normal 0.975702 5.15499e-017 0.219101
    outer loop
      vertex 12.5056 15.1 12.9125
      vertex 12.5056 -15.1 12.9125
      vertex 12.6207 -15.1 12.4001
    endloop
  endfacet
  facet normal 0 1 -4.92786e-016
    outer loop
      vertex 33.0745 -15.1 15
      vertex 33.0745 -15.1 11.3953
      vertex 32.986 -15.1 15
    endloop
  endfacet
  facet normal 6.8662e-015 1 8.46865e-016
    outer loop
      vertex 12.9255 -15.1 11.3953
      vertex 12.4158 -15.1 13.43
      vertex 12.3515 -15.1 13.9512
    endloop
  endfacet
  facet normal -6.43136e-014 -1 2.48085e-014
    outer loop
      vertex 33.0745 15.1 11.3953
      vertex 33.2393 15.1 11.894
      vertex 32.8855 15.1 10.9053
    endloop
  endfacet
  facet normal 0 1 -4.92786e-016
    outer loop
      vertex 33.6092 -15.1 15
      vertex 33.7 -15.1 15
      vertex 33.0745 -15.1 11.3953
    endloop
  endfacet
  facet normal -0.0735646 2.34716e-016 0.99729
    outer loop
      vertex 23.525 15.1 4.31289
      vertex 24.0488 -15.1 4.35152
      vertex 24.0488 15.1 4.35152
    endloop
  endfacet
  facet normal -0.0735646 2.34642e-016 0.99729
    outer loop
      vertex 23.525 15.1 4.31289
      vertex 23.525 -15.1 4.31289
      vertex 24.0488 -15.1 4.35152
    endloop
  endfacet
  facet normal -1.55404e-016 -1 4.0287e-016
    outer loop
      vertex 27.0947 15.1 5.11449
      vertex 33.2393 15.1 11.894
      vertex 26.6047 15.1 4.92548
    endloop
  endfacet
  facet normal -6.8662e-015 1 8.46865e-016
    outer loop
      vertex 33.6485 -15.1 13.9512
      vertex 33.5842 -15.1 13.43
      vertex 33.0745 -15.1 11.3953
    endloop
  endfacet
  facet normal 0 1 -4.92786e-016
    outer loop
      vertex 12.9255 -15.1 15
      vertex 12.9255 -15.1 11.3953
      vertex 12.837 -15.1 15
    endloop
  endfacet
  facet normal 0 1 -4.92786e-016
    outer loop
      vertex 12.9255 -15.1 15
      vertex 13.014 -15.1 15
      vertex 12.9255 -15.1 11.3953
    endloop
  endfacet
  facet normal 0 1 -4.92786e-016
    outer loop
      vertex 12.6596 -15.1 15
      vertex 12.9255 -15.1 11.3953
      vertex 12.5704 -15.1 15
    endloop
  endfacet
  facet normal 0 1 -4.92786e-016
    outer loop
      vertex 12.7484 -15.1 15
      vertex 12.9255 -15.1 11.3953
      vertex 12.6596 -15.1 15
    endloop
  endfacet
  facet normal 0.266713 2.27497e-016 0.963776
    outer loop
      vertex 19.894 15.1 4.76074
      vertex 20.4001 -15.1 4.62067
      vertex 20.4001 15.1 4.62067
    endloop
  endfacet
  facet normal 0.266713 2.26756e-016 0.963776
    outer loop
      vertex 19.894 15.1 4.76074
      vertex 19.894 -15.1 4.76074
      vertex 20.4001 -15.1 4.62067
    endloop
  endfacet
  facet normal 9.52832e-017 -1 3.44309e-016
    outer loop
      vertex 19.894 15.1 4.76074
      vertex 20.4001 15.1 4.62067
      vertex 12.7607 15.1 11.894
    endloop
  endfacet
  facet normal 0.359895 2.19623e-016 0.932993
    outer loop
      vertex 18.9053 15.1 5.11449
      vertex 19.3953 -15.1 4.92548
      vertex 19.3953 15.1 4.92548
    endloop
  endfacet
  facet normal 0.359895 2.19514e-016 0.932993
    outer loop
      vertex 18.9053 15.1 5.11449
      vertex 18.9053 -15.1 5.11449
      vertex 19.3953 -15.1 4.92548
    endloop
  endfacet
  facet normal 3.66273e-016 -1 5.78408e-016
    outer loop
      vertex 17.0554 15.1 6.10328
      vertex 17.4991 15.1 5.8223
      vertex 12.7607 15.1 11.894
    endloop
  endfacet
  facet normal 3.90444e-015 -1 2.47246e-015
    outer loop
      vertex 13.8223 15.1 9.4991
      vertex 14.1033 15.1 9.0554
      vertex 12.7607 15.1 11.894
    endloop
  endfacet
  facet normal 0.949528 7.34992e-017 0.313682
    outer loop
      vertex 12.7607 -15.1 11.894
      vertex 12.9255 -15.1 11.3953
      vertex 12.9255 15.1 11.3953
    endloop
  endfacet
  facet normal 0.949528 7.38027e-017 0.313682
    outer loop
      vertex 12.7607 15.1 11.894
      vertex 12.7607 -15.1 11.894
      vertex 12.9255 15.1 11.3953
    endloop
  endfacet
  facet normal 0.99248 2.88747e-017 0.122411
    outer loop
      vertex 12.3515 15.1 13.9512
      vertex 12.4158 -15.1 13.43
      vertex 12.4158 15.1 13.43
    endloop
  endfacet
  facet normal 0.99248 2.88007e-017 0.122411
    outer loop
      vertex 12.3515 15.1 13.9512
      vertex 12.3515 -15.1 13.9512
      vertex 12.4158 -15.1 13.43
    endloop
  endfacet
  facet normal 4.60891e-015 1 3.39974e-016
    outer loop
      vertex 12.9255 -15.1 11.3953
      vertex 12.3515 -15.1 13.9512
      vertex 12.3129 -15.1 14.475
    endloop
  endfacet
  facet normal 0 1 -4.92786e-016
    outer loop
      vertex 33.163 -15.1 15
      vertex 33.2516 -15.1 15
      vertex 33.0745 -15.1 11.3953
    endloop
  endfacet
  facet normal 0 1 -4.92786e-016
    outer loop
      vertex 33.2516 -15.1 15
      vertex 33.3404 -15.1 15
      vertex 33.0745 -15.1 11.3953
    endloop
  endfacet
  facet normal -1.12924e-015 -1 1.07513e-015
    outer loop
      vertex 30.9282 15.1 7.81432
      vertex 33.2393 15.1 11.894
      vertex 30.566 15.1 7.43396
    endloop
  endfacet
  facet normal 0 -1 0
    outer loop
      vertex 33.0101 15.1 15
      vertex 33.2393 15.1 11.894
      vertex 33.3793 15.1 12.4001
    endloop
  endfacet
  facet normal -0 -1 -0
    outer loop
      vertex 33.1233 15.1 15
      vertex 33.0101 15.1 15
      vertex 33.3793 15.1 12.4001
    endloop
  endfacet
  facet normal -1.94144e-016 -1 4.37982e-016
    outer loop
      vertex 27.5748 15.1 5.32731
      vertex 33.2393 15.1 11.894
      vertex 27.0947 15.1 5.11449
    endloop
  endfacet
  facet normal -5.15958e-017 -1 2.97354e-016
    outer loop
      vertex 25.0875 15.1 4.5056
      vertex 33.2393 15.1 11.894
      vertex 24.57 15.1 4.41581
    endloop
  endfacet
  facet normal -0.449611 1.83887e-016 0.893224
    outer loop
      vertex 28.0439 -15.1 5.56344
      vertex 28.0439 15.1 5.56344
      vertex 27.5748 15.1 5.32731
    endloop
  endfacet
  facet normal 5.93892e-018 -1 2.41925e-016
    outer loop
      vertex 22.475 15.1 4.31289
      vertex 23 15.1 4.3
      vertex 12.7607 15.1 11.894
    endloop
  endfacet
  facet normal 7.17718e-017 -1 3.19615e-016
    outer loop
      vertex 20.4001 15.1 4.62067
      vertex 20.9125 15.1 4.5056
      vertex 12.7607 15.1 11.894
    endloop
  endfacet
  facet normal 2.9707e-016 -1 5.24401e-016
    outer loop
      vertex 17.4991 15.1 5.8223
      vertex 17.9561 15.1 5.56344
      vertex 12.7607 15.1 11.894
    endloop
  endfacet
  facet normal 0.689541 1.491e-016 0.724247
    outer loop
      vertex 15.8143 -15.1 7.07182
      vertex 15.8143 15.1 7.07182
      vertex 15.434 15.1 7.43396
    endloop
  endfacet
  facet normal 2.70539e-015 -1 1.90535e-015
    outer loop
      vertex 14.1033 15.1 9.0554
      vertex 14.4057 15.1 8.62602
      vertex 12.7607 15.1 11.894
    endloop
  endfacet
  facet normal 0.724247 1.41748e-016 0.689541
    outer loop
      vertex 15.434 15.1 7.43396
      vertex 15.0718 15.1 7.81432
      vertex 15.0718 -15.1 7.81432
    endloop
  endfacet
  facet normal 2.10232e-014 -1 9.31893e-015
    outer loop
      vertex 13.1145 15.1 10.9053
      vertex 13.3273 15.1 10.4252
      vertex 12.7607 15.1 11.894
    endloop
  endfacet
  facet normal 1.02827e-014 -1 5.17587e-015
    outer loop
      vertex 13.3273 15.1 10.4252
      vertex 13.5634 15.1 9.95605
      vertex 12.7607 15.1 11.894
    endloop
  endfacet
  facet normal 0.963776 6.29993e-017 0.266713
    outer loop
      vertex 12.6207 15.1 12.4001
      vertex 12.7607 -15.1 11.894
      vertex 12.7607 15.1 11.894
    endloop
  endfacet
  facet normal 0.963776 6.27519e-017 0.266713
    outer loop
      vertex 12.6207 15.1 12.4001
      vertex 12.6207 -15.1 12.4001
      vertex 12.7607 -15.1 11.894
    endloop
  endfacet
  facet normal 6.64356e-014 1 1.83852e-014
    outer loop
      vertex 12.9255 -15.1 11.3953
      vertex 12.7607 -15.1 11.894
      vertex 12.6207 -15.1 12.4001
    endloop
  endfacet
  facet normal 0.985278 4.02496e-017 0.170962
    outer loop
      vertex 12.4158 15.1 13.43
      vertex 12.5056 -15.1 12.9125
      vertex 12.5056 15.1 12.9125
    endloop
  endfacet
  facet normal 0.985278 4.02238e-017 0.170962
    outer loop
      vertex 12.4158 15.1 13.43
      vertex 12.4158 -15.1 13.43
      vertex 12.5056 -15.1 12.9125
    endloop
  endfacet
  facet normal 1.13424e-014 1 1.96809e-015
    outer loop
      vertex 12.9255 -15.1 11.3953
      vertex 12.5056 -15.1 12.9125
      vertex 12.4158 -15.1 13.43
    endloop
  endfacet
  facet normal 0 -1 0
    outer loop
      vertex 12.7607 15.1 11.894
      vertex 16.729 15.1 11.894
      vertex 16.6721 15.1 12.0071
    endloop
  endfacet
  facet normal 0 -1 -0
    outer loop
      vertex 16.5328 15.1 12.3212
      vertex 12.7607 15.1 11.894
      vertex 16.6721 15.1 12.0071
    endloop
  endfacet
  facet normal 0 -1 -0
    outer loop
      vertex 16.4092 15.1 12.6418
      vertex 12.7607 15.1 11.894
      vertex 16.5328 15.1 12.3212
    endloop
  endfacet
  facet normal 0 -1 -0
    outer loop
      vertex 16.3014 15.1 12.968
      vertex 12.7607 15.1 11.894
      vertex 16.4092 15.1 12.6418
    endloop
  endfacet
  facet normal 0 -1 -0
    outer loop
      vertex 16.2098 15.1 13.2991
      vertex 12.7607 15.1 11.894
      vertex 16.3014 15.1 12.968
    endloop
  endfacet
  facet normal 0 -1 -0
    outer loop
      vertex 16.1345 15.1 13.6344
      vertex 12.7607 15.1 11.894
      vertex 16.2098 15.1 13.2991
    endloop
  endfacet
  facet normal -0 -1 -0
    outer loop
      vertex 16.0758 15.1 13.9729
      vertex 12.9899 15.1 15
      vertex 16.1345 15.1 13.6344
    endloop
  endfacet
  facet normal -0 -1 -0
    outer loop
      vertex 16.0337 15.1 14.3139
      vertex 12.9899 15.1 15
      vertex 16.0758 15.1 13.9729
    endloop
  endfacet
  facet normal -0 -1 -0
    outer loop
      vertex 16.0084 15.1 14.6565
      vertex 12.9899 15.1 15
      vertex 16.0337 15.1 14.3139
    endloop
  endfacet
  facet normal -0 -1 -0
    outer loop
      vertex 16 15.1 15
      vertex 12.9899 15.1 15
      vertex 16.0084 15.1 14.6565
    endloop
  endfacet
  facet normal 0 -1 0
    outer loop
      vertex 12.7607 15.1 11.894
      vertex 16.1345 15.1 13.6344
      vertex 12.9899 15.1 15
    endloop
  endfacet
  facet normal 0 -1 0
    outer loop
      vertex 29.6986 15.1 12.968
      vertex 33.2393 15.1 11.894
      vertex 29.7715 15.1 13.2316
    endloop
  endfacet
  facet normal 0 -1 -0
    outer loop
      vertex 29.6986 15.1 12.968
      vertex 29.5908 15.1 12.6418
      vertex 33.2393 15.1 11.894
    endloop
  endfacet
  facet normal 0 -1 0
    outer loop
      vertex 29.4672 15.1 12.3212
      vertex 33.2393 15.1 11.894
      vertex 29.5908 15.1 12.6418
    endloop
  endfacet
  facet normal 0 -1 0
    outer loop
      vertex 29.3279 15.1 12.0071
      vertex 33.2393 15.1 11.894
      vertex 29.4672 15.1 12.3212
    endloop
  endfacet
  facet normal 0 -1 0
    outer loop
      vertex 29.271 15.1 11.894
      vertex 33.2393 15.1 11.894
      vertex 29.3279 15.1 12.0071
    endloop
  endfacet
  facet normal 0.99729 1.72811e-017 0.0735646
    outer loop
      vertex 12.3129 15.1 14.475
      vertex 12.3515 -15.1 13.9512
      vertex 12.3515 15.1 13.9512
    endloop
  endfacet
  facet normal 0.99729 1.73082e-017 0.0735646
    outer loop
      vertex 12.3129 15.1 14.475
      vertex 12.3129 -15.1 14.475
      vertex 12.3515 -15.1 13.9512
    endloop
  endfacet
  facet normal -3.308e-015 1 8.12069e-017
    outer loop
      vertex 33.6871 -15.1 14.475
      vertex 33.0745 -15.1 11.3953
      vertex 33.7 -15.1 15
    endloop
  endfacet
  facet normal -0.985278 4.02496e-017 0.170962
    outer loop
      vertex 33.4944 -15.1 12.9125
      vertex 33.5842 -15.1 13.43
      vertex 33.5842 15.1 13.43
    endloop
  endfacet
  facet normal -0.985278 4.02238e-017 0.170962
    outer loop
      vertex 33.4944 15.1 12.9125
      vertex 33.4944 -15.1 12.9125
      vertex 33.5842 15.1 13.43
    endloop
  endfacet
  facet normal -6.64356e-014 1 1.83852e-014
    outer loop
      vertex 33.3793 -15.1 12.4001
      vertex 33.2393 -15.1 11.894
      vertex 33.0745 -15.1 11.3953
    endloop
  endfacet
  facet normal -0.359895 2.19623e-016 0.932993
    outer loop
      vertex 26.6047 15.1 4.92548
      vertex 27.0947 -15.1 5.11449
      vertex 27.0947 15.1 5.11449
    endloop
  endfacet
  facet normal -0.359895 2.19514e-016 0.932993
    outer loop
      vertex 26.6047 15.1 4.92548
      vertex 26.6047 -15.1 4.92548
      vertex 27.0947 -15.1 5.11449
    endloop
  endfacet
  facet normal -3.41857e-017 -1 2.77171e-016
    outer loop
      vertex 24.57 15.1 4.41581
      vertex 33.2393 15.1 11.894
      vertex 24.0488 15.1 4.35152
    endloop
  endfacet
  facet normal -7.17718e-017 -1 3.19615e-016
    outer loop
      vertex 25.5999 15.1 4.62067
      vertex 33.2393 15.1 11.894
      vertex 25.0875 15.1 4.5056
    endloop
  endfacet
  facet normal -0.870087 8.6624e-017 0.492898
    outer loop
      vertex 32.4366 15.1 9.95605
      vertex 32.1777 15.1 9.4991
      vertex 32.1777 -15.1 9.4991
    endloop
  endfacet
  facet normal -5.60844e-016 -1 7.18655e-016
    outer loop
      vertex 29.788 15.1 6.72879
      vertex 33.2393 15.1 11.894
      vertex 29.374 15.1 6.40568
    endloop
  endfacet
  facet normal -8.83205e-016 -1 9.27659e-016
    outer loop
      vertex 30.566 15.1 7.43396
      vertex 33.2393 15.1 11.894
      vertex 30.1857 15.1 7.07182
    endloop
  endfacet
  facet normal 0 1 -4.92786e-016
    outer loop
      vertex 33.3404 -15.1 15
      vertex 33.4296 -15.1 15
      vertex 33.0745 -15.1 11.3953
    endloop
  endfacet
  facet normal 0 -1 9.16919e-015
    outer loop
      vertex 29.271 15.1 11.894
      vertex 29.1734 15.1 11.7002
      vertex 33.2393 15.1 11.894
    endloop
  endfacet
  facet normal 4.49021e-016 -1 -2.54367e-016
    outer loop
      vertex 29.1734 15.1 11.7002
      vertex 29.0041 15.1 11.4013
      vertex 33.2393 15.1 11.894
    endloop
  endfacet
  facet normal 4.52785e-016 -1 -2.86723e-016
    outer loop
      vertex 29.0041 15.1 11.4013
      vertex 28.8203 15.1 11.111
      vertex 33.2393 15.1 11.894
    endloop
  endfacet
  facet normal 4.59296e-016 -1 -3.23473e-016
    outer loop
      vertex 28.8203 15.1 11.111
      vertex 28.6225 15.1 10.8301
      vertex 33.2393 15.1 11.894
    endloop
  endfacet
  facet normal 4.6912e-016 -1 -3.66105e-016
    outer loop
      vertex 28.6225 15.1 10.8301
      vertex 28.4111 15.1 10.5592
      vertex 33.2393 15.1 11.894
    endloop
  endfacet
  facet normal 6.24403e-016 -1 -8.00098e-016
    outer loop
      vertex 27.1699 15.1 9.37755
      vertex 33.2393 15.1 11.894
      vertex 27.413 15.1 9.56723
    endloop
  endfacet
  facet normal 4.83118e-016 -1 -4.1674e-016
    outer loop
      vertex 28.4111 15.1 10.5592
      vertex 28.1867 15.1 10.2991
      vertex 33.2393 15.1 11.894
    endloop
  endfacet
  facet normal 4.4378e-016 -1 -3.64451e-016
    outer loop
      vertex 27.1699 15.1 9.37755
      vertex 23 15.1 4.3
      vertex 33.2393 15.1 11.894
    endloop
  endfacet
  facet normal 5.02624e-016 -1 -4.78538e-016
    outer loop
      vertex 27.9497 15.1 10.0503
      vertex 33.2393 15.1 11.894
      vertex 28.1867 15.1 10.2991
    endloop
  endfacet
  facet normal 5.29779e-016 -1 -5.56444e-016
    outer loop
      vertex 27.7009 15.1 9.81334
      vertex 33.2393 15.1 11.894
      vertex 27.9497 15.1 10.0503
    endloop
  endfacet
  facet normal 5.6819e-016 -1 -6.5869e-016
    outer loop
      vertex 27.4408 15.1 9.58893
      vertex 33.2393 15.1 11.894
      vertex 27.7009 15.1 9.81334
    endloop
  endfacet
  facet normal 6.24403e-016 -1 -8.00098e-016
    outer loop
      vertex 27.413 15.1 9.56723
      vertex 33.2393 15.1 11.894
      vertex 27.4408 15.1 9.58893
    endloop
  endfacet
  facet normal 0 -1 -0
    outer loop
      vertex 26.889 15.1 9.17971
      vertex 23 15.1 4.3
      vertex 27.1699 15.1 9.37755
    endloop
  endfacet
  facet normal 0 -1 -0
    outer loop
      vertex 26.5987 15.1 8.9959
      vertex 23 15.1 4.3
      vertex 26.889 15.1 9.17971
    endloop
  endfacet
  facet normal 0 -1 -0
    outer loop
      vertex 26.2998 15.1 8.82655
      vertex 23 15.1 4.3
      vertex 26.5987 15.1 8.9959
    endloop
  endfacet
  facet normal 0 -1 -0
    outer loop
      vertex 25.9929 15.1 8.67207
      vertex 23 15.1 4.3
      vertex 26.2998 15.1 8.82655
    endloop
  endfacet
  facet normal 0 -1 -0
    outer loop
      vertex 25.6788 15.1 8.53284
      vertex 23 15.1 4.3
      vertex 25.9929 15.1 8.67207
    endloop
  endfacet
  facet normal 0 -1 -0
    outer loop
      vertex 25.3582 15.1 8.40919
      vertex 23 15.1 4.3
      vertex 25.6788 15.1 8.53284
    endloop
  endfacet
  facet normal 0 -1 -0
    outer loop
      vertex 25.032 15.1 8.30142
      vertex 23 15.1 4.3
      vertex 25.3582 15.1 8.40919
    endloop
  endfacet
  facet normal 0 -1 -0
    outer loop
      vertex 24.7009 15.1 8.20978
      vertex 23 15.1 4.3
      vertex 25.032 15.1 8.30142
    endloop
  endfacet
  facet normal 0 -1 -0
    outer loop
      vertex 24.3656 15.1 8.1345
      vertex 23 15.1 4.3
      vertex 24.7009 15.1 8.20978
    endloop
  endfacet
  facet normal 0 -1 -0
    outer loop
      vertex 24.0271 15.1 8.07576
      vertex 23 15.1 4.3
      vertex 24.3656 15.1 8.1345
    endloop
  endfacet
  facet normal 0 -1 -0
    outer loop
      vertex 23.6861 15.1 8.03371
      vertex 23 15.1 4.3
      vertex 24.0271 15.1 8.07576
    endloop
  endfacet
  facet normal 0 -1 -0
    outer loop
      vertex 23.3435 15.1 8.00843
      vertex 23 15.1 4.3
      vertex 23.6861 15.1 8.03371
    endloop
  endfacet
  facet normal 0 -1 0
    outer loop
      vertex 23 15.1 8
      vertex 23 15.1 4.3
      vertex 23.3435 15.1 8.00843
    endloop
  endfacet
  facet normal 0 -1 0
    outer loop
      vertex 22.6565 15.1 8.00843
      vertex 23 15.1 4.3
      vertex 23 15.1 8
    endloop
  endfacet
  facet normal 0 -1 0
    outer loop
      vertex 22.3139 15.1 8.03371
      vertex 23 15.1 4.3
      vertex 22.6565 15.1 8.00843
    endloop
  endfacet
  facet normal 0 -1 0
    outer loop
      vertex 21.9729 15.1 8.07576
      vertex 23 15.1 4.3
      vertex 22.3139 15.1 8.03371
    endloop
  endfacet
  facet normal 0 -1 0
    outer loop
      vertex 21.6344 15.1 8.1345
      vertex 23 15.1 4.3
      vertex 21.9729 15.1 8.07576
    endloop
  endfacet
  facet normal 0 -1 0
    outer loop
      vertex 21.2991 15.1 8.20978
      vertex 23 15.1 4.3
      vertex 21.6344 15.1 8.1345
    endloop
  endfacet
  facet normal 0 -1 0
    outer loop
      vertex 20.968 15.1 8.30142
      vertex 23 15.1 4.3
      vertex 21.2991 15.1 8.20978
    endloop
  endfacet
  facet normal 0 -1 0
    outer loop
      vertex 20.6418 15.1 8.40919
      vertex 23 15.1 4.3
      vertex 20.968 15.1 8.30142
    endloop
  endfacet
  facet normal 0 -1 0
    outer loop
      vertex 20.3212 15.1 8.53284
      vertex 23 15.1 4.3
      vertex 20.6418 15.1 8.40919
    endloop
  endfacet
  facet normal 0 -1 0
    outer loop
      vertex 20.0071 15.1 8.67207
      vertex 23 15.1 4.3
      vertex 20.3212 15.1 8.53284
    endloop
  endfacet
  facet normal 0 -1 0
    outer loop
      vertex 19.7002 15.1 8.82655
      vertex 23 15.1 4.3
      vertex 20.0071 15.1 8.67207
    endloop
  endfacet
  facet normal 0 -1 0
    outer loop
      vertex 19.4013 15.1 8.9959
      vertex 23 15.1 4.3
      vertex 19.7002 15.1 8.82655
    endloop
  endfacet
  facet normal 0 -1 0
    outer loop
      vertex 19.111 15.1 9.17971
      vertex 23 15.1 4.3
      vertex 19.4013 15.1 8.9959
    endloop
  endfacet
  facet normal 0 -1 0
    outer loop
      vertex 18.8301 15.1 9.37755
      vertex 23 15.1 4.3
      vertex 19.111 15.1 9.17971
    endloop
  endfacet
  facet normal -4.4378e-016 -1 -3.64451e-016
    outer loop
      vertex 12.7607 15.1 11.894
      vertex 23 15.1 4.3
      vertex 18.8301 15.1 9.37755
    endloop
  endfacet
  facet normal -6.24403e-016 -1 -8.00098e-016
    outer loop
      vertex 12.7607 15.1 11.894
      vertex 18.8301 15.1 9.37755
      vertex 18.587 15.1 9.56723
    endloop
  endfacet
  facet normal -6.24403e-016 -1 -8.00098e-016
    outer loop
      vertex 12.7607 15.1 11.894
      vertex 18.587 15.1 9.56723
      vertex 18.5592 15.1 9.58893
    endloop
  endfacet
  facet normal -5.6819e-016 -1 -6.5869e-016
    outer loop
      vertex 12.7607 15.1 11.894
      vertex 18.5592 15.1 9.58893
      vertex 18.2991 15.1 9.81334
    endloop
  endfacet
  facet normal -5.29779e-016 -1 -5.56444e-016
    outer loop
      vertex 12.7607 15.1 11.894
      vertex 18.2991 15.1 9.81334
      vertex 18.0503 15.1 10.0503
    endloop
  endfacet
  facet normal -5.02624e-016 -1 -4.78538e-016
    outer loop
      vertex 12.7607 15.1 11.894
      vertex 18.0503 15.1 10.0503
      vertex 17.8133 15.1 10.2991
    endloop
  endfacet
  facet normal -4.83118e-016 -1 -4.1674e-016
    outer loop
      vertex 12.7607 15.1 11.894
      vertex 17.8133 15.1 10.2991
      vertex 17.5889 15.1 10.5592
    endloop
  endfacet
  facet normal -4.6912e-016 -1 -3.66105e-016
    outer loop
      vertex 12.7607 15.1 11.894
      vertex 17.5889 15.1 10.5592
      vertex 17.3775 15.1 10.8301
    endloop
  endfacet
  facet normal -4.59296e-016 -1 -3.23473e-016
    outer loop
      vertex 12.7607 15.1 11.894
      vertex 17.3775 15.1 10.8301
      vertex 17.1797 15.1 11.111
    endloop
  endfacet
  facet normal -4.52785e-016 -1 -2.86723e-016
    outer loop
      vertex 12.7607 15.1 11.894
      vertex 17.1797 15.1 11.111
      vertex 17.1608 15.1 11.1408
    endloop
  endfacet
  facet normal -4.52785e-016 -1 -2.86723e-016
    outer loop
      vertex 12.7607 15.1 11.894
      vertex 17.1608 15.1 11.1408
      vertex 16.9959 15.1 11.4013
    endloop
  endfacet
  facet normal -4.49021e-016 -1 -2.54367e-016
    outer loop
      vertex 12.7607 15.1 11.894
      vertex 16.9959 15.1 11.4013
      vertex 16.8439 15.1 11.6695
    endloop
  endfacet
  facet normal 4.10447e-030 -1 9.16919e-015
    outer loop
      vertex 16.729 15.1 11.894
      vertex 12.7607 15.1 11.894
      vertex 16.8266 15.1 11.7002
    endloop
  endfacet
  facet normal -4.49021e-016 -1 -2.54367e-016
    outer loop
      vertex 12.7607 15.1 11.894
      vertex 16.8439 15.1 11.6695
      vertex 16.8266 15.1 11.7002
    endloop
  endfacet
  facet normal -5.93892e-018 -1 2.41925e-016
    outer loop
      vertex 23.525 15.1 4.31289
      vertex 33.2393 15.1 11.894
      vertex 23 15.1 4.3
    endloop
  endfacet
  facet normal 1.22852e-016 -1 3.71878e-016
    outer loop
      vertex 19.3953 15.1 4.92548
      vertex 19.894 15.1 4.76074
      vertex 12.7607 15.1 11.894
    endloop
  endfacet
  facet normal 0.575808 1.69748e-016 0.817585
    outer loop
      vertex 16.626 15.1 6.40568
      vertex 17.0554 -15.1 6.10328
      vertex 17.0554 15.1 6.10328
    endloop
  endfacet
  facet normal 0.575808 1.68316e-016 0.817585
    outer loop
      vertex 16.626 15.1 6.40568
      vertex 16.626 -15.1 6.40568
      vertex 17.0554 -15.1 6.10328
    endloop
  endfacet
  facet normal 4.5229e-016 -1 6.42203e-016
    outer loop
      vertex 16.626 15.1 6.40568
      vertex 17.0554 15.1 6.10328
      vertex 12.7607 15.1 11.894
    endloop
  endfacet
  facet normal 1.94144e-016 -1 4.37982e-016
    outer loop
      vertex 18.4252 15.1 5.32731
      vertex 18.9053 15.1 5.11449
      vertex 12.7607 15.1 11.894
    endloop
  endfacet
  facet normal 0.615232 1.62748e-016 0.788346
    outer loop
      vertex 16.212 15.1 6.72879
      vertex 16.626 -15.1 6.40568
      vertex 16.626 15.1 6.40568
    endloop
  endfacet
  facet normal 0.615232 1.62296e-016 0.788346
    outer loop
      vertex 16.212 15.1 6.72879
      vertex 16.212 -15.1 6.72879
      vertex 16.626 -15.1 6.40568
    endloop
  endfacet
  facet normal 0.724247 1.41955e-016 0.689541
    outer loop
      vertex 15.434 -15.1 7.43396
      vertex 15.434 15.1 7.43396
      vertex 15.0718 -15.1 7.81432
    endloop
  endfacet
  facet normal 0.689541 1.48748e-016 0.724247
    outer loop
      vertex 15.8143 -15.1 7.07182
      vertex 15.434 15.1 7.43396
      vertex 15.434 -15.1 7.43396
    endloop
  endfacet
  facet normal 0.893224 1.05874e-016 0.449611
    outer loop
      vertex 13.3273 15.1 10.4252
      vertex 13.5634 -15.1 9.95605
      vertex 13.5634 15.1 9.95605
    endloop
  endfacet
  facet normal 0.893224 1.05784e-016 0.449611
    outer loop
      vertex 13.3273 15.1 10.4252
      vertex 13.3273 -15.1 10.4252
      vertex 13.5634 -15.1 9.95605
    endloop
  endfacet
  facet normal 6.43136e-014 -1 2.48085e-014
    outer loop
      vertex 12.9255 15.1 11.3953
      vertex 13.1145 15.1 10.9053
      vertex 12.7607 15.1 11.894
    endloop
  endfacet
  facet normal 0.870087 8.69765e-017 0.492898
    outer loop
      vertex 13.8223 -15.1 9.4991
      vertex 13.8223 15.1 9.4991
      vertex 13.5634 15.1 9.95605
    endloop
  endfacet
  facet normal 6.01946e-015 -1 3.40998e-015
    outer loop
      vertex 13.5634 15.1 9.95605
      vertex 13.8223 15.1 9.4991
      vertex 12.7607 15.1 11.894
    endloop
  endfacet
  facet normal 0 -1 0
    outer loop
      vertex 12.6207 15.1 12.4001
      vertex 12.7607 15.1 11.894
      vertex 12.9899 15.1 15
    endloop
  endfacet
  facet normal 0 -1 -0
    outer loop
      vertex 12.8767 15.1 15
      vertex 12.6207 15.1 12.4001
      vertex 12.9899 15.1 15
    endloop
  endfacet
  facet normal 0 -1 0
    outer loop
      vertex 12.5056 15.1 12.9125
      vertex 12.6207 15.1 12.4001
      vertex 12.8767 15.1 15
    endloop
  endfacet
  facet normal 0 -1 -0
    outer loop
      vertex 12.7631 15.1 15
      vertex 12.5056 15.1 12.9125
      vertex 12.8767 15.1 15
    endloop
  endfacet
  facet normal 0 -1 0
    outer loop
      vertex 29.8655 15.1 13.6344
      vertex 33.2393 15.1 11.894
      vertex 33.0101 15.1 15
    endloop
  endfacet
  facet normal 0 -1 -0
    outer loop
      vertex 30 15.1 15
      vertex 29.9916 15.1 14.6565
      vertex 33.0101 15.1 15
    endloop
  endfacet
  facet normal 0 -1 0
    outer loop
      vertex 29.9663 15.1 14.3139
      vertex 33.0101 15.1 15
      vertex 29.9916 15.1 14.6565
    endloop
  endfacet
  facet normal 0 -1 0
    outer loop
      vertex 29.9242 15.1 13.9729
      vertex 33.0101 15.1 15
      vertex 29.9663 15.1 14.3139
    endloop
  endfacet
  facet normal 0 -1 0
    outer loop
      vertex 29.8655 15.1 13.6344
      vertex 33.0101 15.1 15
      vertex 29.9242 15.1 13.9729
    endloop
  endfacet
  facet normal 0 -1 0
    outer loop
      vertex 29.7902 15.1 13.2991
      vertex 33.2393 15.1 11.894
      vertex 29.8655 15.1 13.6344
    endloop
  endfacet
  facet normal 0 -1 0
    outer loop
      vertex 29.7715 15.1 13.2316
      vertex 33.2393 15.1 11.894
      vertex 29.7902 15.1 13.2991
    endloop
  endfacet
  facet normal -0.91421 9.53739e-017 0.405241
    outer loop
      vertex 32.6727 -15.1 10.4252
      vertex 32.8855 -15.1 10.9053
      vertex 32.8855 15.1 10.9053
    endloop
  endfacet
  facet normal -0.91421 9.53448e-017 0.405241
    outer loop
      vertex 32.6727 15.1 10.4252
      vertex 32.6727 -15.1 10.4252
      vertex 32.8855 15.1 10.9053
    endloop
  endfacet
  facet normal 0 -1 0
    outer loop
      vertex 33.2369 15.1 15
      vertex 33.4944 15.1 12.9125
      vertex 33.5842 15.1 13.43
    endloop
  endfacet
  facet normal -0 -1 -0
    outer loop
      vertex 33.3513 15.1 15
      vertex 33.2369 15.1 15
      vertex 33.5842 15.1 13.43
    endloop
  endfacet
  facet normal -0.99729 1.74998e-017 0.0735646
    outer loop
      vertex 33.6485 -15.1 13.9512
      vertex 33.6871 -15.1 14.475
      vertex 33.6871 15.1 14.475
    endloop
  endfacet
  facet normal -0.99729 1.73082e-017 0.0735646
    outer loop
      vertex 33.6485 15.1 13.9512
      vertex 33.6485 -15.1 13.9512
      vertex 33.6871 15.1 14.475
    endloop
  endfacet
  facet normal -0.99248 2.84372e-017 0.122411
    outer loop
      vertex 33.5842 -15.1 13.43
      vertex 33.6485 -15.1 13.9512
      vertex 33.6485 15.1 13.9512
    endloop
  endfacet
  facet normal -0.99248 2.88007e-017 0.122411
    outer loop
      vertex 33.5842 15.1 13.43
      vertex 33.5842 -15.1 13.43
      vertex 33.6485 15.1 13.9512
    endloop
  endfacet
  facet normal -0.949528 7.34992e-017 0.313682
    outer loop
      vertex 33.0745 15.1 11.3953
      vertex 33.2393 -15.1 11.894
      vertex 33.2393 15.1 11.894
    endloop
  endfacet
  facet normal -0.949528 7.38027e-017 0.313682
    outer loop
      vertex 33.0745 15.1 11.3953
      vertex 33.0745 -15.1 11.3953
      vertex 33.2393 -15.1 11.894
    endloop
  endfacet
  facet normal -0.963776 6.21243e-017 0.266713
    outer loop
      vertex 33.2393 -15.1 11.894
      vertex 33.3793 -15.1 12.4001
      vertex 33.3793 15.1 12.4001
    endloop
  endfacet
  facet normal -0.963776 6.27519e-017 0.266713
    outer loop
      vertex 33.2393 15.1 11.894
      vertex 33.2393 -15.1 11.894
      vertex 33.3793 15.1 12.4001
    endloop
  endfacet
  facet normal -0.405241 2.14373e-016 0.91421
    outer loop
      vertex 27.0947 15.1 5.11449
      vertex 27.5748 -15.1 5.32731
      vertex 27.5748 15.1 5.32731
    endloop
  endfacet
  facet normal -0.405241 2.15094e-016 0.91421
    outer loop
      vertex 27.0947 15.1 5.11449
      vertex 27.0947 -15.1 5.11449
      vertex 27.5748 -15.1 5.32731
    endloop
  endfacet
  facet normal -6.01946e-015 -1 3.40998e-015
    outer loop
      vertex 32.4366 15.1 9.95605
      vertex 33.2393 15.1 11.894
      vertex 32.1777 15.1 9.4991
    endloop
  endfacet
  facet normal -0.817585 1.34749e-016 0.575808
    outer loop
      vertex 31.5943 -15.1 8.62602
      vertex 31.8967 -15.1 9.0554
      vertex 31.8967 15.1 9.0554
    endloop
  endfacet
  facet normal -0.817585 1.35476e-016 0.575808
    outer loop
      vertex 31.5943 15.1 8.62602
      vertex 31.5943 -15.1 8.62602
      vertex 31.8967 15.1 9.0554
    endloop
  endfacet
  facet normal -0.757209 1.53998e-016 0.653173
    outer loop
      vertex 30.9282 -15.1 7.81432
      vertex 31.2712 -15.1 8.21199
      vertex 31.2712 15.1 8.21199
    endloop
  endfacet
  facet normal -0.757209 1.34468e-016 0.653173
    outer loop
      vertex 30.9282 15.1 7.81432
      vertex 30.9282 -15.1 7.81432
      vertex 31.2712 15.1 8.21199
    endloop
  endfacet
  facet normal -1.47045e-015 -1 1.26842e-015
    outer loop
      vertex 31.2712 15.1 8.21199
      vertex 33.2393 15.1 11.894
      vertex 30.9282 15.1 7.81432
    endloop
  endfacet
  facet normal -0.575808 1.69748e-016 0.817585
    outer loop
      vertex 28.9446 15.1 6.10328
      vertex 29.374 -15.1 6.40568
      vertex 29.374 15.1 6.40568
    endloop
  endfacet
  facet normal -0.575808 1.68316e-016 0.817585
    outer loop
      vertex 28.9446 15.1 6.10328
      vertex 28.9446 -15.1 6.10328
      vertex 29.374 -15.1 6.40568
    endloop
  endfacet
  facet normal -0.615232 1.60998e-016 0.788346
    outer loop
      vertex 29.374 15.1 6.40568
      vertex 29.788 -15.1 6.72879
      vertex 29.788 15.1 6.72879
    endloop
  endfacet
  facet normal -0.615232 1.62296e-016 0.788346
    outer loop
      vertex 29.374 15.1 6.40568
      vertex 29.374 -15.1 6.40568
      vertex 29.788 -15.1 6.72879
    endloop
  endfacet
  facet normal -7.00288e-016 -1 8.11828e-016
    outer loop
      vertex 30.1857 15.1 7.07182
      vertex 33.2393 15.1 11.894
      vertex 29.788 15.1 6.72879
    endloop
  endfacet
  facet normal -0.266713 2.26622e-016 0.963776
    outer loop
      vertex 25.5999 15.1 4.62067
      vertex 26.106 -15.1 4.76074
      vertex 26.106 15.1 4.76074
    endloop
  endfacet
  facet normal -0.266713 2.26756e-016 0.963776
    outer loop
      vertex 25.5999 15.1 4.62067
      vertex 25.5999 -15.1 4.62067
      vertex 26.106 -15.1 4.76074
    endloop
  endfacet
  facet normal -1.13424e-014 1 1.96809e-015
    outer loop
      vertex 33.5842 -15.1 13.43
      vertex 33.4944 -15.1 12.9125
      vertex 33.0745 -15.1 11.3953
    endloop
  endfacet
  facet normal -2.24372e-014 1 5.03845e-015
    outer loop
      vertex 33.4944 -15.1 12.9125
      vertex 33.3793 -15.1 12.4001
      vertex 33.0745 -15.1 11.3953
    endloop
  endfacet
  facet normal 0 -1 0
    outer loop
      vertex 33.1233 15.1 15
      vertex 33.3793 15.1 12.4001
      vertex 33.4944 15.1 12.9125
    endloop
  endfacet
  facet normal -0 -1 -0
    outer loop
      vertex 33.2369 15.1 15
      vertex 33.1233 15.1 15
      vertex 33.4944 15.1 12.9125
    endloop
  endfacet
  facet normal -0.975702 5.16244e-017 0.219101
    outer loop
      vertex 33.3793 -15.1 12.4001
      vertex 33.4944 -15.1 12.9125
      vertex 33.4944 15.1 12.9125
    endloop
  endfacet
  facet normal -0.975702 5.15499e-017 0.219101
    outer loop
      vertex 33.3793 15.1 12.4001
      vertex 33.3793 -15.1 12.4001
      vertex 33.4944 15.1 12.9125
    endloop
  endfacet
  facet normal 0 1 -4.92786e-016
    outer loop
      vertex 33.4296 -15.1 15
      vertex 33.5191 -15.1 15
      vertex 33.0745 -15.1 11.3953
    endloop
  endfacet
  facet normal 0 1 -4.92786e-016
    outer loop
      vertex 33.5191 -15.1 15
      vertex 33.6092 -15.1 15
      vertex 33.0745 -15.1 11.3953
    endloop
  endfacet
  facet normal 0.122411 2.33622e-016 0.99248
    outer loop
      vertex 21.43 15.1 4.41581
      vertex 21.9512 -15.1 4.35152
      vertex 21.9512 15.1 4.35152
    endloop
  endfacet
  facet normal 0.122411 2.3351e-016 0.99248
    outer loop
      vertex 21.43 15.1 4.41581
      vertex 21.43 -15.1 4.41581
      vertex 21.9512 -15.1 4.35152
    endloop
  endfacet
  facet normal 1.90883e-017 -1 2.58774e-016
    outer loop
      vertex 21.9512 15.1 4.35152
      vertex 22.475 15.1 4.31289
      vertex 12.7607 15.1 11.894
    endloop
  endfacet
  facet normal 0.0735646 2.34497e-016 0.99729
    outer loop
      vertex 21.9512 15.1 4.35152
      vertex 22.475 -15.1 4.31289
      vertex 22.475 15.1 4.31289
    endloop
  endfacet
  facet normal 0.0735646 2.34642e-016 0.99729
    outer loop
      vertex 21.9512 15.1 4.35152
      vertex 21.9512 -15.1 4.35152
      vertex 22.475 -15.1 4.31289
    endloop
  endfacet
  facet normal 0.219101 2.29247e-016 0.975702
    outer loop
      vertex 20.4001 15.1 4.62067
      vertex 20.9125 -15.1 4.5056
      vertex 20.9125 15.1 4.5056
    endloop
  endfacet
  facet normal 0.219101 2.29562e-016 0.975702
    outer loop
      vertex 20.4001 15.1 4.62067
      vertex 20.4001 -15.1 4.62067
      vertex 20.9125 -15.1 4.5056
    endloop
  endfacet
  facet normal 0.313682 2.23998e-016 0.949528
    outer loop
      vertex 19.3953 15.1 4.92548
      vertex 19.894 -15.1 4.76074
      vertex 19.894 15.1 4.76074
    endloop
  endfacet
  facet normal 0.313682 2.23404e-016 0.949528
    outer loop
      vertex 19.3953 15.1 4.92548
      vertex 19.3953 -15.1 4.92548
      vertex 19.894 -15.1 4.76074
    endloop
  endfacet
  facet normal 0.449611 2.10157e-016 0.893224
    outer loop
      vertex 18.4252 -15.1 5.32731
      vertex 18.4252 15.1 5.32731
      vertex 17.9561 -15.1 5.56344
    endloop
  endfacet
  facet normal 0.534998 1.74123e-016 0.844854
    outer loop
      vertex 17.0554 15.1 6.10328
      vertex 17.4991 -15.1 5.8223
      vertex 17.4991 15.1 5.8223
    endloop
  endfacet
  facet normal 0.534998 1.73929e-016 0.844854
    outer loop
      vertex 17.0554 15.1 6.10328
      vertex 17.0554 -15.1 6.10328
      vertex 17.4991 -15.1 5.8223
    endloop
  endfacet
  facet normal 0.492898 1.79373e-016 0.870087
    outer loop
      vertex 17.4991 15.1 5.8223
      vertex 17.9561 -15.1 5.56344
      vertex 17.9561 15.1 5.56344
    endloop
  endfacet
  facet normal 0.492898 1.79124e-016 0.870087
    outer loop
      vertex 17.4991 15.1 5.8223
      vertex 17.4991 -15.1 5.8223
      vertex 17.9561 -15.1 5.56344
    endloop
  endfacet
  facet normal 2.40658e-016 -1 4.78105e-016
    outer loop
      vertex 17.9561 15.1 5.56344
      vertex 18.4252 15.1 5.32731
      vertex 12.7607 15.1 11.894
    endloop
  endfacet
  facet normal 0.449611 1.83748e-016 0.893224
    outer loop
      vertex 18.4252 15.1 5.32731
      vertex 17.9561 15.1 5.56344
      vertex 17.9561 -15.1 5.56344
    endloop
  endfacet
  facet normal 0.653173 1.55748e-016 0.757209
    outer loop
      vertex 15.8143 15.1 7.07182
      vertex 16.212 -15.1 6.72879
      vertex 16.212 15.1 6.72879
    endloop
  endfacet
  facet normal 0.653173 1.55886e-016 0.757209
    outer loop
      vertex 15.8143 15.1 7.07182
      vertex 15.8143 -15.1 7.07182
      vertex 16.212 -15.1 6.72879
    endloop
  endfacet
  facet normal 1.12924e-015 -1 1.07513e-015
    outer loop
      vertex 15.0718 15.1 7.81432
      vertex 15.434 15.1 7.43396
      vertex 12.7607 15.1 11.894
    endloop
  endfacet
  facet normal 8.83205e-016 -1 9.27659e-016
    outer loop
      vertex 15.434 15.1 7.43396
      vertex 15.8143 15.1 7.07182
      vertex 12.7607 15.1 11.894
    endloop
  endfacet
  facet normal 0.932993 8.48741e-017 0.359895
    outer loop
      vertex 12.9255 15.1 11.3953
      vertex 13.1145 -15.1 10.9053
      vertex 13.1145 15.1 10.9053
    endloop
  endfacet
  facet normal 0.932993 8.46758e-017 0.359895
    outer loop
      vertex 12.9255 15.1 11.3953
      vertex 12.9255 -15.1 11.3953
      vertex 13.1145 -15.1 10.9053
    endloop
  endfacet
  facet normal 0.91421 9.53739e-017 0.405241
    outer loop
      vertex 13.1145 15.1 10.9053
      vertex 13.3273 -15.1 10.4252
      vertex 13.3273 15.1 10.4252
    endloop
  endfacet
  facet normal 0.91421 9.53448e-017 0.405241
    outer loop
      vertex 13.1145 15.1 10.9053
      vertex 13.1145 -15.1 10.9053
      vertex 13.3273 -15.1 10.4252
    endloop
  endfacet
  facet normal 0.870087 1.15499e-016 0.492898
    outer loop
      vertex 13.8223 -15.1 9.4991
      vertex 13.5634 15.1 9.95605
      vertex 13.5634 -15.1 9.95605
    endloop
  endfacet
  facet normal 1.962e-015 -1 1.53116e-015
    outer loop
      vertex 14.4057 15.1 8.62602
      vertex 14.7288 15.1 8.21199
      vertex 12.7607 15.1 11.894
    endloop
  endfacet
  facet normal 1.47045e-015 -1 1.26842e-015
    outer loop
      vertex 14.7288 15.1 8.21199
      vertex 15.0718 15.1 7.81432
      vertex 12.7607 15.1 11.894
    endloop
  endfacet
  facet normal 0.757209 1.34749e-016 0.653173
    outer loop
      vertex 14.7288 15.1 8.21199
      vertex 15.0718 -15.1 7.81432
      vertex 15.0718 15.1 7.81432
    endloop
  endfacet
  facet normal 0.757209 1.53678e-016 0.653173
    outer loop
      vertex 14.7288 15.1 8.21199
      vertex 14.7288 -15.1 8.21199
      vertex 15.0718 -15.1 7.81432
    endloop
  endfacet
  facet normal 0.844854 9.3624e-017 0.534998
    outer loop
      vertex 13.8223 15.1 9.4991
      vertex 14.1033 -15.1 9.0554
      vertex 14.1033 15.1 9.0554
    endloop
  endfacet
  facet normal 0.844854 9.44053e-017 0.534998
    outer loop
      vertex 13.8223 15.1 9.4991
      vertex 13.8223 -15.1 9.4991
      vertex 14.1033 -15.1 9.0554
    endloop
  endfacet
  facet normal 0.817585 1.36498e-016 0.575808
    outer loop
      vertex 14.1033 15.1 9.0554
      vertex 14.4057 -15.1 8.62602
      vertex 14.4057 15.1 8.62602
    endloop
  endfacet
  facet normal 0.817585 1.01607e-016 0.575808
    outer loop
      vertex 14.1033 15.1 9.0554
      vertex 14.1033 -15.1 9.0554
      vertex 14.4057 -15.1 8.62602
    endloop
  endfacet
  facet normal 0 -1 0
    outer loop
      vertex 12.3129 15.1 14.475
      vertex 12.3515 15.1 13.9512
      vertex 12.5335 15.1 15
    endloop
  endfacet
  facet normal 0 -1 -0
    outer loop
      vertex 12.4173 15.1 15
      vertex 12.3129 15.1 14.475
      vertex 12.5335 15.1 15
    endloop
  endfacet
  facet normal 0 -1 0
    outer loop
      vertex 12.3 15.1 15
      vertex 12.3129 15.1 14.475
      vertex 12.4173 15.1 15
    endloop
  endfacet
  facet normal 0 -1 0
    outer loop
      vertex 33.3513 15.1 15
      vertex 33.5842 15.1 13.43
      vertex 33.6485 15.1 13.9512
    endloop
  endfacet
  facet normal -0 -1 -0
    outer loop
      vertex 33.4665 15.1 15
      vertex 33.3513 15.1 15
      vertex 33.6485 15.1 13.9512
    endloop
  endfacet
  facet normal -1.02827e-014 -1 5.17587e-015
    outer loop
      vertex 32.6727 15.1 10.4252
      vertex 33.2393 15.1 11.894
      vertex 32.4366 15.1 9.95605
    endloop
  endfacet
  facet normal -2.10232e-014 -1 9.31893e-015
    outer loop
      vertex 32.8855 15.1 10.9053
      vertex 33.2393 15.1 11.894
      vertex 32.6727 15.1 10.4252
    endloop
  endfacet
  facet normal -0.870087 1.15969e-016 0.492898
    outer loop
      vertex 32.4366 -15.1 9.95605
      vertex 32.4366 15.1 9.95605
      vertex 32.1777 -15.1 9.4991
    endloop
  endfacet
  facet normal -0.893224 1.05874e-016 0.449611
    outer loop
      vertex 32.4366 -15.1 9.95605
      vertex 32.6727 -15.1 10.4252
      vertex 32.6727 15.1 10.4252
    endloop
  endfacet
  facet normal -0.893224 1.05784e-016 0.449611
    outer loop
      vertex 32.4366 15.1 9.95605
      vertex 32.4366 -15.1 9.95605
      vertex 32.6727 15.1 10.4252
    endloop
  endfacet
  facet normal -2.70539e-015 -1 1.90535e-015
    outer loop
      vertex 31.8967 15.1 9.0554
      vertex 33.2393 15.1 11.894
      vertex 31.5943 15.1 8.62602
    endloop
  endfacet
  facet normal -3.90444e-015 -1 2.47246e-015
    outer loop
      vertex 32.1777 15.1 9.4991
      vertex 33.2393 15.1 11.894
      vertex 31.8967 15.1 9.0554
    endloop
  endfacet
  facet normal -1.962e-015 -1 1.53116e-015
    outer loop
      vertex 31.5943 15.1 8.62602
      vertex 33.2393 15.1 11.894
      vertex 31.2712 15.1 8.21199
    endloop
  endfacet
  facet normal -0.788346 1.45248e-016 0.615232
    outer loop
      vertex 31.2712 -15.1 8.21199
      vertex 31.5943 -15.1 8.62602
      vertex 31.5943 15.1 8.62602
    endloop
  endfacet
  facet normal -0.788346 1.44751e-016 0.615232
    outer loop
      vertex 31.2712 15.1 8.21199
      vertex 31.2712 -15.1 8.21199
      vertex 31.5943 15.1 8.62602
    endloop
  endfacet
  facet normal -0.724247 1.41955e-016 0.689541
    outer loop
      vertex 30.9282 -15.1 7.81432
      vertex 30.9282 15.1 7.81432
      vertex 30.566 15.1 7.43396
    endloop
  endfacet
  facet normal -0.689541 1.48748e-016 0.724247
    outer loop
      vertex 30.566 15.1 7.43396
      vertex 30.1857 15.1 7.07182
      vertex 30.1857 -15.1 7.07182
    endloop
  endfacet
  facet normal -0.724247 1.41748e-016 0.689541
    outer loop
      vertex 30.9282 -15.1 7.81432
      vertex 30.566 15.1 7.43396
      vertex 30.566 -15.1 7.43396
    endloop
  endfacet
  facet normal -0.122411 2.33185e-016 0.99248
    outer loop
      vertex 24.0488 15.1 4.35152
      vertex 24.57 -15.1 4.41581
      vertex 24.57 15.1 4.41581
    endloop
  endfacet
  facet normal -0.122411 2.3351e-016 0.99248
    outer loop
      vertex 24.0488 15.1 4.35152
      vertex 24.0488 -15.1 4.35152
      vertex 24.57 -15.1 4.41581
    endloop
  endfacet
  facet normal -0.170962 2.31872e-016 0.985278
    outer loop
      vertex 24.57 15.1 4.41581
      vertex 25.0875 -15.1 4.5056
      vertex 25.0875 15.1 4.5056
    endloop
  endfacet
  facet normal -0.170962 2.31815e-016 0.985278
    outer loop
      vertex 24.57 15.1 4.41581
      vertex 24.57 -15.1 4.41581
      vertex 25.0875 -15.1 4.5056
    endloop
  endfacet
  facet normal -0.219101 2.29247e-016 0.975702
    outer loop
      vertex 25.0875 15.1 4.5056
      vertex 25.5999 -15.1 4.62067
      vertex 25.5999 15.1 4.62067
    endloop
  endfacet
  facet normal -0.219101 2.29562e-016 0.975702
    outer loop
      vertex 25.0875 15.1 4.5056
      vertex 25.0875 -15.1 4.5056
      vertex 25.5999 -15.1 4.62067
    endloop
  endfacet
  facet normal -0.313682 2.23998e-016 0.949528
    outer loop
      vertex 26.106 15.1 4.76074
      vertex 26.6047 -15.1 4.92548
      vertex 26.6047 15.1 4.92548
    endloop
  endfacet
  facet normal -0.313682 2.23404e-016 0.949528
    outer loop
      vertex 26.106 15.1 4.76074
      vertex 26.106 -15.1 4.76074
      vertex 26.6047 -15.1 4.92548
    endloop
  endfacet
  facet normal -9.52832e-017 -1 3.44309e-016
    outer loop
      vertex 26.106 15.1 4.76074
      vertex 33.2393 15.1 11.894
      vertex 25.5999 15.1 4.62067
    endloop
  endfacet
  facet normal -1.22852e-016 -1 3.71878e-016
    outer loop
      vertex 26.6047 15.1 4.92548
      vertex 33.2393 15.1 11.894
      vertex 26.106 15.1 4.76074
    endloop
  endfacet
  facet normal 5.15958e-017 -1 2.97354e-016
    outer loop
      vertex 20.9125 15.1 4.5056
      vertex 21.43 15.1 4.41581
      vertex 12.7607 15.1 11.894
    endloop
  endfacet
  facet normal 0.170962 2.31435e-016 0.985278
    outer loop
      vertex 20.9125 15.1 4.5056
      vertex 21.43 -15.1 4.41581
      vertex 21.43 15.1 4.41581
    endloop
  endfacet
  facet normal 0.170962 2.31815e-016 0.985278
    outer loop
      vertex 20.9125 15.1 4.5056
      vertex 20.9125 -15.1 4.5056
      vertex 21.43 -15.1 4.41581
    endloop
  endfacet
  facet normal 0.0245412 2.35208e-016 0.999699
    outer loop
      vertex 22.475 15.1 4.31289
      vertex 23 -15.1 4.3
      vertex 23 15.1 4.3
    endloop
  endfacet
  facet normal 0.0245412 2.35208e-016 0.999699
    outer loop
      vertex 22.475 15.1 4.31289
      vertex 22.475 -15.1 4.31289
      vertex 23 -15.1 4.3
    endloop
  endfacet
  facet normal -0.0245412 2.35208e-016 0.999699
    outer loop
      vertex 23 15.1 4.3
      vertex 23.525 -15.1 4.31289
      vertex 23.525 15.1 4.31289
    endloop
  endfacet
  facet normal -0.0245412 2.35208e-016 0.999699
    outer loop
      vertex 23 15.1 4.3
      vertex 23 -15.1 4.3
      vertex 23.525 -15.1 4.31289
    endloop
  endfacet
  facet normal 0.405241 2.14373e-016 0.91421
    outer loop
      vertex 18.4252 15.1 5.32731
      vertex 18.9053 -15.1 5.11449
      vertex 18.9053 15.1 5.11449
    endloop
  endfacet
  facet normal 0.405241 2.15094e-016 0.91421
    outer loop
      vertex 18.4252 15.1 5.32731
      vertex 18.4252 -15.1 5.32731
      vertex 18.9053 -15.1 5.11449
    endloop
  endfacet
  facet normal 0 -1 0
    outer loop
      vertex 33.4665 15.1 15
      vertex 33.6485 15.1 13.9512
      vertex 33.6871 15.1 14.475
    endloop
  endfacet
  facet normal -0 -1 -0
    outer loop
      vertex 33.5827 15.1 15
      vertex 33.4665 15.1 15
      vertex 33.6871 15.1 14.475
    endloop
  endfacet
  facet normal -0.534998 1.74123e-016 0.844854
    outer loop
      vertex 28.5009 15.1 5.8223
      vertex 28.9446 -15.1 6.10328
      vertex 28.9446 15.1 6.10328
    endloop
  endfacet
  facet normal -0.534998 1.73929e-016 0.844854
    outer loop
      vertex 28.5009 15.1 5.8223
      vertex 28.5009 -15.1 5.8223
      vertex 28.9446 -15.1 6.10328
    endloop
  endfacet
  facet normal -0.449611 2.09998e-016 0.893224
    outer loop
      vertex 28.0439 -15.1 5.56344
      vertex 27.5748 15.1 5.32731
      vertex 27.5748 -15.1 5.32731
    endloop
  endfacet
  facet normal -2.40658e-016 -1 4.78105e-016
    outer loop
      vertex 28.0439 15.1 5.56344
      vertex 33.2393 15.1 11.894
      vertex 27.5748 15.1 5.32731
    endloop
  endfacet
  facet normal -0.653173 1.55748e-016 0.757209
    outer loop
      vertex 29.788 15.1 6.72879
      vertex 30.1857 -15.1 7.07182
      vertex 30.1857 15.1 7.07182
    endloop
  endfacet
  facet normal -0.653173 1.55886e-016 0.757209
    outer loop
      vertex 29.788 15.1 6.72879
      vertex 29.788 -15.1 6.72879
      vertex 30.1857 -15.1 7.07182
    endloop
  endfacet
  facet normal -0.689541 1.491e-016 0.724247
    outer loop
      vertex 30.566 -15.1 7.43396
      vertex 30.566 15.1 7.43396
      vertex 30.1857 -15.1 7.07182
    endloop
  endfacet
  facet normal -3.66273e-016 -1 5.78408e-016
    outer loop
      vertex 28.9446 15.1 6.10328
      vertex 33.2393 15.1 11.894
      vertex 28.5009 15.1 5.8223
    endloop
  endfacet
  facet normal -4.5229e-016 -1 6.42203e-016
    outer loop
      vertex 29.374 15.1 6.40568
      vertex 33.2393 15.1 11.894
      vertex 28.9446 15.1 6.10328
    endloop
  endfacet
  facet normal -2.9707e-016 -1 5.24401e-016
    outer loop
      vertex 28.5009 15.1 5.8223
      vertex 33.2393 15.1 11.894
      vertex 28.0439 15.1 5.56344
    endloop
  endfacet
  facet normal -0.492898 1.78498e-016 0.870087
    outer loop
      vertex 28.0439 15.1 5.56344
      vertex 28.5009 -15.1 5.8223
      vertex 28.5009 15.1 5.8223
    endloop
  endfacet
  facet normal -0.492898 1.79124e-016 0.870087
    outer loop
      vertex 28.0439 15.1 5.56344
      vertex 28.0439 -15.1 5.56344
      vertex 28.5009 -15.1 5.8223
    endloop
  endfacet
  facet normal 0 -1 0
    outer loop
      vertex 33.5827 15.1 15
      vertex 33.6871 15.1 14.475
      vertex 33.7 15.1 15
    endloop
  endfacet
  facet normal -0.999699 0 0.0245412
    outer loop
      vertex 33.6871 -15.1 14.475
      vertex 33.7 -15.1 15
      vertex 33.7 1.77636e-015 15
    endloop
  endfacet
  facet normal -0.999699 5.77404e-018 0.0245412
    outer loop
      vertex 33.7 15.1 15
      vertex 33.6871 15.1 14.475
      vertex 33.7 1.77636e-015 15
    endloop
  endfacet
  facet normal -0.999699 5.77404e-018 0.0245412
    outer loop
      vertex 33.6871 15.1 14.475
      vertex 33.6871 -15.1 14.475
      vertex 33.7 1.77636e-015 15
    endloop
  endfacet
  facet normal 0.999699 0 0.0245412
    outer loop
      vertex 16 -15.1 15
      vertex 16 -18 15
      vertex 16.0084 -18 14.6565
    endloop
  endfacet
  facet normal 0.999699 0 0.0245412
    outer loop
      vertex 16.0084 -15.1 14.6565
      vertex 16 -15.1 15
      vertex 16.0084 -18 14.6565
    endloop
  endfacet
  facet normal 0.999699 0 0.0245412
    outer loop
      vertex 16 18 15
      vertex 16.0084 15.1 14.6565
      vertex 16.0084 18 14.6565
    endloop
  endfacet
  facet normal 0.999699 0 0.0245412
    outer loop
      vertex 16 18 15
      vertex 16 15.1 15
      vertex 16.0084 15.1 14.6565
    endloop
  endfacet
  facet normal -0.0735646 0 0.99729
    outer loop
      vertex 23.3435 -15.1 8.00843
      vertex 23.6861 -18 8.03371
      vertex 23.6861 -15.1 8.03371
    endloop
  endfacet
  facet normal -0.0735646 6.10877e-016 0.99729
    outer loop
      vertex 23.3435 -15.1 8.00843
      vertex 23.3435 -18 8.00843
      vertex 23.6861 -18 8.03371
    endloop
  endfacet
  facet normal -0.0735646 0 0.99729
    outer loop
      vertex 23.3435 18 8.00843
      vertex 23.6861 15.1 8.03371
      vertex 23.6861 18 8.03371
    endloop
  endfacet
  facet normal -0.0735646 6.10877e-016 0.99729
    outer loop
      vertex 23.3435 18 8.00843
      vertex 23.3435 15.1 8.00843
      vertex 23.6861 15.1 8.03371
    endloop
  endfacet
  facet normal -0.449611 0 0.893224
    outer loop
      vertex 25.9929 -15.1 8.67207
      vertex 26.2998 -18 8.82655
      vertex 26.2998 -15.1 8.82655
    endloop
  endfacet
  facet normal -0.449611 0 0.893224
    outer loop
      vertex 25.9929 -15.1 8.67207
      vertex 25.9929 -18 8.67207
      vertex 26.2998 -18 8.82655
    endloop
  endfacet
  facet normal -0.449611 0 0.893224
    outer loop
      vertex 25.9929 18 8.67207
      vertex 26.2998 15.1 8.82655
      vertex 26.2998 18 8.82655
    endloop
  endfacet
  facet normal -0.449611 0 0.893224
    outer loop
      vertex 25.9929 18 8.67207
      vertex 25.9929 15.1 8.67207
      vertex 26.2998 15.1 8.82655
    endloop
  endfacet
  facet normal -0.932993 2.22853e-016 0.359895
    outer loop
      vertex 29.4672 -18 12.3212
      vertex 29.5908 -18 12.6418
      vertex 29.5908 -15.1 12.6418
    endloop
  endfacet
  facet normal -0.932993 2.20449e-016 0.359895
    outer loop
      vertex 29.4672 -15.1 12.3212
      vertex 29.4672 -18 12.3212
      vertex 29.5908 -15.1 12.6418
    endloop
  endfacet
  facet normal -0.932993 2.22853e-016 0.359895
    outer loop
      vertex 29.4672 15.1 12.3212
      vertex 29.5908 15.1 12.6418
      vertex 29.5908 18 12.6418
    endloop
  endfacet
  facet normal -0.932993 2.20449e-016 0.359895
    outer loop
      vertex 29.4672 18 12.3212
      vertex 29.4672 15.1 12.3212
      vertex 29.5908 18 12.6418
    endloop
  endfacet
  facet normal -0.817585 0 0.575808
    outer loop
      vertex 28.6225 -18 10.8301
      vertex 28.8203 -18 11.111
      vertex 28.8203 -15.1 11.111
    endloop
  endfacet
  facet normal -0.817585 3.52704e-016 0.575808
    outer loop
      vertex 28.6225 -15.1 10.8301
      vertex 28.6225 -18 10.8301
      vertex 28.8203 -15.1 11.111
    endloop
  endfacet
  facet normal -0.817585 0 0.575808
    outer loop
      vertex 28.6225 15.1 10.8301
      vertex 28.8203 15.1 11.111
      vertex 28.8203 18 11.111
    endloop
  endfacet
  facet normal -0.817585 3.52704e-016 0.575808
    outer loop
      vertex 28.6225 18 10.8301
      vertex 28.6225 15.1 10.8301
      vertex 28.8203 18 11.111
    endloop
  endfacet
  facet normal -0.975702 1.32319e-016 0.219101
    outer loop
      vertex 29.7902 -18 13.2991
      vertex 29.8655 -18 13.6344
      vertex 29.8655 -15.1 13.6344
    endloop
  endfacet
  facet normal -0.975702 1.34208e-016 0.219101
    outer loop
      vertex 29.7902 -15.1 13.2991
      vertex 29.7902 -18 13.2991
      vertex 29.8655 -15.1 13.6344
    endloop
  endfacet
  facet normal -0.975702 1.32319e-016 0.219101
    outer loop
      vertex 29.7902 15.1 13.2991
      vertex 29.8655 15.1 13.6344
      vertex 29.8655 18 13.6344
    endloop
  endfacet
  facet normal -0.975702 1.34208e-016 0.219101
    outer loop
      vertex 29.7902 18 13.2991
      vertex 29.7902 15.1 13.2991
      vertex 29.8655 18 13.6344
    endloop
  endfacet
  facet normal 0.99729 0 0.0735646
    outer loop
      vertex 16.0084 -15.1 14.6565
      vertex 16.0337 -18 14.3139
      vertex 16.0337 -15.1 14.3139
    endloop
  endfacet
  facet normal 0.99729 0 0.0735646
    outer loop
      vertex 16.0084 -15.1 14.6565
      vertex 16.0084 -18 14.6565
      vertex 16.0337 -18 14.3139
    endloop
  endfacet
  facet normal 0.99729 0 0.0735646
    outer loop
      vertex 16.0084 18 14.6565
      vertex 16.0337 15.1 14.3139
      vertex 16.0337 18 14.3139
    endloop
  endfacet
  facet normal 0.99729 0 0.0735646
    outer loop
      vertex 16.0084 18 14.6565
      vertex 16.0084 15.1 14.6565
      vertex 16.0337 15.1 14.3139
    endloop
  endfacet
  facet normal -0.724247 4.17849e-016 0.689541
    outer loop
      vertex 27.9497 -18 10.0503
      vertex 28.1867 -18 10.2991
      vertex 28.1867 -15.1 10.2991
    endloop
  endfacet
  facet normal -0.724247 4.22369e-016 0.689541
    outer loop
      vertex 27.9497 -15.1 10.0503
      vertex 27.9497 -18 10.0503
      vertex 28.1867 -15.1 10.2991
    endloop
  endfacet
  facet normal -0.724247 4.17849e-016 0.689541
    outer loop
      vertex 27.9497 15.1 10.0503
      vertex 28.1867 15.1 10.2991
      vertex 28.1867 18 10.2991
    endloop
  endfacet
  facet normal -0.724247 4.22369e-016 0.689541
    outer loop
      vertex 27.9497 18 10.0503
      vertex 27.9497 15.1 10.0503
      vertex 28.1867 18 10.2991
    endloop
  endfacet
  facet normal -0.313682 0 0.949528
    outer loop
      vertex 25.032 -15.1 8.30142
      vertex 25.3582 -18 8.40919
      vertex 25.3582 -15.1 8.40919
    endloop
  endfacet
  facet normal -0.313682 5.81621e-016 0.949528
    outer loop
      vertex 25.032 -15.1 8.30142
      vertex 25.032 -18 8.30142
      vertex 25.3582 -18 8.40919
    endloop
  endfacet
  facet normal -0.313682 0 0.949528
    outer loop
      vertex 25.032 18 8.30142
      vertex 25.3582 15.1 8.40919
      vertex 25.3582 18 8.40919
    endloop
  endfacet
  facet normal -0.313682 5.81621e-016 0.949528
    outer loop
      vertex 25.032 18 8.30142
      vertex 25.032 15.1 8.30142
      vertex 25.3582 15.1 8.40919
    endloop
  endfacet
  facet normal -0.757209 0 0.653173
    outer loop
      vertex 28.1867 -18 10.2991
      vertex 28.4111 -18 10.5592
      vertex 28.4111 -15.1 10.5592
    endloop
  endfacet
  facet normal -0.757209 4.00092e-016 0.653173
    outer loop
      vertex 28.1867 -15.1 10.2991
      vertex 28.1867 -18 10.2991
      vertex 28.4111 -15.1 10.5592
    endloop
  endfacet
  facet normal -0.757209 0 0.653173
    outer loop
      vertex 28.1867 15.1 10.2991
      vertex 28.4111 15.1 10.5592
      vertex 28.4111 18 10.5592
    endloop
  endfacet
  facet normal -0.757209 4.00092e-016 0.653173
    outer loop
      vertex 28.1867 18 10.2991
      vertex 28.1867 15.1 10.2991
      vertex 28.4111 18 10.5592
    endloop
  endfacet
  facet normal -0.99248 7.48646e-017 0.122411
    outer loop
      vertex 29.9242 -18 13.9729
      vertex 29.9663 -18 14.3139
      vertex 29.9663 -15.1 14.3139
    endloop
  endfacet
  facet normal -0.99248 7.4981e-017 0.122411
    outer loop
      vertex 29.9242 -15.1 13.9729
      vertex 29.9242 -18 13.9729
      vertex 29.9663 -15.1 14.3139
    endloop
  endfacet
  facet normal -0.99248 7.48646e-017 0.122411
    outer loop
      vertex 29.9242 15.1 13.9729
      vertex 29.9663 15.1 14.3139
      vertex 29.9663 18 14.3139
    endloop
  endfacet
  facet normal -0.99248 7.4981e-017 0.122411
    outer loop
      vertex 29.9242 18 13.9729
      vertex 29.9242 15.1 13.9729
      vertex 29.9663 18 14.3139
    endloop
  endfacet
  facet normal 0.689541 0 0.724247
    outer loop
      vertex 18.0503 -15.1 10.0503
      vertex 18.2991 -18 9.81334
      vertex 18.2991 -15.1 9.81334
    endloop
  endfacet
  facet normal 0.689541 4.43628e-016 0.724247
    outer loop
      vertex 18.0503 -15.1 10.0503
      vertex 18.0503 -18 10.0503
      vertex 18.2991 -18 9.81334
    endloop
  endfacet
  facet normal 0.689541 0 0.724247
    outer loop
      vertex 18.0503 15.1 10.0503
      vertex 18.2991 15.1 9.81334
      vertex 18.2991 18 9.81334
    endloop
  endfacet
  facet normal 0.689541 4.43628e-016 0.724247
    outer loop
      vertex 18.0503 18 10.0503
      vertex 18.0503 15.1 10.0503
      vertex 18.2991 18 9.81334
    endloop
  endfacet
  facet normal 0.492898 5.36239e-016 0.870087
    outer loop
      vertex 19.4013 -15.1 8.9959
      vertex 19.7002 -18 8.82655
      vertex 19.7002 -15.1 8.82655
    endloop
  endfacet
  facet normal 0.492898 0 0.870087
    outer loop
      vertex 19.4013 -15.1 8.9959
      vertex 19.4013 -18 8.9959
      vertex 19.7002 -18 8.82655
    endloop
  endfacet
  facet normal 0.492898 5.36239e-016 0.870087
    outer loop
      vertex 19.4013 15.1 8.9959
      vertex 19.7002 15.1 8.82655
      vertex 19.7002 18 8.82655
    endloop
  endfacet
  facet normal 0.492898 0 0.870087
    outer loop
      vertex 19.4013 18 8.9959
      vertex 19.4013 15.1 8.9959
      vertex 19.7002 18 8.82655
    endloop
  endfacet
  facet normal 0.219101 0 0.975702
    outer loop
      vertex 21.2991 -15.1 8.20978
      vertex 21.6344 -18 8.1345
      vertex 21.6344 -15.1 8.1345
    endloop
  endfacet
  facet normal 0.219101 5.97654e-016 0.975702
    outer loop
      vertex 21.2991 -15.1 8.20978
      vertex 21.2991 -18 8.20978
      vertex 21.6344 -18 8.1345
    endloop
  endfacet
  facet normal 0.219101 0 0.975702
    outer loop
      vertex 21.2991 15.1 8.20978
      vertex 21.6344 15.1 8.1345
      vertex 21.6344 18 8.1345
    endloop
  endfacet
  facet normal 0.219101 5.97654e-016 0.975702
    outer loop
      vertex 21.2991 18 8.20978
      vertex 21.2991 15.1 8.20978
      vertex 21.6344 18 8.1345
    endloop
  endfacet
  facet normal -0.615232 4.81159e-016 0.788346
    outer loop
      vertex 27.1977 -15.1 9.39924
      vertex 27.4408 -18 9.58893
      vertex 27.4408 -15.1 9.58893
    endloop
  endfacet
  facet normal -0.615232 1.78809e-016 0.788346
    outer loop
      vertex 27.1977 -15.1 9.39924
      vertex 27.177 -18 9.38311
      vertex 27.4408 -18 9.58893
    endloop
  endfacet
  facet normal -0.615232 4.82757e-016 0.788346
    outer loop
      vertex 27.4336 18 9.58336
      vertex 27.4408 15.1 9.58893
      vertex 27.4408 18 9.58893
    endloop
  endfacet
  facet normal -0.615232 -4.28075e-017 0.788346
    outer loop
      vertex 27.4336 18 9.58336
      vertex 27.413 15.1 9.56723
      vertex 27.4408 15.1 9.58893
    endloop
  endfacet
  facet normal -0.405241 0 0.91421
    outer loop
      vertex 25.6788 -15.1 8.53284
      vertex 25.9929 -18 8.67207
      vertex 25.9929 -15.1 8.67207
    endloop
  endfacet
  facet normal -0.405241 5.59987e-016 0.91421
    outer loop
      vertex 25.6788 -15.1 8.53284
      vertex 25.6788 -18 8.53284
      vertex 25.9929 -18 8.67207
    endloop
  endfacet
  facet normal -0.405241 0 0.91421
    outer loop
      vertex 25.6788 18 8.53284
      vertex 25.9929 15.1 8.67207
      vertex 25.9929 18 8.67207
    endloop
  endfacet
  facet normal -0.405241 5.59987e-016 0.91421
    outer loop
      vertex 25.6788 18 8.53284
      vertex 25.6788 15.1 8.53284
      vertex 25.9929 15.1 8.67207
    endloop
  endfacet
  facet normal -0.788346 3.76064e-016 0.615232
    outer loop
      vertex 28.4111 -18 10.5592
      vertex 28.6225 -18 10.8301
      vertex 28.6225 -15.1 10.8301
    endloop
  endfacet
  facet normal -0.788346 0 0.615232
    outer loop
      vertex 28.4111 -15.1 10.5592
      vertex 28.4111 -18 10.5592
      vertex 28.6225 -15.1 10.8301
    endloop
  endfacet
  facet normal -0.788346 3.76064e-016 0.615232
    outer loop
      vertex 28.4111 15.1 10.5592
      vertex 28.6225 15.1 10.8301
      vertex 28.6225 18 10.8301
    endloop
  endfacet
  facet normal -0.788346 0 0.615232
    outer loop
      vertex 28.4111 18 10.5592
      vertex 28.4111 15.1 10.5592
      vertex 28.6225 18 10.8301
    endloop
  endfacet
  facet normal 0.932993 2.22853e-016 0.359895
    outer loop
      vertex 16.4092 -15.1 12.6418
      vertex 16.5328 -18 12.3212
      vertex 16.5328 -15.1 12.3212
    endloop
  endfacet
  facet normal 0.932993 0 0.359895
    outer loop
      vertex 16.4092 -15.1 12.6418
      vertex 16.4092 -18 12.6418
      vertex 16.5328 -18 12.3212
    endloop
  endfacet
  facet normal 0.932993 2.22853e-016 0.359895
    outer loop
      vertex 16.4092 18 12.6418
      vertex 16.5328 15.1 12.3212
      vertex 16.5328 18 12.3212
    endloop
  endfacet
  facet normal 0.932993 0 0.359895
    outer loop
      vertex 16.4092 18 12.6418
      vertex 16.4092 15.1 12.6418
      vertex 16.5328 15.1 12.3212
    endloop
  endfacet
  facet normal 0.844854 0 0.534998
    outer loop
      vertex 17.0148 -15.1 11.3715
      vertex 17.1797 -18 11.111
      vertex 17.1797 -15.1 11.111
    endloop
  endfacet
  facet normal 0.844854 3.50019e-016 0.534998
    outer loop
      vertex 17.0148 -15.1 11.3715
      vertex 17.0007 -18 11.3936
      vertex 17.1797 -18 11.111
    endloop
  endfacet
  facet normal 0.844854 0 0.534998
    outer loop
      vertex 17.1749 18 11.1186
      vertex 17.1797 15.1 11.111
      vertex 17.1797 18 11.111
    endloop
  endfacet
  facet normal 0.844854 3.59026e-016 0.534998
    outer loop
      vertex 17.1749 18 11.1186
      vertex 17.1608 15.1 11.1408
      vertex 17.1797 15.1 11.111
    endloop
  endfacet
  facet normal 0.653173 4.66598e-016 0.757209
    outer loop
      vertex 18.2991 -15.1 9.81334
      vertex 18.5592 -18 9.58893
      vertex 18.5592 -15.1 9.58893
    endloop
  endfacet
  facet normal 0.653173 0 0.757209
    outer loop
      vertex 18.2991 -15.1 9.81334
      vertex 18.2991 -18 9.81334
      vertex 18.5592 -18 9.58893
    endloop
  endfacet
  facet normal 0.653173 4.66598e-016 0.757209
    outer loop
      vertex 18.2991 15.1 9.81334
      vertex 18.5592 15.1 9.58893
      vertex 18.5592 18 9.58893
    endloop
  endfacet
  facet normal 0.653173 0 0.757209
    outer loop
      vertex 18.2991 18 9.81334
      vertex 18.2991 15.1 9.81334
      vertex 18.5592 18 9.58893
    endloop
  endfacet
  facet normal 0.359895 5.7106e-016 0.932993
    outer loop
      vertex 20.3212 -15.1 8.53284
      vertex 20.6418 -18 8.40919
      vertex 20.6418 -15.1 8.40919
    endloop
  endfacet
  facet normal 0.359895 5.71492e-016 0.932993
    outer loop
      vertex 20.3212 -15.1 8.53284
      vertex 20.3212 -18 8.53284
      vertex 20.6418 -18 8.40919
    endloop
  endfacet
  facet normal 0.359895 5.7106e-016 0.932993
    outer loop
      vertex 20.3212 15.1 8.53284
      vertex 20.6418 15.1 8.40919
      vertex 20.6418 18 8.40919
    endloop
  endfacet
  facet normal 0.359895 5.71492e-016 0.932993
    outer loop
      vertex 20.3212 18 8.53284
      vertex 20.3212 15.1 8.53284
      vertex 20.6418 18 8.40919
    endloop
  endfacet
  facet normal 0.0735646 6.11104e-016 0.99729
    outer loop
      vertex 22.3139 -15.1 8.03371
      vertex 22.6565 -18 8.00843
      vertex 22.6565 -15.1 8.00843
    endloop
  endfacet
  facet normal 0.0735646 0 0.99729
    outer loop
      vertex 22.3139 -15.1 8.03371
      vertex 22.3139 -18 8.03371
      vertex 22.6565 -18 8.00843
    endloop
  endfacet
  facet normal 0.0735646 6.11104e-016 0.99729
    outer loop
      vertex 22.3139 15.1 8.03371
      vertex 22.6565 15.1 8.00843
      vertex 22.6565 18 8.00843
    endloop
  endfacet
  facet normal 0.0735646 0 0.99729
    outer loop
      vertex 22.3139 18 8.03371
      vertex 22.3139 15.1 8.03371
      vertex 22.6565 18 8.00843
    endloop
  endfacet
  facet normal -0.122411 0 0.99248
    outer loop
      vertex 23.6861 -15.1 8.03371
      vertex 24.0271 -18 8.07576
      vertex 24.0271 -15.1 8.07576
    endloop
  endfacet
  facet normal -0.122411 0 0.99248
    outer loop
      vertex 23.6861 -15.1 8.03371
      vertex 23.6861 -18 8.03371
      vertex 24.0271 -18 8.07576
    endloop
  endfacet
  facet normal -0.122411 0 0.99248
    outer loop
      vertex 23.6861 18 8.03371
      vertex 24.0271 15.1 8.07576
      vertex 24.0271 18 8.07576
    endloop
  endfacet
  facet normal -0.122411 0 0.99248
    outer loop
      vertex 23.6861 18 8.03371
      vertex 23.6861 15.1 8.03371
      vertex 24.0271 15.1 8.07576
    endloop
  endfacet
  facet normal -0.653173 0 0.757209
    outer loop
      vertex 27.4408 -15.1 9.58893
      vertex 27.7009 -18 9.81334
      vertex 27.7009 -15.1 9.81334
    endloop
  endfacet
  facet normal -0.653173 4.63818e-016 0.757209
    outer loop
      vertex 27.4408 -15.1 9.58893
      vertex 27.4408 -18 9.58893
      vertex 27.7009 -18 9.81334
    endloop
  endfacet
  facet normal -0.653173 0 0.757209
    outer loop
      vertex 27.4408 18 9.58893
      vertex 27.7009 15.1 9.81334
      vertex 27.7009 18 9.81334
    endloop
  endfacet
  facet normal -0.653173 4.63818e-016 0.757209
    outer loop
      vertex 27.4408 18 9.58893
      vertex 27.4408 15.1 9.58893
      vertex 27.7009 15.1 9.81334
    endloop
  endfacet
  facet normal -0.615232 -4.294e-017 0.788346
    outer loop
      vertex 27.1699 -15.1 9.37755
      vertex 27.177 -18 9.38311
      vertex 27.1977 -15.1 9.39924
    endloop
  endfacet
  facet normal -0.615232 4.82891e-016 0.788346
    outer loop
      vertex 27.1699 -15.1 9.37755
      vertex 27.1699 -18 9.37755
      vertex 27.177 -18 9.38311
    endloop
  endfacet
  facet normal -0.615232 1.78809e-016 0.788346
    outer loop
      vertex 27.1699 18 9.37755
      vertex 27.413 15.1 9.56723
      vertex 27.4336 18 9.58336
    endloop
  endfacet
  facet normal -0.615232 4.82891e-016 0.788346
    outer loop
      vertex 27.1699 18 9.37755
      vertex 27.1699 15.1 9.37755
      vertex 27.413 15.1 9.56723
    endloop
  endfacet
  facet normal -0.359895 5.7106e-016 0.932993
    outer loop
      vertex 25.3582 -15.1 8.40919
      vertex 25.6788 -18 8.53284
      vertex 25.6788 -15.1 8.53284
    endloop
  endfacet
  facet normal -0.359895 0 0.932993
    outer loop
      vertex 25.3582 -15.1 8.40919
      vertex 25.3582 -18 8.40919
      vertex 25.6788 -18 8.53284
    endloop
  endfacet
  facet normal -0.359895 5.7106e-016 0.932993
    outer loop
      vertex 25.3582 18 8.40919
      vertex 25.6788 15.1 8.53284
      vertex 25.6788 18 8.53284
    endloop
  endfacet
  facet normal -0.359895 0 0.932993
    outer loop
      vertex 25.3582 18 8.40919
      vertex 25.3582 15.1 8.40919
      vertex 25.6788 15.1 8.53284
    endloop
  endfacet
  facet normal -0.219101 5.98917e-016 0.975702
    outer loop
      vertex 24.3656 -15.1 8.1345
      vertex 24.7009 -18 8.20978
      vertex 24.7009 -15.1 8.20978
    endloop
  endfacet
  facet normal -0.219101 5.97654e-016 0.975702
    outer loop
      vertex 24.3656 -15.1 8.1345
      vertex 24.3656 -18 8.1345
      vertex 24.7009 -18 8.20978
    endloop
  endfacet
  facet normal -0.219101 5.98917e-016 0.975702
    outer loop
      vertex 24.3656 18 8.1345
      vertex 24.7009 15.1 8.20978
      vertex 24.7009 18 8.20978
    endloop
  endfacet
  facet normal -0.219101 5.97654e-016 0.975702
    outer loop
      vertex 24.3656 18 8.1345
      vertex 24.3656 15.1 8.1345
      vertex 24.7009 15.1 8.20978
    endloop
  endfacet
  facet normal -0.266713 5.91952e-016 0.963776
    outer loop
      vertex 24.7009 -15.1 8.20978
      vertex 25.032 -18 8.30142
      vertex 25.032 -15.1 8.30142
    endloop
  endfacet
  facet normal -0.266713 5.90348e-016 0.963776
    outer loop
      vertex 24.7009 -15.1 8.20978
      vertex 24.7009 -18 8.20978
      vertex 25.032 -18 8.30142
    endloop
  endfacet
  facet normal -0.266713 5.91952e-016 0.963776
    outer loop
      vertex 24.7009 18 8.20978
      vertex 25.032 15.1 8.30142
      vertex 25.032 18 8.30142
    endloop
  endfacet
  facet normal -0.266713 5.90348e-016 0.963776
    outer loop
      vertex 24.7009 18 8.20978
      vertex 24.7009 15.1 8.20978
      vertex 25.032 15.1 8.30142
    endloop
  endfacet
  facet normal -0.492898 0 0.870087
    outer loop
      vertex 26.2998 -15.1 8.82655
      vertex 26.5987 -18 8.9959
      vertex 26.5987 -15.1 8.9959
    endloop
  endfacet
  facet normal -0.492898 0 0.870087
    outer loop
      vertex 26.2998 -15.1 8.82655
      vertex 26.2998 -18 8.82655
      vertex 26.5987 -18 8.9959
    endloop
  endfacet
  facet normal -0.492898 0 0.870087
    outer loop
      vertex 26.2998 18 8.82655
      vertex 26.5987 15.1 8.9959
      vertex 26.5987 18 8.9959
    endloop
  endfacet
  facet normal -0.492898 0 0.870087
    outer loop
      vertex 26.2998 18 8.82655
      vertex 26.2998 15.1 8.82655
      vertex 26.5987 15.1 8.9959
    endloop
  endfacet
  facet normal -0.844854 0 0.534998
    outer loop
      vertex 29.0003 -15.1 11.3953
      vertex 29.0041 -18 11.4013
      vertex 29.0041 -15.1 11.4013
    endloop
  endfacet
  facet normal -0.844854 -7.49952e-016 0.534998
    outer loop
      vertex 29.0003 -15.1 11.3953
      vertex 28.8203 -18 11.111
      vertex 29.0041 -18 11.4013
    endloop
  endfacet
  facet normal -0.844854 0 0.534998
    outer loop
      vertex 28.8203 -15.1 11.111
      vertex 28.8203 -18 11.111
      vertex 29.0003 -15.1 11.3953
    endloop
  endfacet
  facet normal -0.844854 0 0.534998
    outer loop
      vertex 28.8203 15.1 11.111
      vertex 29.0041 15.1 11.4013
      vertex 29.0041 18 11.4013
    endloop
  endfacet
  facet normal -0.844854 0 0.534998
    outer loop
      vertex 28.8203 18 11.111
      vertex 28.8203 15.1 11.111
      vertex 29.0041 18 11.4013
    endloop
  endfacet
  facet normal -0.949528 1.94134e-016 0.313682
    outer loop
      vertex 29.6193 -15.1 12.7281
      vertex 29.6986 -18 12.968
      vertex 29.6986 -15.1 12.968
    endloop
  endfacet
  facet normal -0.949528 -3.691e-016 0.313682
    outer loop
      vertex 29.6193 -15.1 12.7281
      vertex 29.5908 -18 12.6418
      vertex 29.6986 -18 12.968
    endloop
  endfacet
  facet normal -0.949528 1.92142e-016 0.313682
    outer loop
      vertex 29.5908 -15.1 12.6418
      vertex 29.5908 -18 12.6418
      vertex 29.6193 -15.1 12.7281
    endloop
  endfacet
  facet normal -0.949528 1.94996e-016 0.313682
    outer loop
      vertex 29.5908 15.1 12.6418
      vertex 29.6986 15.1 12.968
      vertex 29.6986 18 12.968
    endloop
  endfacet
  facet normal -0.949528 1.92142e-016 0.313682
    outer loop
      vertex 29.5908 18 12.6418
      vertex 29.5908 15.1 12.6418
      vertex 29.6986 18 12.968
    endloop
  endfacet
  facet normal -0.99729 4.5267e-017 0.0735646
    outer loop
      vertex 29.9663 -18 14.3139
      vertex 29.9916 -18 14.6565
      vertex 29.9916 -15.1 14.6565
    endloop
  endfacet
  facet normal -0.99729 4.5061e-017 0.0735646
    outer loop
      vertex 29.9663 -15.1 14.3139
      vertex 29.9663 -18 14.3139
      vertex 29.9916 -15.1 14.6565
    endloop
  endfacet
  facet normal -0.99729 4.5267e-017 0.0735646
    outer loop
      vertex 29.9663 15.1 14.3139
      vertex 29.9916 15.1 14.6565
      vertex 29.9916 18 14.6565
    endloop
  endfacet
  facet normal -0.99729 4.5061e-017 0.0735646
    outer loop
      vertex 29.9663 18 14.3139
      vertex 29.9663 15.1 14.3139
      vertex 29.9916 18 14.6565
    endloop
  endfacet
  facet normal -0.999699 0 0.0245412
    outer loop
      vertex 29.9916 -18 14.6565
      vertex 30 -18 15
      vertex 30 -15.1 15
    endloop
  endfacet
  facet normal -0.999699 1.50324e-017 0.0245412
    outer loop
      vertex 29.9916 -15.1 14.6565
      vertex 29.9916 -18 14.6565
      vertex 30 -15.1 15
    endloop
  endfacet
  facet normal -0.999699 1.52341e-017 0.0245412
    outer loop
      vertex 29.9916 15.1 14.6565
      vertex 30 15.1 15
      vertex 30 18 15
    endloop
  endfacet
  facet normal -0.999699 1.50324e-017 0.0245412
    outer loop
      vertex 29.9916 18 14.6565
      vertex 29.9916 15.1 14.6565
      vertex 30 18 15
    endloop
  endfacet
  facet normal 0.99248 7.48646e-017 0.122411
    outer loop
      vertex 16.0337 -15.1 14.3139
      vertex 16.0758 -18 13.9729
      vertex 16.0758 -15.1 13.9729
    endloop
  endfacet
  facet normal 0.99248 0 0.122411
    outer loop
      vertex 16.0337 -15.1 14.3139
      vertex 16.0337 -18 14.3139
      vertex 16.0758 -18 13.9729
    endloop
  endfacet
  facet normal 0.99248 7.48646e-017 0.122411
    outer loop
      vertex 16.0337 18 14.3139
      vertex 16.0758 15.1 13.9729
      vertex 16.0758 18 13.9729
    endloop
  endfacet
  facet normal 0.99248 0 0.122411
    outer loop
      vertex 16.0337 18 14.3139
      vertex 16.0337 15.1 14.3139
      vertex 16.0758 15.1 13.9729
    endloop
  endfacet
  facet normal 0.91421 2.50709e-016 0.405241
    outer loop
      vertex 16.5328 -15.1 12.3212
      vertex 16.6721 -18 12.0071
      vertex 16.6721 -15.1 12.0071
    endloop
  endfacet
  facet normal 0.91421 2.48225e-016 0.405241
    outer loop
      vertex 16.5328 -15.1 12.3212
      vertex 16.5328 -18 12.3212
      vertex 16.6721 -18 12.0071
    endloop
  endfacet
  facet normal 0.91421 2.50709e-016 0.405241
    outer loop
      vertex 16.5328 18 12.3212
      vertex 16.6721 15.1 12.0071
      vertex 16.6721 18 12.0071
    endloop
  endfacet
  facet normal 0.91421 2.48225e-016 0.405241
    outer loop
      vertex 16.5328 18 12.3212
      vertex 16.5328 15.1 12.3212
      vertex 16.6721 15.1 12.0071
    endloop
  endfacet
  facet normal 0.949528 0 0.313682
    outer loop
      vertex 16.3014 -15.1 12.968
      vertex 16.4092 -18 12.6418
      vertex 16.4092 -15.1 12.6418
    endloop
  endfacet
  facet normal 0.949528 1.92142e-016 0.313682
    outer loop
      vertex 16.3014 -15.1 12.968
      vertex 16.3014 -18 12.968
      vertex 16.4092 -18 12.6418
    endloop
  endfacet
  facet normal 0.949528 0 0.313682
    outer loop
      vertex 16.3014 18 12.968
      vertex 16.4092 15.1 12.6418
      vertex 16.4092 18 12.6418
    endloop
  endfacet
  facet normal 0.949528 1.92142e-016 0.313682
    outer loop
      vertex 16.3014 18 12.968
      vertex 16.3014 15.1 12.968
      vertex 16.4092 15.1 12.6418
    endloop
  endfacet
  facet normal 0.724247 4.24813e-016 0.689541
    outer loop
      vertex 17.8133 -15.1 10.2991
      vertex 18.0503 -18 10.0503
      vertex 18.0503 -15.1 10.0503
    endloop
  endfacet
  facet normal 0.724247 4.22369e-016 0.689541
    outer loop
      vertex 17.8133 -15.1 10.2991
      vertex 17.8133 -18 10.2991
      vertex 18.0503 -18 10.0503
    endloop
  endfacet
  facet normal 0.724247 4.24813e-016 0.689541
    outer loop
      vertex 17.8133 18 10.2991
      vertex 18.0503 15.1 10.0503
      vertex 18.0503 18 10.0503
    endloop
  endfacet
  facet normal 0.724247 4.22369e-016 0.689541
    outer loop
      vertex 17.8133 18 10.2991
      vertex 17.8133 15.1 10.2991
      vertex 18.0503 15.1 10.0503
    endloop
  endfacet
  facet normal 0.788346 3.76064e-016 0.615232
    outer loop
      vertex 17.3775 -15.1 10.8301
      vertex 17.5889 -18 10.5592
      vertex 17.5889 -15.1 10.5592
    endloop
  endfacet
  facet normal 0.788346 3.76852e-016 0.615232
    outer loop
      vertex 17.3775 -15.1 10.8301
      vertex 17.3775 -18 10.8301
      vertex 17.5889 -18 10.5592
    endloop
  endfacet
  facet normal 0.788346 3.76064e-016 0.615232
    outer loop
      vertex 17.3775 18 10.8301
      vertex 17.5889 15.1 10.5592
      vertex 17.5889 18 10.5592
    endloop
  endfacet
  facet normal 0.788346 3.76852e-016 0.615232
    outer loop
      vertex 17.3775 18 10.8301
      vertex 17.3775 15.1 10.8301
      vertex 17.5889 15.1 10.5592
    endloop
  endfacet
  facet normal 0.844854 2.66299e-016 0.534998
    outer loop
      vertex 16.9997 -15.1 11.3953
      vertex 17.0007 -18 11.3936
      vertex 17.0148 -15.1 11.3715
    endloop
  endfacet
  facet normal 0.844854 1.82488e-016 0.534998
    outer loop
      vertex 16.9997 -15.1 11.3953
      vertex 16.9959 -18 11.4013
      vertex 17.0007 -18 11.3936
    endloop
  endfacet
  facet normal 0.844854 0 0.534998
    outer loop
      vertex 16.9959 -15.1 11.4013
      vertex 16.9959 -18 11.4013
      vertex 16.9997 -15.1 11.3953
    endloop
  endfacet
  facet normal 0.844854 3.50466e-016 0.534998
    outer loop
      vertex 16.9959 18 11.4013
      vertex 17.1608 15.1 11.1408
      vertex 17.1749 18 11.1186
    endloop
  endfacet
  facet normal 0.844854 0 0.534998
    outer loop
      vertex 16.9959 18 11.4013
      vertex 16.9959 15.1 11.4013
      vertex 17.1608 15.1 11.1408
    endloop
  endfacet
  facet normal 0.893224 2.75404e-016 0.449611
    outer loop
      vertex 16.8266 18 11.7002
      vertex 16.729 15.1 11.894
      vertex 16.8266 15.1 11.7002
    endloop
  endfacet
  facet normal 0.893224 5.08383e-016 0.449611
    outer loop
      vertex 16.8266 18 11.7002
      vertex 16.6721 18 12.0071
      vertex 16.729 15.1 11.894
    endloop
  endfacet
  facet normal 0.893224 2.75404e-016 0.449611
    outer loop
      vertex 16.6721 18 12.0071
      vertex 16.6721 15.1 12.0071
      vertex 16.729 15.1 11.894
    endloop
  endfacet
  facet normal 0.893224 2.78566e-016 0.449611
    outer loop
      vertex 16.6721 -15.1 12.0071
      vertex 16.8266 -18 11.7002
      vertex 16.8266 -15.1 11.7002
    endloop
  endfacet
  facet normal 0.893224 2.75404e-016 0.449611
    outer loop
      vertex 16.6721 -15.1 12.0071
      vertex 16.6721 -18 12.0071
      vertex 16.8266 -18 11.7002
    endloop
  endfacet
  facet normal 0.870087 5.86494e-016 0.492898
    outer loop
      vertex 16.8266 -18 11.7002
      vertex 16.9914 -18 11.4091
      vertex 16.9785 -15.1 11.432
    endloop
  endfacet
  facet normal 0.870087 3.01918e-016 0.492898
    outer loop
      vertex 16.8266 -15.1 11.7002
      vertex 16.8266 -18 11.7002
      vertex 16.9785 -15.1 11.432
    endloop
  endfacet
  facet normal 0.870087 1.23519e-016 0.492898
    outer loop
      vertex 16.8266 15.1 11.7002
      vertex 16.8439 15.1 11.6695
      vertex 16.831 18 11.6924
    endloop
  endfacet
  facet normal 0.870087 3.01918e-016 0.492898
    outer loop
      vertex 16.8266 18 11.7002
      vertex 16.8266 15.1 11.7002
      vertex 16.831 18 11.6924
    endloop
  endfacet
  facet normal 0.575808 0 0.817585
    outer loop
      vertex 18.8301 -15.1 9.37755
      vertex 19.111 -18 9.17971
      vertex 19.111 -15.1 9.17971
    endloop
  endfacet
  facet normal 0.575808 5.00801e-016 0.817585
    outer loop
      vertex 18.8301 -15.1 9.37755
      vertex 18.8301 -18 9.37755
      vertex 19.111 -18 9.17971
    endloop
  endfacet
  facet normal 0.575808 0 0.817585
    outer loop
      vertex 18.8301 15.1 9.37755
      vertex 19.111 15.1 9.17971
      vertex 19.111 18 9.17971
    endloop
  endfacet
  facet normal 0.575808 5.00801e-016 0.817585
    outer loop
      vertex 18.8301 18 9.37755
      vertex 18.8301 15.1 9.37755
      vertex 19.111 18 9.17971
    endloop
  endfacet
  facet normal 0.534998 0 0.844854
    outer loop
      vertex 19.111 -15.1 9.17971
      vertex 19.4013 -18 8.9959
      vertex 19.4013 -15.1 8.9959
    endloop
  endfacet
  facet normal 0.534998 0 0.844854
    outer loop
      vertex 19.111 -15.1 9.17971
      vertex 19.111 -18 9.17971
      vertex 19.4013 -18 8.9959
    endloop
  endfacet
  facet normal 0.534998 0 0.844854
    outer loop
      vertex 19.111 15.1 9.17971
      vertex 19.4013 15.1 8.9959
      vertex 19.4013 18 8.9959
    endloop
  endfacet
  facet normal 0.534998 0 0.844854
    outer loop
      vertex 19.111 18 9.17971
      vertex 19.111 15.1 9.17971
      vertex 19.4013 18 8.9959
    endloop
  endfacet
  facet normal 0.615232 4.82891e-016 0.788346
    outer loop
      vertex 18.8301 -15.1 9.37755
      vertex 18.823 -18 9.38311
      vertex 18.8301 -18 9.37755
    endloop
  endfacet
  facet normal 0.615232 5.174e-016 0.788346
    outer loop
      vertex 18.8301 -15.1 9.37755
      vertex 18.8023 -15.1 9.39924
      vertex 18.823 -18 9.38311
    endloop
  endfacet
  facet normal 0.615232 4.82891e-016 0.788346
    outer loop
      vertex 18.8301 18 9.37755
      vertex 18.587 15.1 9.56723
      vertex 18.8301 15.1 9.37755
    endloop
  endfacet
  facet normal 0.615232 1.78809e-016 0.788346
    outer loop
      vertex 18.8301 18 9.37755
      vertex 18.5664 18 9.58336
      vertex 18.587 15.1 9.56723
    endloop
  endfacet
  facet normal 0.615232 1.78809e-016 0.788346
    outer loop
      vertex 18.5592 -18 9.58893
      vertex 18.823 -18 9.38311
      vertex 18.8023 -15.1 9.39924
    endloop
  endfacet
  facet normal 0.615232 4.82891e-016 0.788346
    outer loop
      vertex 18.5592 -15.1 9.58893
      vertex 18.5592 -18 9.58893
      vertex 18.8023 -15.1 9.39924
    endloop
  endfacet
  facet normal 0.615232 5.174e-016 0.788346
    outer loop
      vertex 18.5592 15.1 9.58893
      vertex 18.587 15.1 9.56723
      vertex 18.5664 18 9.58336
    endloop
  endfacet
  facet normal 0.615232 4.82891e-016 0.788346
    outer loop
      vertex 18.5592 18 9.58893
      vertex 18.5592 15.1 9.58893
      vertex 18.5664 18 9.58336
    endloop
  endfacet
  facet normal 0.449611 0 0.893224
    outer loop
      vertex 19.7002 -15.1 8.82655
      vertex 20.0071 -18 8.67207
      vertex 20.0071 -15.1 8.67207
    endloop
  endfacet
  facet normal 0.449611 5.47133e-016 0.893224
    outer loop
      vertex 19.7002 -15.1 8.82655
      vertex 19.7002 -18 8.82655
      vertex 20.0071 -18 8.67207
    endloop
  endfacet
  facet normal 0.449611 0 0.893224
    outer loop
      vertex 19.7002 15.1 8.82655
      vertex 20.0071 15.1 8.67207
      vertex 20.0071 18 8.67207
    endloop
  endfacet
  facet normal 0.449611 5.47133e-016 0.893224
    outer loop
      vertex 19.7002 18 8.82655
      vertex 19.7002 15.1 8.82655
      vertex 20.0071 18 8.67207
    endloop
  endfacet
  facet normal 0.405241 5.57132e-016 0.91421
    outer loop
      vertex 20.0071 -15.1 8.67207
      vertex 20.3212 -18 8.53284
      vertex 20.3212 -15.1 8.53284
    endloop
  endfacet
  facet normal 0.405241 0 0.91421
    outer loop
      vertex 20.0071 -15.1 8.67207
      vertex 20.0071 -18 8.67207
      vertex 20.3212 -18 8.53284
    endloop
  endfacet
  facet normal 0.405241 5.57132e-016 0.91421
    outer loop
      vertex 20.0071 15.1 8.67207
      vertex 20.3212 15.1 8.53284
      vertex 20.3212 18 8.53284
    endloop
  endfacet
  facet normal 0.405241 0 0.91421
    outer loop
      vertex 20.0071 18 8.67207
      vertex 20.0071 15.1 8.67207
      vertex 20.3212 18 8.53284
    endloop
  endfacet
  facet normal 0.313682 0 0.949528
    outer loop
      vertex 20.6418 -15.1 8.40919
      vertex 20.968 -18 8.30142
      vertex 20.968 -15.1 8.30142
    endloop
  endfacet
  facet normal 0.313682 5.81621e-016 0.949528
    outer loop
      vertex 20.6418 -15.1 8.40919
      vertex 20.6418 -18 8.40919
      vertex 20.968 -18 8.30142
    endloop
  endfacet
  facet normal 0.313682 0 0.949528
    outer loop
      vertex 20.6418 15.1 8.40919
      vertex 20.968 15.1 8.30142
      vertex 20.968 18 8.30142
    endloop
  endfacet
  facet normal 0.313682 5.81621e-016 0.949528
    outer loop
      vertex 20.6418 18 8.40919
      vertex 20.6418 15.1 8.40919
      vertex 20.968 18 8.30142
    endloop
  endfacet
  facet normal 0.266713 5.91952e-016 0.963776
    outer loop
      vertex 20.968 -15.1 8.30142
      vertex 21.2991 -18 8.20978
      vertex 21.2991 -15.1 8.20978
    endloop
  endfacet
  facet normal 0.266713 0 0.963776
    outer loop
      vertex 20.968 -15.1 8.30142
      vertex 20.968 -18 8.30142
      vertex 21.2991 -18 8.20978
    endloop
  endfacet
  facet normal 0.266713 5.91952e-016 0.963776
    outer loop
      vertex 20.968 15.1 8.30142
      vertex 21.2991 15.1 8.20978
      vertex 21.2991 18 8.20978
    endloop
  endfacet
  facet normal 0.266713 0 0.963776
    outer loop
      vertex 20.968 18 8.30142
      vertex 20.968 15.1 8.30142
      vertex 21.2991 18 8.20978
    endloop
  endfacet
  facet normal 0.122411 0 0.99248
    outer loop
      vertex 21.9729 -15.1 8.07576
      vertex 22.3139 -18 8.03371
      vertex 22.3139 -15.1 8.03371
    endloop
  endfacet
  facet normal 0.122411 0 0.99248
    outer loop
      vertex 21.9729 -15.1 8.07576
      vertex 21.9729 -18 8.07576
      vertex 22.3139 -18 8.03371
    endloop
  endfacet
  facet normal 0.122411 0 0.99248
    outer loop
      vertex 21.9729 15.1 8.07576
      vertex 22.3139 15.1 8.03371
      vertex 22.3139 18 8.03371
    endloop
  endfacet
  facet normal 0.122411 0 0.99248
    outer loop
      vertex 21.9729 18 8.07576
      vertex 21.9729 15.1 8.07576
      vertex 22.3139 18 8.03371
    endloop
  endfacet
  facet normal -0.170962 6.02399e-016 0.985278
    outer loop
      vertex 24.0271 -15.1 8.07576
      vertex 24.3656 -18 8.1345
      vertex 24.3656 -15.1 8.1345
    endloop
  endfacet
  facet normal -0.170962 0 0.985278
    outer loop
      vertex 24.0271 -15.1 8.07576
      vertex 24.0271 -18 8.07576
      vertex 24.3656 -18 8.1345
    endloop
  endfacet
  facet normal -0.170962 6.02399e-016 0.985278
    outer loop
      vertex 24.0271 18 8.07576
      vertex 24.3656 15.1 8.1345
      vertex 24.3656 18 8.1345
    endloop
  endfacet
  facet normal -0.170962 0 0.985278
    outer loop
      vertex 24.0271 18 8.07576
      vertex 24.0271 15.1 8.07576
      vertex 24.3656 15.1 8.1345
    endloop
  endfacet
  facet normal -0.689541 4.45705e-016 0.724247
    outer loop
      vertex 27.7009 -15.1 9.81334
      vertex 27.9497 -18 10.0503
      vertex 27.9497 -15.1 10.0503
    endloop
  endfacet
  facet normal -0.689541 0 0.724247
    outer loop
      vertex 27.7009 -15.1 9.81334
      vertex 27.7009 -18 9.81334
      vertex 27.9497 -18 10.0503
    endloop
  endfacet
  facet normal -0.689541 4.45705e-016 0.724247
    outer loop
      vertex 27.7009 18 9.81334
      vertex 27.9497 15.1 10.0503
      vertex 27.9497 18 10.0503
    endloop
  endfacet
  facet normal -0.689541 0 0.724247
    outer loop
      vertex 27.7009 18 9.81334
      vertex 27.7009 15.1 9.81334
      vertex 27.9497 15.1 10.0503
    endloop
  endfacet
  facet normal -0.534998 5.22311e-016 0.844854
    outer loop
      vertex 26.5987 -15.1 8.9959
      vertex 26.889 -18 9.17971
      vertex 26.889 -15.1 9.17971
    endloop
  endfacet
  facet normal -0.534998 0 0.844854
    outer loop
      vertex 26.5987 -15.1 8.9959
      vertex 26.5987 -18 8.9959
      vertex 26.889 -18 9.17971
    endloop
  endfacet
  facet normal -0.534998 5.22311e-016 0.844854
    outer loop
      vertex 26.5987 18 8.9959
      vertex 26.889 15.1 9.17971
      vertex 26.889 18 9.17971
    endloop
  endfacet
  facet normal -0.534998 0 0.844854
    outer loop
      vertex 26.5987 18 8.9959
      vertex 26.5987 15.1 8.9959
      vertex 26.889 15.1 9.17971
    endloop
  endfacet
  facet normal -0.575808 5.01419e-016 0.817585
    outer loop
      vertex 26.889 -15.1 9.17971
      vertex 27.1699 -18 9.37755
      vertex 27.1699 -15.1 9.37755
    endloop
  endfacet
  facet normal -0.575808 5.00801e-016 0.817585
    outer loop
      vertex 26.889 -15.1 9.17971
      vertex 26.889 -18 9.17971
      vertex 27.1699 -18 9.37755
    endloop
  endfacet
  facet normal -0.575808 5.01419e-016 0.817585
    outer loop
      vertex 26.889 18 9.17971
      vertex 27.1699 15.1 9.37755
      vertex 27.1699 18 9.37755
    endloop
  endfacet
  facet normal -0.575808 5.00801e-016 0.817585
    outer loop
      vertex 26.889 18 9.17971
      vertex 26.889 15.1 9.17971
      vertex 27.1699 15.1 9.37755
    endloop
  endfacet
  facet normal -0.91421 2.50709e-016 0.405241
    outer loop
      vertex 29.3279 -18 12.0071
      vertex 29.4672 -18 12.3212
      vertex 29.4672 -15.1 12.3212
    endloop
  endfacet
  facet normal -0.91421 2.48225e-016 0.405241
    outer loop
      vertex 29.3279 -15.1 12.0071
      vertex 29.3279 -18 12.0071
      vertex 29.4672 -15.1 12.3212
    endloop
  endfacet
  facet normal -0.91421 2.50709e-016 0.405241
    outer loop
      vertex 29.3279 15.1 12.0071
      vertex 29.4672 15.1 12.3212
      vertex 29.4672 18 12.3212
    endloop
  endfacet
  facet normal -0.91421 2.48225e-016 0.405241
    outer loop
      vertex 29.3279 18 12.0071
      vertex 29.3279 15.1 12.0071
      vertex 29.4672 18 12.3212
    endloop
  endfacet
  facet normal -0.893224 2.75404e-016 0.449611
    outer loop
      vertex 29.3279 18 12.0071
      vertex 29.271 15.1 11.894
      vertex 29.3279 15.1 12.0071
    endloop
  endfacet
  facet normal -0.893224 -1.07944e-016 0.449611
    outer loop
      vertex 29.3279 18 12.0071
      vertex 29.1734 18 11.7002
      vertex 29.271 15.1 11.894
    endloop
  endfacet
  facet normal -0.893224 2.75404e-016 0.449611
    outer loop
      vertex 29.1734 18 11.7002
      vertex 29.1734 15.1 11.7002
      vertex 29.271 15.1 11.894
    endloop
  endfacet
  facet normal -0.893224 2.71602e-016 0.449611
    outer loop
      vertex 29.1734 -18 11.7002
      vertex 29.3279 -18 12.0071
      vertex 29.3279 -15.1 12.0071
    endloop
  endfacet
  facet normal -0.893224 2.75404e-016 0.449611
    outer loop
      vertex 29.1734 -15.1 11.7002
      vertex 29.1734 -18 11.7002
      vertex 29.3279 -15.1 12.0071
    endloop
  endfacet
  facet normal -0.985278 1.04462e-016 0.170962
    outer loop
      vertex 29.8655 -18 13.6344
      vertex 29.9242 -18 13.9729
      vertex 29.9242 -15.1 13.9729
    endloop
  endfacet
  facet normal -0.985278 1.0472e-016 0.170962
    outer loop
      vertex 29.8655 -15.1 13.6344
      vertex 29.8655 -18 13.6344
      vertex 29.9242 -15.1 13.9729
    endloop
  endfacet
  facet normal -0.985278 1.04462e-016 0.170962
    outer loop
      vertex 29.8655 15.1 13.6344
      vertex 29.9242 15.1 13.9729
      vertex 29.9242 18 13.9729
    endloop
  endfacet
  facet normal -0.985278 1.0472e-016 0.170962
    outer loop
      vertex 29.8655 18 13.6344
      vertex 29.8655 15.1 13.6344
      vertex 29.9242 18 13.9729
    endloop
  endfacet
  facet normal -0.963776 1.63371e-016 0.266713
    outer loop
      vertex 29.7902 18 13.2991
      vertex 29.7715 15.1 13.2316
      vertex 29.7902 15.1 13.2991
    endloop
  endfacet
  facet normal -0.963776 6.16327e-016 0.266713
    outer loop
      vertex 29.7902 18 13.2991
      vertex 29.6986 18 12.968
      vertex 29.7715 15.1 13.2316
    endloop
  endfacet
  facet normal -0.963776 1.63371e-016 0.266713
    outer loop
      vertex 29.6986 18 12.968
      vertex 29.6986 15.1 12.968
      vertex 29.7715 15.1 13.2316
    endloop
  endfacet
  facet normal -0.963776 1.63657e-016 0.266713
    outer loop
      vertex 29.6986 -18 12.968
      vertex 29.7902 -18 13.2991
      vertex 29.7902 -15.1 13.2991
    endloop
  endfacet
  facet normal -0.963776 1.63371e-016 0.266713
    outer loop
      vertex 29.6986 -15.1 12.968
      vertex 29.6986 -18 12.968
      vertex 29.7902 -15.1 13.2991
    endloop
  endfacet
  facet normal 0.963776 1.63657e-016 0.266713
    outer loop
      vertex 16.2098 -15.1 13.2991
      vertex 16.3014 -18 12.968
      vertex 16.3014 -15.1 12.968
    endloop
  endfacet
  facet normal 0.963776 0 0.266713
    outer loop
      vertex 16.2098 -15.1 13.2991
      vertex 16.2098 -18 13.2991
      vertex 16.3014 -18 12.968
    endloop
  endfacet
  facet normal 0.963776 1.63657e-016 0.266713
    outer loop
      vertex 16.2098 18 13.2991
      vertex 16.3014 15.1 12.968
      vertex 16.3014 18 12.968
    endloop
  endfacet
  facet normal 0.963776 0 0.266713
    outer loop
      vertex 16.2098 18 13.2991
      vertex 16.2098 15.1 13.2991
      vertex 16.3014 15.1 12.968
    endloop
  endfacet
  facet normal 0.757209 4.03921e-016 0.653173
    outer loop
      vertex 17.5889 -15.1 10.5592
      vertex 17.8133 -18 10.2991
      vertex 17.8133 -15.1 10.2991
    endloop
  endfacet
  facet normal 0.757209 4.00092e-016 0.653173
    outer loop
      vertex 17.5889 -15.1 10.5592
      vertex 17.5889 -18 10.5592
      vertex 17.8133 -18 10.2991
    endloop
  endfacet
  facet normal 0.757209 4.03921e-016 0.653173
    outer loop
      vertex 17.5889 18 10.5592
      vertex 17.8133 15.1 10.2991
      vertex 17.8133 18 10.2991
    endloop
  endfacet
  facet normal 0.757209 4.00092e-016 0.653173
    outer loop
      vertex 17.5889 18 10.5592
      vertex 17.5889 15.1 10.5592
      vertex 17.8133 15.1 10.2991
    endloop
  endfacet
  facet normal 0.817585 3.48207e-016 0.575808
    outer loop
      vertex 17.1797 -15.1 11.111
      vertex 17.3775 -18 10.8301
      vertex 17.3775 -15.1 10.8301
    endloop
  endfacet
  facet normal 0.817585 0 0.575808
    outer loop
      vertex 17.1797 -15.1 11.111
      vertex 17.1797 -18 11.111
      vertex 17.3775 -18 10.8301
    endloop
  endfacet
  facet normal 0.817585 3.48207e-016 0.575808
    outer loop
      vertex 17.1797 18 11.111
      vertex 17.3775 15.1 10.8301
      vertex 17.3775 18 10.8301
    endloop
  endfacet
  facet normal 0.817585 0 0.575808
    outer loop
      vertex 17.1797 18 11.111
      vertex 17.1797 15.1 11.111
      vertex 17.3775 15.1 10.8301
    endloop
  endfacet
  facet normal 0.870087 0 0.492898
    outer loop
      vertex 16.9959 -15.1 11.4013
      vertex 16.9914 -18 11.4091
      vertex 16.9959 -18 11.4013
    endloop
  endfacet
  facet normal 0.870087 3.96797e-016 0.492898
    outer loop
      vertex 16.9959 -15.1 11.4013
      vertex 16.9785 -15.1 11.432
      vertex 16.9914 -18 11.4091
    endloop
  endfacet
  facet normal 0.870087 0 0.492898
    outer loop
      vertex 16.9959 18 11.4013
      vertex 16.8439 15.1 11.6695
      vertex 16.9959 15.1 11.4013
    endloop
  endfacet
  facet normal 0.870087 -4.79209e-016 0.492898
    outer loop
      vertex 16.9959 18 11.4013
      vertex 16.831 18 11.6924
      vertex 16.8439 15.1 11.6695
    endloop
  endfacet
  facet normal 0.0245412 6.11974e-016 0.999699
    outer loop
      vertex 22.6565 -15.1 8.00843
      vertex 23 -18 8
      vertex 23 -15.1 8
    endloop
  endfacet
  facet normal 0.0245412 6.12352e-016 0.999699
    outer loop
      vertex 22.6565 -15.1 8.00843
      vertex 22.6565 -18 8.00843
      vertex 23 -18 8
    endloop
  endfacet
  facet normal 0.0245412 3.06422e-016 0.999699
    outer loop
      vertex 22.6565 15.1 8.00843
      vertex 23 15.1 8
      vertex 23 18 8
    endloop
  endfacet
  facet normal 0.0245412 6.12352e-016 0.999699
    outer loop
      vertex 22.6565 18 8.00843
      vertex 22.6565 15.1 8.00843
      vertex 23 18 8
    endloop
  endfacet
  facet normal -0.0245412 6.1241e-016 0.999699
    outer loop
      vertex 23 -15.1 8
      vertex 23.3435 -18 8.00843
      vertex 23.3435 -15.1 8.00843
    endloop
  endfacet
  facet normal -0.0245412 6.12352e-016 0.999699
    outer loop
      vertex 23 -15.1 8
      vertex 23 -18 8
      vertex 23.3435 -18 8.00843
    endloop
  endfacet
  facet normal -0.0245412 6.1241e-016 0.999699
    outer loop
      vertex 23 18 8
      vertex 23.3435 15.1 8.00843
      vertex 23.3435 18 8.00843
    endloop
  endfacet
  facet normal -0.0245412 3.06176e-016 0.999699
    outer loop
      vertex 23 18 8
      vertex 23 15.1 8
      vertex 23.3435 15.1 8.00843
    endloop
  endfacet
  facet normal -0.870087 3.06422e-016 0.492898
    outer loop
      vertex 29.0041 -18 11.4013
      vertex 29.1734 -18 11.7002
      vertex 29.1734 -15.1 11.7002
    endloop
  endfacet
  facet normal -0.870087 0 0.492898
    outer loop
      vertex 29.0041 -15.1 11.4013
      vertex 29.0041 -18 11.4013
      vertex 29.1734 -15.1 11.7002
    endloop
  endfacet
  facet normal -0.870087 3.06422e-016 0.492898
    outer loop
      vertex 29.0041 15.1 11.4013
      vertex 29.1734 15.1 11.7002
      vertex 29.1734 18 11.7002
    endloop
  endfacet
  facet normal -0.870087 0 0.492898
    outer loop
      vertex 29.0041 18 11.4013
      vertex 29.0041 15.1 11.4013
      vertex 29.1734 18 11.7002
    endloop
  endfacet
  facet normal 0.985278 0 0.170962
    outer loop
      vertex 16.0758 -15.1 13.9729
      vertex 16.1345 -18 13.6344
      vertex 16.1345 -15.1 13.6344
    endloop
  endfacet
  facet normal 0.985278 1.0472e-016 0.170962
    outer loop
      vertex 16.0758 -15.1 13.9729
      vertex 16.0758 -18 13.9729
      vertex 16.1345 -18 13.6344
    endloop
  endfacet
  facet normal 0.985278 0 0.170962
    outer loop
      vertex 16.0758 18 13.9729
      vertex 16.1345 15.1 13.6344
      vertex 16.1345 18 13.6344
    endloop
  endfacet
  facet normal 0.985278 1.0472e-016 0.170962
    outer loop
      vertex 16.0758 18 13.9729
      vertex 16.0758 15.1 13.9729
      vertex 16.1345 15.1 13.6344
    endloop
  endfacet
  facet normal 0.975702 0 0.219101
    outer loop
      vertex 16.1345 -15.1 13.6344
      vertex 16.2098 -18 13.2991
      vertex 16.2098 -15.1 13.2991
    endloop
  endfacet
  facet normal 0.975702 0 0.219101
    outer loop
      vertex 16.1345 -15.1 13.6344
      vertex 16.1345 -18 13.6344
      vertex 16.2098 -18 13.2991
    endloop
  endfacet
  facet normal 0.975702 0 0.219101
    outer loop
      vertex 16.1345 18 13.6344
      vertex 16.2098 15.1 13.2991
      vertex 16.2098 18 13.2991
    endloop
  endfacet
  facet normal 0.975702 0 0.219101
    outer loop
      vertex 16.1345 18 13.6344
      vertex 16.1345 15.1 13.6344
      vertex 16.2098 15.1 13.2991
    endloop
  endfacet
  facet normal 0.170962 0 0.985278
    outer loop
      vertex 21.6344 -15.1 8.1345
      vertex 21.9729 -18 8.07576
      vertex 21.9729 -15.1 8.07576
    endloop
  endfacet
  facet normal 0.170962 0 0.985278
    outer loop
      vertex 21.6344 -15.1 8.1345
      vertex 21.6344 -18 8.1345
      vertex 21.9729 -18 8.07576
    endloop
  endfacet
  facet normal 0.170962 0 0.985278
    outer loop
      vertex 21.6344 15.1 8.1345
      vertex 21.9729 15.1 8.07576
      vertex 21.9729 18 8.07576
    endloop
  endfacet
  facet normal 0.170962 0 0.985278
    outer loop
      vertex 21.6344 18 8.1345
      vertex 21.6344 15.1 8.1345
      vertex 21.9729 18 8.07576
    endloop
  endfacet
  facet normal 0.995185 0.0980171 -0
    outer loop
      vertex -40.35 -13 6.2
      vertex -40.35 -13 15
      vertex -40.3096 -13.4097 15
    endloop
  endfacet
  facet normal 0.995185 0.0980171 -0
    outer loop
      vertex -40.3096 -13.4097 6.2
      vertex -40.35 -13 6.2
      vertex -40.3096 -13.4097 15
    endloop
  endfacet
  facet normal 0.0980171 -0.995185 0
    outer loop
      vertex -38.6597 -10.9404 15
      vertex -38.25 -10.9 6.2
      vertex -38.25 -10.9 15
    endloop
  endfacet
  facet normal 0.0980171 -0.995185 0
    outer loop
      vertex -38.6597 -10.9404 15
      vertex -38.6597 -10.9404 6.2
      vertex -38.25 -10.9 6.2
    endloop
  endfacet
  facet normal -0.995185 -0.0980171 0
    outer loop
      vertex -36.1904 -12.5903 6.2
      vertex -36.15 -13 6.2
      vertex -36.15 -13 15
    endloop
  endfacet
  facet normal -0.995185 -0.0980171 -0
    outer loop
      vertex -36.1904 -12.5903 15
      vertex -36.1904 -12.5903 6.2
      vertex -36.15 -13 15
    endloop
  endfacet
  facet normal -0.290285 0.95694 0
    outer loop
      vertex -37.4464 -14.9401 6.2
      vertex -37.8403 -15.0596 15
      vertex -37.4464 -14.9401 15
    endloop
  endfacet
  facet normal -0.290285 0.95694 0
    outer loop
      vertex -37.4464 -14.9401 6.2
      vertex -37.8403 -15.0596 6.2
      vertex -37.8403 -15.0596 15
    endloop
  endfacet
  facet normal -0.77301 0.634393 0
    outer loop
      vertex -36.5039 -14.1667 6.2
      vertex -36.7651 -14.4849 15
      vertex -36.5039 -14.1667 15
    endloop
  endfacet
  facet normal -0.77301 0.634393 0
    outer loop
      vertex -36.5039 -14.1667 6.2
      vertex -36.7651 -14.4849 6.2
      vertex -36.7651 -14.4849 15
    endloop
  endfacet
  facet normal -0.634393 -0.77301 0
    outer loop
      vertex -37.0833 -11.2539 15
      vertex -36.7651 -11.5151 6.2
      vertex -36.7651 -11.5151 15
    endloop
  endfacet
  facet normal -0.634393 -0.77301 -0
    outer loop
      vertex -37.0833 -11.2539 15
      vertex -37.0833 -11.2539 6.2
      vertex -36.7651 -11.5151 6.2
    endloop
  endfacet
  facet normal 0.77301 -0.634393 0
    outer loop
      vertex -39.9961 -11.8333 15
      vertex -39.7349 -11.5151 6.2
      vertex -39.7349 -11.5151 15
    endloop
  endfacet
  facet normal 0.77301 -0.634393 0
    outer loop
      vertex -39.9961 -11.8333 15
      vertex -39.9961 -11.8333 6.2
      vertex -39.7349 -11.5151 6.2
    endloop
  endfacet
  facet normal 0.995185 -0.0980171 0
    outer loop
      vertex -40.35 -13 15
      vertex -40.3096 -12.5903 6.2
      vertex -40.3096 -12.5903 15
    endloop
  endfacet
  facet normal 0.995185 -0.0980171 0
    outer loop
      vertex -40.35 -13 15
      vertex -40.35 -13 6.2
      vertex -40.3096 -12.5903 6.2
    endloop
  endfacet
  facet normal -0.881921 0.471397 0
    outer loop
      vertex -36.3099 -13.8036 6.2
      vertex -36.5039 -14.1667 15
      vertex -36.3099 -13.8036 15
    endloop
  endfacet
  facet normal -0.881921 0.471397 0
    outer loop
      vertex -36.3099 -13.8036 6.2
      vertex -36.5039 -14.1667 6.2
      vertex -36.5039 -14.1667 15
    endloop
  endfacet
  facet normal -0.995185 0.0980171 0
    outer loop
      vertex -36.15 -13 6.2
      vertex -36.1904 -13.4097 15
      vertex -36.15 -13 15
    endloop
  endfacet
  facet normal -0.995185 0.0980171 0
    outer loop
      vertex -36.15 -13 6.2
      vertex -36.1904 -13.4097 6.2
      vertex -36.1904 -13.4097 15
    endloop
  endfacet
  facet normal -0.634393 0.77301 0
    outer loop
      vertex -36.7651 -14.4849 6.2
      vertex -37.0833 -14.7461 15
      vertex -36.7651 -14.4849 15
    endloop
  endfacet
  facet normal -0.634393 0.77301 0
    outer loop
      vertex -36.7651 -14.4849 6.2
      vertex -37.0833 -14.7461 6.2
      vertex -37.0833 -14.7461 15
    endloop
  endfacet
  facet normal -0.881921 -0.471397 0
    outer loop
      vertex -36.5039 -11.8333 6.2
      vertex -36.3099 -12.1964 6.2
      vertex -36.3099 -12.1964 15
    endloop
  endfacet
  facet normal -0.881921 -0.471397 -0
    outer loop
      vertex -36.5039 -11.8333 15
      vertex -36.5039 -11.8333 6.2
      vertex -36.3099 -12.1964 15
    endloop
  endfacet
  facet normal -0.95694 -0.290285 0
    outer loop
      vertex -36.3099 -12.1964 6.2
      vertex -36.1904 -12.5903 6.2
      vertex -36.1904 -12.5903 15
    endloop
  endfacet
  facet normal -0.95694 -0.290285 -0
    outer loop
      vertex -36.3099 -12.1964 15
      vertex -36.3099 -12.1964 6.2
      vertex -36.1904 -12.5903 15
    endloop
  endfacet
  facet normal -0.77301 -0.634393 0
    outer loop
      vertex -36.7651 -11.5151 6.2
      vertex -36.5039 -11.8333 6.2
      vertex -36.5039 -11.8333 15
    endloop
  endfacet
  facet normal -0.77301 -0.634393 -0
    outer loop
      vertex -36.7651 -11.5151 15
      vertex -36.7651 -11.5151 6.2
      vertex -36.5039 -11.8333 15
    endloop
  endfacet
  facet normal -0.290285 -0.95694 0
    outer loop
      vertex -37.8403 -10.9404 15
      vertex -37.4464 -11.0599 6.2
      vertex -37.4464 -11.0599 15
    endloop
  endfacet
  facet normal -0.290285 -0.95694 -0
    outer loop
      vertex -37.8403 -10.9404 15
      vertex -37.8403 -10.9404 6.2
      vertex -37.4464 -11.0599 6.2
    endloop
  endfacet
  facet normal -0.0980171 -0.995185 0
    outer loop
      vertex -38.25 -10.9 15
      vertex -37.8403 -10.9404 6.2
      vertex -37.8403 -10.9404 15
    endloop
  endfacet
  facet normal -0.0980171 -0.995185 -0
    outer loop
      vertex -38.25 -10.9 15
      vertex -38.25 -10.9 6.2
      vertex -37.8403 -10.9404 6.2
    endloop
  endfacet
  facet normal -0.471397 -0.881921 0
    outer loop
      vertex -37.4464 -11.0599 15
      vertex -37.0833 -11.2539 6.2
      vertex -37.0833 -11.2539 15
    endloop
  endfacet
  facet normal -0.471397 -0.881921 -0
    outer loop
      vertex -37.4464 -11.0599 15
      vertex -37.4464 -11.0599 6.2
      vertex -37.0833 -11.2539 6.2
    endloop
  endfacet
  facet normal 0.290285 -0.95694 0
    outer loop
      vertex -39.0536 -11.0599 15
      vertex -38.6597 -10.9404 6.2
      vertex -38.6597 -10.9404 15
    endloop
  endfacet
  facet normal 0.290285 -0.95694 0
    outer loop
      vertex -39.0536 -11.0599 15
      vertex -39.0536 -11.0599 6.2
      vertex -38.6597 -10.9404 6.2
    endloop
  endfacet
  facet normal 0.0980171 0.995185 -0
    outer loop
      vertex -38.25 -15.1 6.2
      vertex -38.6597 -15.0596 15
      vertex -38.25 -15.1 15
    endloop
  endfacet
  facet normal 0.0980171 0.995185 0
    outer loop
      vertex -38.25 -15.1 6.2
      vertex -38.6597 -15.0596 6.2
      vertex -38.6597 -15.0596 15
    endloop
  endfacet
  facet normal -0.0980171 0.995185 0
    outer loop
      vertex -37.8403 -15.0596 6.2
      vertex -38.25 -15.1 15
      vertex -37.8403 -15.0596 15
    endloop
  endfacet
  facet normal -0.0980171 0.995185 0
    outer loop
      vertex -37.8403 -15.0596 6.2
      vertex -38.25 -15.1 6.2
      vertex -38.25 -15.1 15
    endloop
  endfacet
  facet normal 0.634393 0.77301 -0
    outer loop
      vertex -39.4167 -14.7461 6.2
      vertex -39.7349 -14.4849 15
      vertex -39.4167 -14.7461 15
    endloop
  endfacet
  facet normal 0.634393 0.77301 0
    outer loop
      vertex -39.4167 -14.7461 6.2
      vertex -39.7349 -14.4849 6.2
      vertex -39.7349 -14.4849 15
    endloop
  endfacet
  facet normal 0.77301 0.634393 -0
    outer loop
      vertex -39.9961 -14.1667 6.2
      vertex -39.9961 -14.1667 15
      vertex -39.7349 -14.4849 15
    endloop
  endfacet
  facet normal 0.77301 0.634393 -0
    outer loop
      vertex -39.7349 -14.4849 6.2
      vertex -39.9961 -14.1667 6.2
      vertex -39.7349 -14.4849 15
    endloop
  endfacet
  facet normal 0.881921 0.471397 -0
    outer loop
      vertex -40.1901 -13.8036 6.2
      vertex -40.1901 -13.8036 15
      vertex -39.9961 -14.1667 15
    endloop
  endfacet
  facet normal 0.881921 0.471397 -0
    outer loop
      vertex -39.9961 -14.1667 6.2
      vertex -40.1901 -13.8036 6.2
      vertex -39.9961 -14.1667 15
    endloop
  endfacet
  facet normal 0.95694 0.290285 -0
    outer loop
      vertex -40.3096 -13.4097 6.2
      vertex -40.3096 -13.4097 15
      vertex -40.1901 -13.8036 15
    endloop
  endfacet
  facet normal 0.95694 0.290285 -0
    outer loop
      vertex -40.1901 -13.8036 6.2
      vertex -40.3096 -13.4097 6.2
      vertex -40.1901 -13.8036 15
    endloop
  endfacet
  facet normal 0.881921 -0.471397 0
    outer loop
      vertex -40.1901 -12.1964 15
      vertex -39.9961 -11.8333 6.2
      vertex -39.9961 -11.8333 15
    endloop
  endfacet
  facet normal 0.881921 -0.471397 0
    outer loop
      vertex -40.1901 -12.1964 15
      vertex -40.1901 -12.1964 6.2
      vertex -39.9961 -11.8333 6.2
    endloop
  endfacet
  facet normal -0.95694 0.290285 0
    outer loop
      vertex -36.1904 -13.4097 6.2
      vertex -36.3099 -13.8036 15
      vertex -36.1904 -13.4097 15
    endloop
  endfacet
  facet normal -0.95694 0.290285 0
    outer loop
      vertex -36.1904 -13.4097 6.2
      vertex -36.3099 -13.8036 6.2
      vertex -36.3099 -13.8036 15
    endloop
  endfacet
  facet normal -0.471397 0.881921 0
    outer loop
      vertex -37.0833 -14.7461 6.2
      vertex -37.4464 -14.9401 15
      vertex -37.0833 -14.7461 15
    endloop
  endfacet
  facet normal -0.471397 0.881921 0
    outer loop
      vertex -37.0833 -14.7461 6.2
      vertex -37.4464 -14.9401 6.2
      vertex -37.4464 -14.9401 15
    endloop
  endfacet
  facet normal 0.471397 -0.881921 0
    outer loop
      vertex -39.4167 -11.2539 15
      vertex -39.0536 -11.0599 6.2
      vertex -39.0536 -11.0599 15
    endloop
  endfacet
  facet normal 0.471397 -0.881921 0
    outer loop
      vertex -39.4167 -11.2539 15
      vertex -39.4167 -11.2539 6.2
      vertex -39.0536 -11.0599 6.2
    endloop
  endfacet
  facet normal 0.290285 0.95694 -0
    outer loop
      vertex -38.6597 -15.0596 6.2
      vertex -39.0536 -14.9401 15
      vertex -38.6597 -15.0596 15
    endloop
  endfacet
  facet normal 0.290285 0.95694 0
    outer loop
      vertex -38.6597 -15.0596 6.2
      vertex -39.0536 -14.9401 6.2
      vertex -39.0536 -14.9401 15
    endloop
  endfacet
  facet normal 0.471397 0.881921 -0
    outer loop
      vertex -39.0536 -14.9401 6.2
      vertex -39.4167 -14.7461 15
      vertex -39.0536 -14.9401 15
    endloop
  endfacet
  facet normal 0.471397 0.881921 0
    outer loop
      vertex -39.0536 -14.9401 6.2
      vertex -39.4167 -14.7461 6.2
      vertex -39.4167 -14.7461 15
    endloop
  endfacet
  facet normal 0.634393 -0.77301 0
    outer loop
      vertex -39.7349 -11.5151 15
      vertex -39.4167 -11.2539 6.2
      vertex -39.4167 -11.2539 15
    endloop
  endfacet
  facet normal 0.634393 -0.77301 0
    outer loop
      vertex -39.7349 -11.5151 15
      vertex -39.7349 -11.5151 6.2
      vertex -39.4167 -11.2539 6.2
    endloop
  endfacet
  facet normal 0.95694 -0.290285 0
    outer loop
      vertex -40.3096 -12.5903 15
      vertex -40.1901 -12.1964 6.2
      vertex -40.1901 -12.1964 15
    endloop
  endfacet
  facet normal 0.95694 -0.290285 0
    outer loop
      vertex -40.3096 -12.5903 15
      vertex -40.3096 -12.5903 6.2
      vertex -40.1901 -12.1964 6.2
    endloop
  endfacet
  facet normal 0.995185 0.0980171 -0
    outer loop
      vertex -40.35 13 6.2
      vertex -40.35 13 15
      vertex -40.3096 12.5903 15
    endloop
  endfacet
  facet normal 0.995185 0.0980171 -0
    outer loop
      vertex -40.3096 12.5903 6.2
      vertex -40.35 13 6.2
      vertex -40.3096 12.5903 15
    endloop
  endfacet
  facet normal 0.0980171 -0.995185 0
    outer loop
      vertex -38.6597 15.0596 15
      vertex -38.25 15.1 6.2
      vertex -38.25 15.1 15
    endloop
  endfacet
  facet normal 0.0980171 -0.995185 0
    outer loop
      vertex -38.6597 15.0596 15
      vertex -38.6597 15.0596 6.2
      vertex -38.25 15.1 6.2
    endloop
  endfacet
  facet normal -0.995185 -0.0980171 0
    outer loop
      vertex -36.1904 13.4097 6.2
      vertex -36.15 13 6.2
      vertex -36.15 13 15
    endloop
  endfacet
  facet normal -0.995185 -0.0980171 -0
    outer loop
      vertex -36.1904 13.4097 15
      vertex -36.1904 13.4097 6.2
      vertex -36.15 13 15
    endloop
  endfacet
  facet normal -0.290285 0.95694 0
    outer loop
      vertex -37.4464 11.0599 6.2
      vertex -37.8403 10.9404 15
      vertex -37.4464 11.0599 15
    endloop
  endfacet
  facet normal -0.290285 0.95694 0
    outer loop
      vertex -37.4464 11.0599 6.2
      vertex -37.8403 10.9404 6.2
      vertex -37.8403 10.9404 15
    endloop
  endfacet
  facet normal 0.95694 0.290285 -0
    outer loop
      vertex -40.3096 12.5903 6.2
      vertex -40.3096 12.5903 15
      vertex -40.1901 12.1964 15
    endloop
  endfacet
  facet normal 0.95694 0.290285 -0
    outer loop
      vertex -40.1901 12.1964 6.2
      vertex -40.3096 12.5903 6.2
      vertex -40.1901 12.1964 15
    endloop
  endfacet
  facet normal -0.77301 0.634393 0
    outer loop
      vertex -36.5039 11.8333 6.2
      vertex -36.7651 11.5151 15
      vertex -36.5039 11.8333 15
    endloop
  endfacet
  facet normal -0.77301 0.634393 0
    outer loop
      vertex -36.5039 11.8333 6.2
      vertex -36.7651 11.5151 6.2
      vertex -36.7651 11.5151 15
    endloop
  endfacet
  facet normal -0.634393 -0.77301 0
    outer loop
      vertex -37.0833 14.7461 15
      vertex -36.7651 14.4849 6.2
      vertex -36.7651 14.4849 15
    endloop
  endfacet
  facet normal -0.634393 -0.77301 -0
    outer loop
      vertex -37.0833 14.7461 15
      vertex -37.0833 14.7461 6.2
      vertex -36.7651 14.4849 6.2
    endloop
  endfacet
  facet normal 0.77301 -0.634393 0
    outer loop
      vertex -39.9961 14.1667 15
      vertex -39.7349 14.4849 6.2
      vertex -39.7349 14.4849 15
    endloop
  endfacet
  facet normal 0.77301 -0.634393 0
    outer loop
      vertex -39.9961 14.1667 15
      vertex -39.9961 14.1667 6.2
      vertex -39.7349 14.4849 6.2
    endloop
  endfacet
  facet normal 0.995185 -0.0980171 0
    outer loop
      vertex -40.35 13 15
      vertex -40.3096 13.4097 6.2
      vertex -40.3096 13.4097 15
    endloop
  endfacet
  facet normal 0.995185 -0.0980171 0
    outer loop
      vertex -40.35 13 15
      vertex -40.35 13 6.2
      vertex -40.3096 13.4097 6.2
    endloop
  endfacet
  facet normal -0.881921 0.471397 0
    outer loop
      vertex -36.3099 12.1964 6.2
      vertex -36.5039 11.8333 15
      vertex -36.3099 12.1964 15
    endloop
  endfacet
  facet normal -0.881921 0.471397 0
    outer loop
      vertex -36.3099 12.1964 6.2
      vertex -36.5039 11.8333 6.2
      vertex -36.5039 11.8333 15
    endloop
  endfacet
  facet normal -0.995185 0.0980171 0
    outer loop
      vertex -36.15 13 6.2
      vertex -36.1904 12.5903 15
      vertex -36.15 13 15
    endloop
  endfacet
  facet normal -0.995185 0.0980171 0
    outer loop
      vertex -36.15 13 6.2
      vertex -36.1904 12.5903 6.2
      vertex -36.1904 12.5903 15
    endloop
  endfacet
  facet normal -0.634393 0.77301 0
    outer loop
      vertex -36.7651 11.5151 6.2
      vertex -37.0833 11.2539 15
      vertex -36.7651 11.5151 15
    endloop
  endfacet
  facet normal -0.634393 0.77301 0
    outer loop
      vertex -36.7651 11.5151 6.2
      vertex -37.0833 11.2539 6.2
      vertex -37.0833 11.2539 15
    endloop
  endfacet
  facet normal -0.881921 -0.471397 0
    outer loop
      vertex -36.5039 14.1667 6.2
      vertex -36.3099 13.8036 6.2
      vertex -36.3099 13.8036 15
    endloop
  endfacet
  facet normal -0.881921 -0.471397 -0
    outer loop
      vertex -36.5039 14.1667 15
      vertex -36.5039 14.1667 6.2
      vertex -36.3099 13.8036 15
    endloop
  endfacet
  facet normal -0.95694 -0.290285 0
    outer loop
      vertex -36.3099 13.8036 6.2
      vertex -36.1904 13.4097 6.2
      vertex -36.1904 13.4097 15
    endloop
  endfacet
  facet normal -0.95694 -0.290285 -0
    outer loop
      vertex -36.3099 13.8036 15
      vertex -36.3099 13.8036 6.2
      vertex -36.1904 13.4097 15
    endloop
  endfacet
  facet normal -0.77301 -0.634393 0
    outer loop
      vertex -36.7651 14.4849 6.2
      vertex -36.5039 14.1667 6.2
      vertex -36.5039 14.1667 15
    endloop
  endfacet
  facet normal -0.77301 -0.634393 -0
    outer loop
      vertex -36.7651 14.4849 15
      vertex -36.7651 14.4849 6.2
      vertex -36.5039 14.1667 15
    endloop
  endfacet
  facet normal -0.290285 -0.95694 0
    outer loop
      vertex -37.8403 15.0596 15
      vertex -37.4464 14.9401 6.2
      vertex -37.4464 14.9401 15
    endloop
  endfacet
  facet normal -0.290285 -0.95694 -0
    outer loop
      vertex -37.8403 15.0596 15
      vertex -37.8403 15.0596 6.2
      vertex -37.4464 14.9401 6.2
    endloop
  endfacet
  facet normal -0.0980171 -0.995185 0
    outer loop
      vertex -38.25 15.1 15
      vertex -37.8403 15.0596 6.2
      vertex -37.8403 15.0596 15
    endloop
  endfacet
  facet normal -0.0980171 -0.995185 -0
    outer loop
      vertex -38.25 15.1 15
      vertex -38.25 15.1 6.2
      vertex -37.8403 15.0596 6.2
    endloop
  endfacet
  facet normal -0.471397 -0.881921 0
    outer loop
      vertex -37.4464 14.9401 15
      vertex -37.0833 14.7461 6.2
      vertex -37.0833 14.7461 15
    endloop
  endfacet
  facet normal -0.471397 -0.881921 -0
    outer loop
      vertex -37.4464 14.9401 15
      vertex -37.4464 14.9401 6.2
      vertex -37.0833 14.7461 6.2
    endloop
  endfacet
  facet normal 0.290285 -0.95694 0
    outer loop
      vertex -39.0536 14.9401 15
      vertex -38.6597 15.0596 6.2
      vertex -38.6597 15.0596 15
    endloop
  endfacet
  facet normal 0.290285 -0.95694 0
    outer loop
      vertex -39.0536 14.9401 15
      vertex -39.0536 14.9401 6.2
      vertex -38.6597 15.0596 6.2
    endloop
  endfacet
  facet normal 0.0980171 0.995185 -0
    outer loop
      vertex -38.25 10.9 6.2
      vertex -38.6597 10.9404 15
      vertex -38.25 10.9 15
    endloop
  endfacet
  facet normal 0.0980171 0.995185 0
    outer loop
      vertex -38.25 10.9 6.2
      vertex -38.6597 10.9404 6.2
      vertex -38.6597 10.9404 15
    endloop
  endfacet
  facet normal 0.634393 0.77301 -0
    outer loop
      vertex -39.4167 11.2539 6.2
      vertex -39.7349 11.5151 15
      vertex -39.4167 11.2539 15
    endloop
  endfacet
  facet normal 0.634393 0.77301 0
    outer loop
      vertex -39.4167 11.2539 6.2
      vertex -39.7349 11.5151 6.2
      vertex -39.7349 11.5151 15
    endloop
  endfacet
  facet normal 0.77301 0.634393 -0
    outer loop
      vertex -39.9961 11.8333 6.2
      vertex -39.9961 11.8333 15
      vertex -39.7349 11.5151 15
    endloop
  endfacet
  facet normal 0.77301 0.634393 -0
    outer loop
      vertex -39.7349 11.5151 6.2
      vertex -39.9961 11.8333 6.2
      vertex -39.7349 11.5151 15
    endloop
  endfacet
  facet normal 0.881921 0.471397 -0
    outer loop
      vertex -40.1901 12.1964 6.2
      vertex -40.1901 12.1964 15
      vertex -39.9961 11.8333 15
    endloop
  endfacet
  facet normal 0.881921 0.471397 -0
    outer loop
      vertex -39.9961 11.8333 6.2
      vertex -40.1901 12.1964 6.2
      vertex -39.9961 11.8333 15
    endloop
  endfacet
  facet normal 0.881921 -0.471397 0
    outer loop
      vertex -40.1901 13.8036 15
      vertex -39.9961 14.1667 6.2
      vertex -39.9961 14.1667 15
    endloop
  endfacet
  facet normal 0.881921 -0.471397 0
    outer loop
      vertex -40.1901 13.8036 15
      vertex -40.1901 13.8036 6.2
      vertex -39.9961 14.1667 6.2
    endloop
  endfacet
  facet normal -0.95694 0.290285 0
    outer loop
      vertex -36.1904 12.5903 6.2
      vertex -36.3099 12.1964 15
      vertex -36.1904 12.5903 15
    endloop
  endfacet
  facet normal -0.95694 0.290285 0
    outer loop
      vertex -36.1904 12.5903 6.2
      vertex -36.3099 12.1964 6.2
      vertex -36.3099 12.1964 15
    endloop
  endfacet
  facet normal -0.471397 0.881921 0
    outer loop
      vertex -37.0833 11.2539 6.2
      vertex -37.4464 11.0599 15
      vertex -37.0833 11.2539 15
    endloop
  endfacet
  facet normal -0.471397 0.881921 0
    outer loop
      vertex -37.0833 11.2539 6.2
      vertex -37.4464 11.0599 6.2
      vertex -37.4464 11.0599 15
    endloop
  endfacet
  facet normal 0.471397 -0.881921 0
    outer loop
      vertex -39.4167 14.7461 15
      vertex -39.0536 14.9401 6.2
      vertex -39.0536 14.9401 15
    endloop
  endfacet
  facet normal 0.471397 -0.881921 0
    outer loop
      vertex -39.4167 14.7461 15
      vertex -39.4167 14.7461 6.2
      vertex -39.0536 14.9401 6.2
    endloop
  endfacet
  facet normal 0.471397 0.881921 -0
    outer loop
      vertex -39.0536 11.0599 6.2
      vertex -39.4167 11.2539 15
      vertex -39.0536 11.0599 15
    endloop
  endfacet
  facet normal 0.471397 0.881921 0
    outer loop
      vertex -39.0536 11.0599 6.2
      vertex -39.4167 11.2539 6.2
      vertex -39.4167 11.2539 15
    endloop
  endfacet
  facet normal 0.290285 0.95694 -0
    outer loop
      vertex -38.6597 10.9404 6.2
      vertex -39.0536 11.0599 15
      vertex -38.6597 10.9404 15
    endloop
  endfacet
  facet normal 0.290285 0.95694 0
    outer loop
      vertex -38.6597 10.9404 6.2
      vertex -39.0536 11.0599 6.2
      vertex -39.0536 11.0599 15
    endloop
  endfacet
  facet normal -0.0980171 0.995185 0
    outer loop
      vertex -37.8403 10.9404 6.2
      vertex -38.25 10.9 15
      vertex -37.8403 10.9404 15
    endloop
  endfacet
  facet normal -0.0980171 0.995185 0
    outer loop
      vertex -37.8403 10.9404 6.2
      vertex -38.25 10.9 6.2
      vertex -38.25 10.9 15
    endloop
  endfacet
  facet normal 0.634393 -0.77301 0
    outer loop
      vertex -39.7349 14.4849 15
      vertex -39.4167 14.7461 6.2
      vertex -39.4167 14.7461 15
    endloop
  endfacet
  facet normal 0.634393 -0.77301 0
    outer loop
      vertex -39.7349 14.4849 15
      vertex -39.7349 14.4849 6.2
      vertex -39.4167 14.7461 6.2
    endloop
  endfacet
  facet normal 0.95694 -0.290285 0
    outer loop
      vertex -40.3096 13.4097 15
      vertex -40.1901 13.8036 6.2
      vertex -40.1901 13.8036 15
    endloop
  endfacet
  facet normal 0.95694 -0.290285 0
    outer loop
      vertex -40.3096 13.4097 15
      vertex -40.3096 13.4097 6.2
      vertex -40.1901 13.8036 6.2
    endloop
  endfacet
  facet normal 0.995185 0.0980171 -0
    outer loop
      vertex -9.85 -13 6.2
      vertex -9.85 -13 15
      vertex -9.80965 -13.4097 15
    endloop
  endfacet
  facet normal 0.995185 0.0980171 -0
    outer loop
      vertex -9.80965 -13.4097 6.2
      vertex -9.85 -13 6.2
      vertex -9.80965 -13.4097 15
    endloop
  endfacet
  facet normal -0.290285 0.95694 0
    outer loop
      vertex -6.94636 -14.9401 6.2
      vertex -7.34031 -15.0596 15
      vertex -6.94636 -14.9401 15
    endloop
  endfacet
  facet normal -0.290285 0.95694 0
    outer loop
      vertex -6.94636 -14.9401 6.2
      vertex -7.34031 -15.0596 6.2
      vertex -7.34031 -15.0596 15
    endloop
  endfacet
  facet normal 0.290285 -0.95694 0
    outer loop
      vertex -8.55364 -11.0599 15
      vertex -8.15969 -10.9404 6.2
      vertex -8.15969 -10.9404 15
    endloop
  endfacet
  facet normal 0.290285 -0.95694 0
    outer loop
      vertex -8.55364 -11.0599 15
      vertex -8.55364 -11.0599 6.2
      vertex -8.15969 -10.9404 6.2
    endloop
  endfacet
  facet normal -0.634393 0.77301 0
    outer loop
      vertex -6.26508 -14.4849 6.2
      vertex -6.5833 -14.7461 15
      vertex -6.26508 -14.4849 15
    endloop
  endfacet
  facet normal -0.634393 0.77301 0
    outer loop
      vertex -6.26508 -14.4849 6.2
      vertex -6.5833 -14.7461 6.2
      vertex -6.5833 -14.7461 15
    endloop
  endfacet
  facet normal -0.634393 -0.77301 0
    outer loop
      vertex -6.5833 -11.2539 15
      vertex -6.26508 -11.5151 6.2
      vertex -6.26508 -11.5151 15
    endloop
  endfacet
  facet normal -0.634393 -0.77301 -0
    outer loop
      vertex -6.5833 -11.2539 15
      vertex -6.5833 -11.2539 6.2
      vertex -6.26508 -11.5151 6.2
    endloop
  endfacet
  facet normal 0.995185 -0.0980171 0
    outer loop
      vertex -9.85 -13 15
      vertex -9.80965 -12.5903 6.2
      vertex -9.80965 -12.5903 15
    endloop
  endfacet
  facet normal 0.995185 -0.0980171 0
    outer loop
      vertex -9.85 -13 15
      vertex -9.85 -13 6.2
      vertex -9.80965 -12.5903 6.2
    endloop
  endfacet
  facet normal -0.0980171 0.995185 0
    outer loop
      vertex -7.34031 -15.0596 6.2
      vertex -7.75 -15.1 15
      vertex -7.34031 -15.0596 15
    endloop
  endfacet
  facet normal -0.0980171 0.995185 0
    outer loop
      vertex -7.34031 -15.0596 6.2
      vertex -7.75 -15.1 6.2
      vertex -7.75 -15.1 15
    endloop
  endfacet
  facet normal 0.634393 0.77301 -0
    outer loop
      vertex -8.9167 -14.7461 6.2
      vertex -9.23492 -14.4849 15
      vertex -8.9167 -14.7461 15
    endloop
  endfacet
  facet normal 0.634393 0.77301 0
    outer loop
      vertex -8.9167 -14.7461 6.2
      vertex -9.23492 -14.4849 6.2
      vertex -9.23492 -14.4849 15
    endloop
  endfacet
  facet normal 0.77301 0.634393 -0
    outer loop
      vertex -9.49609 -14.1667 6.2
      vertex -9.49609 -14.1667 15
      vertex -9.23492 -14.4849 15
    endloop
  endfacet
  facet normal 0.77301 0.634393 -0
    outer loop
      vertex -9.23492 -14.4849 6.2
      vertex -9.49609 -14.1667 6.2
      vertex -9.23492 -14.4849 15
    endloop
  endfacet
  facet normal 0.881921 0.471397 -0
    outer loop
      vertex -9.69015 -13.8036 6.2
      vertex -9.69015 -13.8036 15
      vertex -9.49609 -14.1667 15
    endloop
  endfacet
  facet normal 0.881921 0.471397 -0
    outer loop
      vertex -9.49609 -14.1667 6.2
      vertex -9.69015 -13.8036 6.2
      vertex -9.49609 -14.1667 15
    endloop
  endfacet
  facet normal 0.95694 0.290285 -0
    outer loop
      vertex -9.80965 -13.4097 6.2
      vertex -9.80965 -13.4097 15
      vertex -9.69015 -13.8036 15
    endloop
  endfacet
  facet normal 0.95694 0.290285 -0
    outer loop
      vertex -9.69015 -13.8036 6.2
      vertex -9.80965 -13.4097 6.2
      vertex -9.69015 -13.8036 15
    endloop
  endfacet
  facet normal -0.471397 0.881921 0
    outer loop
      vertex -6.5833 -14.7461 6.2
      vertex -6.94636 -14.9401 15
      vertex -6.5833 -14.7461 15
    endloop
  endfacet
  facet normal -0.471397 0.881921 0
    outer loop
      vertex -6.5833 -14.7461 6.2
      vertex -6.94636 -14.9401 6.2
      vertex -6.94636 -14.9401 15
    endloop
  endfacet
  facet normal -0.77301 0.634393 0
    outer loop
      vertex -6.00391 -14.1667 6.2
      vertex -6.26508 -14.4849 15
      vertex -6.00391 -14.1667 15
    endloop
  endfacet
  facet normal -0.77301 0.634393 0
    outer loop
      vertex -6.00391 -14.1667 6.2
      vertex -6.26508 -14.4849 6.2
      vertex -6.26508 -14.4849 15
    endloop
  endfacet
  facet normal -0.95694 0.290285 0
    outer loop
      vertex -5.69035 -13.4097 6.2
      vertex -5.80985 -13.8036 15
      vertex -5.69035 -13.4097 15
    endloop
  endfacet
  facet normal -0.95694 0.290285 0
    outer loop
      vertex -5.69035 -13.4097 6.2
      vertex -5.80985 -13.8036 6.2
      vertex -5.80985 -13.8036 15
    endloop
  endfacet
  facet normal -0.471397 -0.881921 0
    outer loop
      vertex -6.94636 -11.0599 15
      vertex -6.5833 -11.2539 6.2
      vertex -6.5833 -11.2539 15
    endloop
  endfacet
  facet normal -0.471397 -0.881921 -0
    outer loop
      vertex -6.94636 -11.0599 15
      vertex -6.94636 -11.0599 6.2
      vertex -6.5833 -11.2539 6.2
    endloop
  endfacet
  facet normal 0.471397 -0.881921 0
    outer loop
      vertex -8.9167 -11.2539 15
      vertex -8.55364 -11.0599 6.2
      vertex -8.55364 -11.0599 15
    endloop
  endfacet
  facet normal 0.471397 -0.881921 0
    outer loop
      vertex -8.9167 -11.2539 15
      vertex -8.9167 -11.2539 6.2
      vertex -8.55364 -11.0599 6.2
    endloop
  endfacet
  facet normal 0.0980171 -0.995185 0
    outer loop
      vertex -8.15969 -10.9404 15
      vertex -7.75 -10.9 6.2
      vertex -7.75 -10.9 15
    endloop
  endfacet
  facet normal 0.0980171 -0.995185 0
    outer loop
      vertex -8.15969 -10.9404 15
      vertex -8.15969 -10.9404 6.2
      vertex -7.75 -10.9 6.2
    endloop
  endfacet
  facet normal 0.634393 -0.77301 0
    outer loop
      vertex -9.23492 -11.5151 15
      vertex -8.9167 -11.2539 6.2
      vertex -8.9167 -11.2539 15
    endloop
  endfacet
  facet normal 0.634393 -0.77301 0
    outer loop
      vertex -9.23492 -11.5151 15
      vertex -9.23492 -11.5151 6.2
      vertex -8.9167 -11.2539 6.2
    endloop
  endfacet
  facet normal 0.881921 -0.471397 0
    outer loop
      vertex -9.69015 -12.1964 15
      vertex -9.49609 -11.8333 6.2
      vertex -9.49609 -11.8333 15
    endloop
  endfacet
  facet normal 0.881921 -0.471397 0
    outer loop
      vertex -9.69015 -12.1964 15
      vertex -9.69015 -12.1964 6.2
      vertex -9.49609 -11.8333 6.2
    endloop
  endfacet
  facet normal 0.77301 -0.634393 0
    outer loop
      vertex -9.49609 -11.8333 15
      vertex -9.23492 -11.5151 6.2
      vertex -9.23492 -11.5151 15
    endloop
  endfacet
  facet normal 0.77301 -0.634393 0
    outer loop
      vertex -9.49609 -11.8333 15
      vertex -9.49609 -11.8333 6.2
      vertex -9.23492 -11.5151 6.2
    endloop
  endfacet
  facet normal 0.95694 -0.290285 0
    outer loop
      vertex -9.80965 -12.5903 15
      vertex -9.69015 -12.1964 6.2
      vertex -9.69015 -12.1964 15
    endloop
  endfacet
  facet normal 0.95694 -0.290285 0
    outer loop
      vertex -9.80965 -12.5903 15
      vertex -9.80965 -12.5903 6.2
      vertex -9.69015 -12.1964 6.2
    endloop
  endfacet
  facet normal 0.290285 0.95694 -0
    outer loop
      vertex -8.15969 -15.0596 6.2
      vertex -8.55364 -14.9401 15
      vertex -8.15969 -15.0596 15
    endloop
  endfacet
  facet normal 0.290285 0.95694 0
    outer loop
      vertex -8.15969 -15.0596 6.2
      vertex -8.55364 -14.9401 6.2
      vertex -8.55364 -14.9401 15
    endloop
  endfacet
  facet normal 0.471397 0.881921 -0
    outer loop
      vertex -8.55364 -14.9401 6.2
      vertex -8.9167 -14.7461 15
      vertex -8.55364 -14.9401 15
    endloop
  endfacet
  facet normal 0.471397 0.881921 0
    outer loop
      vertex -8.55364 -14.9401 6.2
      vertex -8.9167 -14.7461 6.2
      vertex -8.9167 -14.7461 15
    endloop
  endfacet
  facet normal 0.0980171 0.995185 -0
    outer loop
      vertex -7.75 -15.1 6.2
      vertex -8.15969 -15.0596 15
      vertex -7.75 -15.1 15
    endloop
  endfacet
  facet normal 0.0980171 0.995185 0
    outer loop
      vertex -7.75 -15.1 6.2
      vertex -8.15969 -15.0596 6.2
      vertex -8.15969 -15.0596 15
    endloop
  endfacet
  facet normal -0.881921 -0.471397 0
    outer loop
      vertex -6.00391 -11.8333 6.2
      vertex -5.80985 -12.1964 6.2
      vertex -5.80985 -12.1964 15
    endloop
  endfacet
  facet normal -0.881921 -0.471397 -0
    outer loop
      vertex -6.00391 -11.8333 15
      vertex -6.00391 -11.8333 6.2
      vertex -5.80985 -12.1964 15
    endloop
  endfacet
  facet normal -0.77301 -0.634393 0
    outer loop
      vertex -6.26508 -11.5151 6.2
      vertex -6.00391 -11.8333 6.2
      vertex -6.00391 -11.8333 15
    endloop
  endfacet
  facet normal -0.77301 -0.634393 -0
    outer loop
      vertex -6.26508 -11.5151 15
      vertex -6.26508 -11.5151 6.2
      vertex -6.00391 -11.8333 15
    endloop
  endfacet
  facet normal -0.95694 -0.290285 0
    outer loop
      vertex -5.80985 -12.1964 6.2
      vertex -5.69035 -12.5903 6.2
      vertex -5.69035 -12.5903 15
    endloop
  endfacet
  facet normal -0.95694 -0.290285 -0
    outer loop
      vertex -5.80985 -12.1964 15
      vertex -5.80985 -12.1964 6.2
      vertex -5.69035 -12.5903 15
    endloop
  endfacet
  facet normal -0.995185 -0.0980171 0
    outer loop
      vertex -5.69035 -12.5903 6.2
      vertex -5.65 -13 6.2
      vertex -5.65 -13 15
    endloop
  endfacet
  facet normal -0.995185 -0.0980171 -0
    outer loop
      vertex -5.69035 -12.5903 15
      vertex -5.69035 -12.5903 6.2
      vertex -5.65 -13 15
    endloop
  endfacet
  facet normal -0.881921 0.471397 0
    outer loop
      vertex -5.80985 -13.8036 6.2
      vertex -6.00391 -14.1667 15
      vertex -5.80985 -13.8036 15
    endloop
  endfacet
  facet normal -0.881921 0.471397 0
    outer loop
      vertex -5.80985 -13.8036 6.2
      vertex -6.00391 -14.1667 6.2
      vertex -6.00391 -14.1667 15
    endloop
  endfacet
  facet normal -0.995185 0.0980171 0
    outer loop
      vertex -5.65 -13 6.2
      vertex -5.69035 -13.4097 15
      vertex -5.65 -13 15
    endloop
  endfacet
  facet normal -0.995185 0.0980171 0
    outer loop
      vertex -5.65 -13 6.2
      vertex -5.69035 -13.4097 6.2
      vertex -5.69035 -13.4097 15
    endloop
  endfacet
  facet normal -0.290285 -0.95694 0
    outer loop
      vertex -7.34031 -10.9404 15
      vertex -6.94636 -11.0599 6.2
      vertex -6.94636 -11.0599 15
    endloop
  endfacet
  facet normal -0.290285 -0.95694 -0
    outer loop
      vertex -7.34031 -10.9404 15
      vertex -7.34031 -10.9404 6.2
      vertex -6.94636 -11.0599 6.2
    endloop
  endfacet
  facet normal -0.0980171 -0.995185 0
    outer loop
      vertex -7.75 -10.9 15
      vertex -7.34031 -10.9404 6.2
      vertex -7.34031 -10.9404 15
    endloop
  endfacet
  facet normal -0.0980171 -0.995185 -0
    outer loop
      vertex -7.75 -10.9 15
      vertex -7.75 -10.9 6.2
      vertex -7.34031 -10.9404 6.2
    endloop
  endfacet
  facet normal 0.995185 0.0980171 -0
    outer loop
      vertex -9.85 13 6.2
      vertex -9.85 13 15
      vertex -9.80965 12.5903 15
    endloop
  endfacet
  facet normal 0.995185 0.0980171 -0
    outer loop
      vertex -9.80965 12.5903 6.2
      vertex -9.85 13 6.2
      vertex -9.80965 12.5903 15
    endloop
  endfacet
  facet normal -0.290285 0.95694 0
    outer loop
      vertex -6.94636 11.0599 6.2
      vertex -7.34031 10.9404 15
      vertex -6.94636 11.0599 15
    endloop
  endfacet
  facet normal -0.290285 0.95694 0
    outer loop
      vertex -6.94636 11.0599 6.2
      vertex -7.34031 10.9404 6.2
      vertex -7.34031 10.9404 15
    endloop
  endfacet
  facet normal 0.290285 -0.95694 0
    outer loop
      vertex -8.55364 14.9401 15
      vertex -8.15969 15.0596 6.2
      vertex -8.15969 15.0596 15
    endloop
  endfacet
  facet normal 0.290285 -0.95694 0
    outer loop
      vertex -8.55364 14.9401 15
      vertex -8.55364 14.9401 6.2
      vertex -8.15969 15.0596 6.2
    endloop
  endfacet
  facet normal -0.634393 0.77301 0
    outer loop
      vertex -6.26508 11.5151 6.2
      vertex -6.5833 11.2539 15
      vertex -6.26508 11.5151 15
    endloop
  endfacet
  facet normal -0.634393 0.77301 0
    outer loop
      vertex -6.26508 11.5151 6.2
      vertex -6.5833 11.2539 6.2
      vertex -6.5833 11.2539 15
    endloop
  endfacet
  facet normal -0.634393 -0.77301 0
    outer loop
      vertex -6.5833 14.7461 15
      vertex -6.26508 14.4849 6.2
      vertex -6.26508 14.4849 15
    endloop
  endfacet
  facet normal -0.634393 -0.77301 -0
    outer loop
      vertex -6.5833 14.7461 15
      vertex -6.5833 14.7461 6.2
      vertex -6.26508 14.4849 6.2
    endloop
  endfacet
  facet normal 0.995185 -0.0980171 0
    outer loop
      vertex -9.85 13 15
      vertex -9.80965 13.4097 6.2
      vertex -9.80965 13.4097 15
    endloop
  endfacet
  facet normal 0.995185 -0.0980171 0
    outer loop
      vertex -9.85 13 15
      vertex -9.85 13 6.2
      vertex -9.80965 13.4097 6.2
    endloop
  endfacet
  facet normal -0.0980171 0.995185 0
    outer loop
      vertex -7.34031 10.9404 6.2
      vertex -7.75 10.9 15
      vertex -7.34031 10.9404 15
    endloop
  endfacet
  facet normal -0.0980171 0.995185 0
    outer loop
      vertex -7.34031 10.9404 6.2
      vertex -7.75 10.9 6.2
      vertex -7.75 10.9 15
    endloop
  endfacet
  facet normal 0.634393 0.77301 -0
    outer loop
      vertex -8.9167 11.2539 6.2
      vertex -9.23492 11.5151 15
      vertex -8.9167 11.2539 15
    endloop
  endfacet
  facet normal 0.634393 0.77301 0
    outer loop
      vertex -8.9167 11.2539 6.2
      vertex -9.23492 11.5151 6.2
      vertex -9.23492 11.5151 15
    endloop
  endfacet
  facet normal 0.77301 0.634393 -0
    outer loop
      vertex -9.49609 11.8333 6.2
      vertex -9.49609 11.8333 15
      vertex -9.23492 11.5151 15
    endloop
  endfacet
  facet normal 0.77301 0.634393 -0
    outer loop
      vertex -9.23492 11.5151 6.2
      vertex -9.49609 11.8333 6.2
      vertex -9.23492 11.5151 15
    endloop
  endfacet
  facet normal 0.881921 0.471397 -0
    outer loop
      vertex -9.69015 12.1964 6.2
      vertex -9.69015 12.1964 15
      vertex -9.49609 11.8333 15
    endloop
  endfacet
  facet normal 0.881921 0.471397 -0
    outer loop
      vertex -9.49609 11.8333 6.2
      vertex -9.69015 12.1964 6.2
      vertex -9.49609 11.8333 15
    endloop
  endfacet
  facet normal 0.95694 0.290285 -0
    outer loop
      vertex -9.80965 12.5903 6.2
      vertex -9.80965 12.5903 15
      vertex -9.69015 12.1964 15
    endloop
  endfacet
  facet normal 0.95694 0.290285 -0
    outer loop
      vertex -9.69015 12.1964 6.2
      vertex -9.80965 12.5903 6.2
      vertex -9.69015 12.1964 15
    endloop
  endfacet
  facet normal -0.471397 0.881921 0
    outer loop
      vertex -6.5833 11.2539 6.2
      vertex -6.94636 11.0599 15
      vertex -6.5833 11.2539 15
    endloop
  endfacet
  facet normal -0.471397 0.881921 0
    outer loop
      vertex -6.5833 11.2539 6.2
      vertex -6.94636 11.0599 6.2
      vertex -6.94636 11.0599 15
    endloop
  endfacet
  facet normal -0.95694 0.290285 0
    outer loop
      vertex -5.69035 12.5903 6.2
      vertex -5.80985 12.1964 15
      vertex -5.69035 12.5903 15
    endloop
  endfacet
  facet normal -0.95694 0.290285 0
    outer loop
      vertex -5.69035 12.5903 6.2
      vertex -5.80985 12.1964 6.2
      vertex -5.80985 12.1964 15
    endloop
  endfacet
  facet normal -0.471397 -0.881921 0
    outer loop
      vertex -6.94636 14.9401 15
      vertex -6.5833 14.7461 6.2
      vertex -6.5833 14.7461 15
    endloop
  endfacet
  facet normal -0.471397 -0.881921 -0
    outer loop
      vertex -6.94636 14.9401 15
      vertex -6.94636 14.9401 6.2
      vertex -6.5833 14.7461 6.2
    endloop
  endfacet
  facet normal 0.471397 -0.881921 0
    outer loop
      vertex -8.9167 14.7461 15
      vertex -8.55364 14.9401 6.2
      vertex -8.55364 14.9401 15
    endloop
  endfacet
  facet normal 0.471397 -0.881921 0
    outer loop
      vertex -8.9167 14.7461 15
      vertex -8.9167 14.7461 6.2
      vertex -8.55364 14.9401 6.2
    endloop
  endfacet
  facet normal 0.0980171 -0.995185 0
    outer loop
      vertex -8.15969 15.0596 15
      vertex -7.75 15.1 6.2
      vertex -7.75 15.1 15
    endloop
  endfacet
  facet normal 0.0980171 -0.995185 0
    outer loop
      vertex -8.15969 15.0596 15
      vertex -8.15969 15.0596 6.2
      vertex -7.75 15.1 6.2
    endloop
  endfacet
  facet normal 0.634393 -0.77301 0
    outer loop
      vertex -9.23492 14.4849 15
      vertex -8.9167 14.7461 6.2
      vertex -8.9167 14.7461 15
    endloop
  endfacet
  facet normal 0.634393 -0.77301 0
    outer loop
      vertex -9.23492 14.4849 15
      vertex -9.23492 14.4849 6.2
      vertex -8.9167 14.7461 6.2
    endloop
  endfacet
  facet normal 0.881921 -0.471397 0
    outer loop
      vertex -9.69015 13.8036 15
      vertex -9.49609 14.1667 6.2
      vertex -9.49609 14.1667 15
    endloop
  endfacet
  facet normal 0.881921 -0.471397 0
    outer loop
      vertex -9.69015 13.8036 15
      vertex -9.69015 13.8036 6.2
      vertex -9.49609 14.1667 6.2
    endloop
  endfacet
  facet normal 0.77301 -0.634393 0
    outer loop
      vertex -9.49609 14.1667 15
      vertex -9.23492 14.4849 6.2
      vertex -9.23492 14.4849 15
    endloop
  endfacet
  facet normal 0.77301 -0.634393 0
    outer loop
      vertex -9.49609 14.1667 15
      vertex -9.49609 14.1667 6.2
      vertex -9.23492 14.4849 6.2
    endloop
  endfacet
  facet normal 0.95694 -0.290285 0
    outer loop
      vertex -9.80965 13.4097 15
      vertex -9.69015 13.8036 6.2
      vertex -9.69015 13.8036 15
    endloop
  endfacet
  facet normal 0.95694 -0.290285 0
    outer loop
      vertex -9.80965 13.4097 15
      vertex -9.80965 13.4097 6.2
      vertex -9.69015 13.8036 6.2
    endloop
  endfacet
  facet normal 0.290285 0.95694 -0
    outer loop
      vertex -8.15969 10.9404 6.2
      vertex -8.55364 11.0599 15
      vertex -8.15969 10.9404 15
    endloop
  endfacet
  facet normal 0.290285 0.95694 0
    outer loop
      vertex -8.15969 10.9404 6.2
      vertex -8.55364 11.0599 6.2
      vertex -8.55364 11.0599 15
    endloop
  endfacet
  facet normal 0.471397 0.881921 -0
    outer loop
      vertex -8.55364 11.0599 6.2
      vertex -8.9167 11.2539 15
      vertex -8.55364 11.0599 15
    endloop
  endfacet
  facet normal 0.471397 0.881921 0
    outer loop
      vertex -8.55364 11.0599 6.2
      vertex -8.9167 11.2539 6.2
      vertex -8.9167 11.2539 15
    endloop
  endfacet
  facet normal -0.881921 -0.471397 0
    outer loop
      vertex -6.00391 14.1667 6.2
      vertex -5.80985 13.8036 6.2
      vertex -5.80985 13.8036 15
    endloop
  endfacet
  facet normal -0.881921 -0.471397 -0
    outer loop
      vertex -6.00391 14.1667 15
      vertex -6.00391 14.1667 6.2
      vertex -5.80985 13.8036 15
    endloop
  endfacet
  facet normal -0.77301 -0.634393 0
    outer loop
      vertex -6.26508 14.4849 6.2
      vertex -6.00391 14.1667 6.2
      vertex -6.00391 14.1667 15
    endloop
  endfacet
  facet normal -0.77301 -0.634393 -0
    outer loop
      vertex -6.26508 14.4849 15
      vertex -6.26508 14.4849 6.2
      vertex -6.00391 14.1667 15
    endloop
  endfacet
  facet normal -0.95694 -0.290285 0
    outer loop
      vertex -5.80985 13.8036 6.2
      vertex -5.69035 13.4097 6.2
      vertex -5.69035 13.4097 15
    endloop
  endfacet
  facet normal -0.95694 -0.290285 -0
    outer loop
      vertex -5.80985 13.8036 15
      vertex -5.80985 13.8036 6.2
      vertex -5.69035 13.4097 15
    endloop
  endfacet
  facet normal -0.995185 -0.0980171 0
    outer loop
      vertex -5.69035 13.4097 6.2
      vertex -5.65 13 6.2
      vertex -5.65 13 15
    endloop
  endfacet
  facet normal -0.995185 -0.0980171 -0
    outer loop
      vertex -5.69035 13.4097 15
      vertex -5.69035 13.4097 6.2
      vertex -5.65 13 15
    endloop
  endfacet
  facet normal -0.881921 0.471397 0
    outer loop
      vertex -5.80985 12.1964 6.2
      vertex -6.00391 11.8333 15
      vertex -5.80985 12.1964 15
    endloop
  endfacet
  facet normal -0.881921 0.471397 0
    outer loop
      vertex -5.80985 12.1964 6.2
      vertex -6.00391 11.8333 6.2
      vertex -6.00391 11.8333 15
    endloop
  endfacet
  facet normal -0.77301 0.634393 0
    outer loop
      vertex -6.00391 11.8333 6.2
      vertex -6.26508 11.5151 15
      vertex -6.00391 11.8333 15
    endloop
  endfacet
  facet normal -0.77301 0.634393 0
    outer loop
      vertex -6.00391 11.8333 6.2
      vertex -6.26508 11.5151 6.2
      vertex -6.26508 11.5151 15
    endloop
  endfacet
  facet normal -0.995185 0.0980171 0
    outer loop
      vertex -5.65 13 6.2
      vertex -5.69035 12.5903 15
      vertex -5.65 13 15
    endloop
  endfacet
  facet normal -0.995185 0.0980171 0
    outer loop
      vertex -5.65 13 6.2
      vertex -5.69035 12.5903 6.2
      vertex -5.69035 12.5903 15
    endloop
  endfacet
  facet normal -0.290285 -0.95694 0
    outer loop
      vertex -7.34031 15.0596 15
      vertex -6.94636 14.9401 6.2
      vertex -6.94636 14.9401 15
    endloop
  endfacet
  facet normal -0.290285 -0.95694 -0
    outer loop
      vertex -7.34031 15.0596 15
      vertex -7.34031 15.0596 6.2
      vertex -6.94636 14.9401 6.2
    endloop
  endfacet
  facet normal 0.0980171 0.995185 -0
    outer loop
      vertex -7.75 10.9 6.2
      vertex -8.15969 10.9404 15
      vertex -7.75 10.9 15
    endloop
  endfacet
  facet normal 0.0980171 0.995185 0
    outer loop
      vertex -7.75 10.9 6.2
      vertex -8.15969 10.9404 6.2
      vertex -8.15969 10.9404 15
    endloop
  endfacet
  facet normal -0.0980171 -0.995185 0
    outer loop
      vertex -7.75 15.1 15
      vertex -7.34031 15.0596 6.2
      vertex -7.34031 15.0596 15
    endloop
  endfacet
  facet normal -0.0980171 -0.995185 -0
    outer loop
      vertex -7.75 15.1 15
      vertex -7.75 15.1 6.2
      vertex -7.34031 15.0596 6.2
    endloop
  endfacet
  facet normal -1 0 0
    outer loop
      vertex -44 -18 15
      vertex -44 18 0
      vertex -44 -18 0
    endloop
  endfacet
  facet normal -1 0 0
    outer loop
      vertex -44 -18 15
      vertex -44 18 15
      vertex -44 18 0
    endloop
  endfacet
  facet normal 0 -1 0
    outer loop
      vertex -2 -18 0
      vertex -2 -18 15
      vertex -16.8266 -18 11.7002
    endloop
  endfacet
  facet normal -0 -1 0
    outer loop
      vertex -2 -18 15
      vertex -16 -18 15
      vertex -16.0084 -18 14.6565
    endloop
  endfacet
  facet normal 0 -1 0
    outer loop
      vertex -2 -18 15
      vertex -16.0084 -18 14.6565
      vertex -16.0337 -18 14.3139
    endloop
  endfacet
  facet normal 0 -1 0
    outer loop
      vertex -2 -18 15
      vertex -16.0337 -18 14.3139
      vertex -16.0758 -18 13.9729
    endloop
  endfacet
  facet normal 0 -1 0
    outer loop
      vertex -2 -18 15
      vertex -16.0758 -18 13.9729
      vertex -16.1345 -18 13.6344
    endloop
  endfacet
  facet normal 0 -1 0
    outer loop
      vertex -2 -18 15
      vertex -16.1345 -18 13.6344
      vertex -16.2098 -18 13.2991
    endloop
  endfacet
  facet normal 0 -1 0
    outer loop
      vertex -2 -18 15
      vertex -16.2098 -18 13.2991
      vertex -16.3014 -18 12.968
    endloop
  endfacet
  facet normal 0 -1 0
    outer loop
      vertex -2 -18 15
      vertex -16.3014 -18 12.968
      vertex -16.4092 -18 12.6418
    endloop
  endfacet
  facet normal 0 -1 0
    outer loop
      vertex -2 -18 15
      vertex -16.4092 -18 12.6418
      vertex -16.5328 -18 12.3212
    endloop
  endfacet
  facet normal 0 -1 0
    outer loop
      vertex -2 -18 15
      vertex -16.5328 -18 12.3212
      vertex -16.6721 -18 12.0071
    endloop
  endfacet
  facet normal 0 -1 0
    outer loop
      vertex -2 -18 15
      vertex -16.6721 -18 12.0071
      vertex -16.8266 -18 11.7002
    endloop
  endfacet
  facet normal 0 -1 0
    outer loop
      vertex -2 -18 0
      vertex -16.8266 -18 11.7002
      vertex -16.9959 -18 11.4013
    endloop
  endfacet
  facet normal 0 -1 0
    outer loop
      vertex -2 -18 0
      vertex -16.9959 -18 11.4013
      vertex -17.1797 -18 11.111
    endloop
  endfacet
  facet normal 0 -1 0
    outer loop
      vertex -2 -18 0
      vertex -17.1797 -18 11.111
      vertex -17.3775 -18 10.8301
    endloop
  endfacet
  facet normal 0 -1 0
    outer loop
      vertex -2 -18 0
      vertex -17.3775 -18 10.8301
      vertex -17.5889 -18 10.5592
    endloop
  endfacet
  facet normal 0 -1 0
    outer loop
      vertex -2 -18 0
      vertex -17.5889 -18 10.5592
      vertex -17.8133 -18 10.2991
    endloop
  endfacet
  facet normal 0 -1 0
    outer loop
      vertex -2 -18 0
      vertex -17.8133 -18 10.2991
      vertex -18.0503 -18 10.0503
    endloop
  endfacet
  facet normal 0 -1 0
    outer loop
      vertex -2 -18 0
      vertex -18.0503 -18 10.0503
      vertex -18.2991 -18 9.81334
    endloop
  endfacet
  facet normal 0 -1 0
    outer loop
      vertex -2 -18 0
      vertex -18.2991 -18 9.81334
      vertex -18.5592 -18 9.58893
    endloop
  endfacet
  facet normal 0 -1 0
    outer loop
      vertex -2 -18 0
      vertex -18.5592 -18 9.58893
      vertex -18.823 -18 9.38311
    endloop
  endfacet
  facet normal 0 -1 0
    outer loop
      vertex -2 -18 0
      vertex -18.823 -18 9.38311
      vertex -18.8301 -18 9.37755
    endloop
  endfacet
  facet normal 0 -1 0
    outer loop
      vertex -2 -18 0
      vertex -18.8301 -18 9.37755
      vertex -19.111 -18 9.17971
    endloop
  endfacet
  facet normal 0 -1 0
    outer loop
      vertex -2 -18 0
      vertex -19.111 -18 9.17971
      vertex -19.4013 -18 8.9959
    endloop
  endfacet
  facet normal 0 -1 0
    outer loop
      vertex -2 -18 0
      vertex -19.4013 -18 8.9959
      vertex -19.7002 -18 8.82655
    endloop
  endfacet
  facet normal 0 -1 0
    outer loop
      vertex -2 -18 0
      vertex -19.7002 -18 8.82655
      vertex -20.0071 -18 8.67207
    endloop
  endfacet
  facet normal 0 -1 0
    outer loop
      vertex -2 -18 0
      vertex -20.0071 -18 8.67207
      vertex -20.3212 -18 8.53284
    endloop
  endfacet
  facet normal 0 -1 0
    outer loop
      vertex -2 -18 0
      vertex -20.3212 -18 8.53284
      vertex -20.6418 -18 8.40919
    endloop
  endfacet
  facet normal 0 -1 0
    outer loop
      vertex -2 -18 0
      vertex -23 -18 8
      vertex -44 -18 0
    endloop
  endfacet
  facet normal 0 -1 -0
    outer loop
      vertex -20.6418 -18 8.40919
      vertex -20.968 -18 8.30142
      vertex -2 -18 0
    endloop
  endfacet
  facet normal 0 -1 -0
    outer loop
      vertex -20.968 -18 8.30142
      vertex -21.2991 -18 8.20978
      vertex -2 -18 0
    endloop
  endfacet
  facet normal 0 -1 -0
    outer loop
      vertex -21.2991 -18 8.20978
      vertex -21.6344 -18 8.1345
      vertex -2 -18 0
    endloop
  endfacet
  facet normal 0 -1 -0
    outer loop
      vertex -21.6344 -18 8.1345
      vertex -21.9729 -18 8.07576
      vertex -2 -18 0
    endloop
  endfacet
  facet normal 0 -1 -0
    outer loop
      vertex -21.9729 -18 8.07576
      vertex -22.3139 -18 8.03371
      vertex -2 -18 0
    endloop
  endfacet
  facet normal 0 -1 -0
    outer loop
      vertex -22.3139 -18 8.03371
      vertex -22.6565 -18 8.00843
      vertex -2 -18 0
    endloop
  endfacet
  facet normal 0 -1 -0
    outer loop
      vertex -22.6565 -18 8.00843
      vertex -23 -18 8
      vertex -2 -18 0
    endloop
  endfacet
  facet normal -0 -1 0
    outer loop
      vertex -23 -18 8
      vertex -23.3435 -18 8.00843
      vertex -44 -18 0
    endloop
  endfacet
  facet normal -0 -1 0
    outer loop
      vertex -23.3435 -18 8.00843
      vertex -23.6861 -18 8.03371
      vertex -44 -18 0
    endloop
  endfacet
  facet normal -0 -1 0
    outer loop
      vertex -23.6861 -18 8.03371
      vertex -24.0271 -18 8.07576
      vertex -44 -18 0
    endloop
  endfacet
  facet normal -0 -1 0
    outer loop
      vertex -24.0271 -18 8.07576
      vertex -24.3656 -18 8.1345
      vertex -44 -18 0
    endloop
  endfacet
  facet normal -0 -1 0
    outer loop
      vertex -24.3656 -18 8.1345
      vertex -24.7009 -18 8.20978
      vertex -44 -18 0
    endloop
  endfacet
  facet normal -0 -1 0
    outer loop
      vertex -24.7009 -18 8.20978
      vertex -25.032 -18 8.30142
      vertex -44 -18 0
    endloop
  endfacet
  facet normal -0 -1 0
    outer loop
      vertex -25.032 -18 8.30142
      vertex -25.3582 -18 8.40919
      vertex -44 -18 0
    endloop
  endfacet
  facet normal -0 -1 0
    outer loop
      vertex -29.1734 -18 11.7002
      vertex -44 -18 15
      vertex -44 -18 0
    endloop
  endfacet
  facet normal 0 -1 -0
    outer loop
      vertex -25.6788 -18 8.53284
      vertex -44 -18 0
      vertex -25.3582 -18 8.40919
    endloop
  endfacet
  facet normal 0 -1 -0
    outer loop
      vertex -25.9929 -18 8.67207
      vertex -44 -18 0
      vertex -25.6788 -18 8.53284
    endloop
  endfacet
  facet normal 0 -1 -0
    outer loop
      vertex -26.2998 -18 8.82655
      vertex -44 -18 0
      vertex -25.9929 -18 8.67207
    endloop
  endfacet
  facet normal 0 -1 -0
    outer loop
      vertex -26.5987 -18 8.9959
      vertex -44 -18 0
      vertex -26.2998 -18 8.82655
    endloop
  endfacet
  facet normal 0 -1 -0
    outer loop
      vertex -26.889 -18 9.17971
      vertex -44 -18 0
      vertex -26.5987 -18 8.9959
    endloop
  endfacet
  facet normal 0 -1 -0
    outer loop
      vertex -27.1699 -18 9.37755
      vertex -44 -18 0
      vertex -26.889 -18 9.17971
    endloop
  endfacet
  facet normal 0 -1 -0
    outer loop
      vertex -27.177 -18 9.38311
      vertex -44 -18 0
      vertex -27.1699 -18 9.37755
    endloop
  endfacet
  facet normal 0 -1 -0
    outer loop
      vertex -27.4408 -18 9.58893
      vertex -44 -18 0
      vertex -27.177 -18 9.38311
    endloop
  endfacet
  facet normal 0 -1 -0
    outer loop
      vertex -27.7009 -18 9.81334
      vertex -44 -18 0
      vertex -27.4408 -18 9.58893
    endloop
  endfacet
  facet normal 0 -1 -0
    outer loop
      vertex -27.9497 -18 10.0503
      vertex -44 -18 0
      vertex -27.7009 -18 9.81334
    endloop
  endfacet
  facet normal 0 -1 -0
    outer loop
      vertex -28.1867 -18 10.2991
      vertex -44 -18 0
      vertex -27.9497 -18 10.0503
    endloop
  endfacet
  facet normal 0 -1 -0
    outer loop
      vertex -28.4111 -18 10.5592
      vertex -44 -18 0
      vertex -28.1867 -18 10.2991
    endloop
  endfacet
  facet normal 0 -1 -0
    outer loop
      vertex -28.6225 -18 10.8301
      vertex -44 -18 0
      vertex -28.4111 -18 10.5592
    endloop
  endfacet
  facet normal 0 -1 -0
    outer loop
      vertex -28.8203 -18 11.111
      vertex -44 -18 0
      vertex -28.6225 -18 10.8301
    endloop
  endfacet
  facet normal 0 -1 -0
    outer loop
      vertex -28.9993 -18 11.3936
      vertex -44 -18 0
      vertex -28.8203 -18 11.111
    endloop
  endfacet
  facet normal 0 -1 -0
    outer loop
      vertex -29.0041 -18 11.4013
      vertex -44 -18 0
      vertex -28.9993 -18 11.3936
    endloop
  endfacet
  facet normal 0 -1 -0
    outer loop
      vertex -29.0086 -18 11.4091
      vertex -44 -18 0
      vertex -29.0041 -18 11.4013
    endloop
  endfacet
  facet normal 0 -1 -0
    outer loop
      vertex -29.1734 -18 11.7002
      vertex -44 -18 0
      vertex -29.0086 -18 11.4091
    endloop
  endfacet
  facet normal -0 -1 -0
    outer loop
      vertex -29.3279 -18 12.0071
      vertex -44 -18 15
      vertex -29.1734 -18 11.7002
    endloop
  endfacet
  facet normal -0 -1 -0
    outer loop
      vertex -29.4672 -18 12.3212
      vertex -44 -18 15
      vertex -29.3279 -18 12.0071
    endloop
  endfacet
  facet normal -0 -1 -0
    outer loop
      vertex -29.5908 -18 12.6418
      vertex -44 -18 15
      vertex -29.4672 -18 12.3212
    endloop
  endfacet
  facet normal -0 -1 -0
    outer loop
      vertex -29.6986 -18 12.968
      vertex -44 -18 15
      vertex -29.5908 -18 12.6418
    endloop
  endfacet
  facet normal -0 -1 -0
    outer loop
      vertex -29.7902 -18 13.2991
      vertex -44 -18 15
      vertex -29.6986 -18 12.968
    endloop
  endfacet
  facet normal -0 -1 -0
    outer loop
      vertex -29.8655 -18 13.6344
      vertex -44 -18 15
      vertex -29.7902 -18 13.2991
    endloop
  endfacet
  facet normal -0 -1 -0
    outer loop
      vertex -29.9242 -18 13.9729
      vertex -44 -18 15
      vertex -29.8655 -18 13.6344
    endloop
  endfacet
  facet normal -0 -1 -0
    outer loop
      vertex -29.9663 -18 14.3139
      vertex -44 -18 15
      vertex -29.9242 -18 13.9729
    endloop
  endfacet
  facet normal -0 -1 -0
    outer loop
      vertex -29.9916 -18 14.6565
      vertex -44 -18 15
      vertex -29.9663 -18 14.3139
    endloop
  endfacet
  facet normal -0 -1 -0
    outer loop
      vertex -30 -18 15
      vertex -44 -18 15
      vertex -29.9916 -18 14.6565
    endloop
  endfacet
  facet normal 0 0 -1
    outer loop
      vertex -44 -18 0
      vertex -36.4 -16.2043 0
      vertex -9.6 -16.2043 0
    endloop
  endfacet
  facet normal 0 0 -1
    outer loop
      vertex -44 18 0
      vertex -41.95 -13 0
      vertex -44 -18 0
    endloop
  endfacet
  facet normal 0 -0 -1
    outer loop
      vertex -41.95 -13 0
      vertex -40.1 -16.2043 0
      vertex -44 -18 0
    endloop
  endfacet
  facet normal 0 -0 -1
    outer loop
      vertex -9.6 -16.2043 0
      vertex -2 -18 0
      vertex -44 -18 0
    endloop
  endfacet
  facet normal -0 0 -1
    outer loop
      vertex -36.4 -16.2043 0
      vertex -44 -18 0
      vertex -40.1 -16.2043 0
    endloop
  endfacet
  facet normal 0 0 -1
    outer loop
      vertex -34.55 -13 0
      vertex -36.4 -9.79571 0
      vertex -11.45 -13 0
    endloop
  endfacet
  facet normal 0 -0 -1
    outer loop
      vertex -34.55 -13 0
      vertex -11.45 -13 0
      vertex -36.4 -16.2043 0
    endloop
  endfacet
  facet normal 0 0 -1
    outer loop
      vertex -36.4 -9.79571 0
      vertex -40.1 -9.79571 0
      vertex -36.4 9.79571 0
    endloop
  endfacet
  facet normal -0 0 -1
    outer loop
      vertex -40.1 -9.79571 0
      vertex -41.95 -13 0
      vertex -40.1 9.79571 0
    endloop
  endfacet
  facet normal -0 -0 -1
    outer loop
      vertex -41.95 13 0
      vertex -41.95 -13 0
      vertex -44 18 0
    endloop
  endfacet
  facet normal -0 0 -1
    outer loop
      vertex -40.1 9.79571 0
      vertex -41.95 -13 0
      vertex -41.95 13 0
    endloop
  endfacet
  facet normal 0 0 -1
    outer loop
      vertex -36.4 -9.79571 0
      vertex -9.6 9.79571 0
      vertex -9.6 -9.79571 0
    endloop
  endfacet
  facet normal -0 0 -1
    outer loop
      vertex -36.4 9.79571 0
      vertex -40.1 -9.79571 0
      vertex -40.1 9.79571 0
    endloop
  endfacet
  facet normal 0 0 -1
    outer loop
      vertex -11.45 13 0
      vertex -34.55 13 0
      vertex -36.4 16.2043 0
    endloop
  endfacet
  facet normal -0 0 -1
    outer loop
      vertex -2 18 0
      vertex -36.4 16.2043 0
      vertex -44 18 0
    endloop
  endfacet
  facet normal 0 0 -1
    outer loop
      vertex -36.4 16.2043 0
      vertex -40.1 16.2043 0
      vertex -44 18 0
    endloop
  endfacet
  facet normal -0 0 -1
    outer loop
      vertex -40.1 16.2043 0
      vertex -41.95 13 0
      vertex -44 18 0
    endloop
  endfacet
  facet normal 0 0 -1
    outer loop
      vertex -11.45 -13 0
      vertex -36.4 -9.79571 0
      vertex -9.6 -9.79571 0
    endloop
  endfacet
  facet normal 0 0 -1
    outer loop
      vertex -2 -18 0
      vertex -9.6 -16.2043 0
      vertex -5.9 -16.2043 0
    endloop
  endfacet
  facet normal 0 0 -1
    outer loop
      vertex -9.6 -16.2043 0
      vertex -36.4 -16.2043 0
      vertex -11.45 -13 0
    endloop
  endfacet
  facet normal 0 0 -1
    outer loop
      vertex -2 -18 0
      vertex -5.9 -16.2043 0
      vertex -4.05 -13 0
    endloop
  endfacet
  facet normal 0 0 -1
    outer loop
      vertex -2 -18 0
      vertex -4.05 13 0
      vertex -2 18 0
    endloop
  endfacet
  facet normal 0 0 -1
    outer loop
      vertex -4.05 -13 0
      vertex -5.9 9.79571 0
      vertex -4.05 13 0
    endloop
  endfacet
  facet normal 0 0 -1
    outer loop
      vertex -36.4 9.79571 0
      vertex -34.55 13 0
      vertex -11.45 13 0
    endloop
  endfacet
  facet normal 0 0 -1
    outer loop
      vertex -36.4 9.79571 0
      vertex -11.45 13 0
      vertex -9.6 9.79571 0
    endloop
  endfacet
  facet normal 0 0 -1
    outer loop
      vertex -36.4 -9.79571 0
      vertex -36.4 9.79571 0
      vertex -9.6 9.79571 0
    endloop
  endfacet
  facet normal 0 0 -1
    outer loop
      vertex -9.6 -9.79571 0
      vertex -5.9 9.79571 0
      vertex -5.9 -9.79571 0
    endloop
  endfacet
  facet normal 0 0 -1
    outer loop
      vertex -9.6 -9.79571 0
      vertex -9.6 9.79571 0
      vertex -5.9 9.79571 0
    endloop
  endfacet
  facet normal 0 0 -1
    outer loop
      vertex -5.9 -9.79571 0
      vertex -5.9 9.79571 0
      vertex -4.05 -13 0
    endloop
  endfacet
  facet normal 0 0 -1
    outer loop
      vertex -4.05 -13 0
      vertex -4.05 13 0
      vertex -2 -18 0
    endloop
  endfacet
  facet normal 0 0 -1
    outer loop
      vertex -4.05 13 0
      vertex -5.9 16.2043 0
      vertex -2 18 0
    endloop
  endfacet
  facet normal 0 0 -1
    outer loop
      vertex -11.45 13 0
      vertex -36.4 16.2043 0
      vertex -9.6 16.2043 0
    endloop
  endfacet
  facet normal 0 0 -1
    outer loop
      vertex -5.9 16.2043 0
      vertex -9.6 16.2043 0
      vertex -2 18 0
    endloop
  endfacet
  facet normal 0 0 -1
    outer loop
      vertex -9.6 16.2043 0
      vertex -36.4 16.2043 0
      vertex -2 18 0
    endloop
  endfacet
  facet normal 0 1 0
    outer loop
      vertex -44 18 15
      vertex -29.1734 18 11.7002
      vertex -44 18 0
    endloop
  endfacet
  facet normal 0 1 0
    outer loop
      vertex -30 18 15
      vertex -29.9916 18 14.6565
      vertex -44 18 15
    endloop
  endfacet
  facet normal 0 1 0
    outer loop
      vertex -29.9916 18 14.6565
      vertex -29.9663 18 14.3139
      vertex -44 18 15
    endloop
  endfacet
  facet normal 0 1 0
    outer loop
      vertex -29.9663 18 14.3139
      vertex -29.9242 18 13.9729
      vertex -44 18 15
    endloop
  endfacet
  facet normal 0 1 0
    outer loop
      vertex -29.9242 18 13.9729
      vertex -29.8655 18 13.6344
      vertex -44 18 15
    endloop
  endfacet
  facet normal 0 1 0
    outer loop
      vertex -29.8655 18 13.6344
      vertex -29.7902 18 13.2991
      vertex -44 18 15
    endloop
  endfacet
  facet normal 0 1 0
    outer loop
      vertex -29.7902 18 13.2991
      vertex -29.6986 18 12.968
      vertex -44 18 15
    endloop
  endfacet
  facet normal 0 1 0
    outer loop
      vertex -29.6986 18 12.968
      vertex -29.5908 18 12.6418
      vertex -44 18 15
    endloop
  endfacet
  facet normal 0 1 0
    outer loop
      vertex -29.5908 18 12.6418
      vertex -29.4672 18 12.3212
      vertex -44 18 15
    endloop
  endfacet
  facet normal 0 1 0
    outer loop
      vertex -29.4672 18 12.3212
      vertex -29.3279 18 12.0071
      vertex -44 18 15
    endloop
  endfacet
  facet normal 0 1 0
    outer loop
      vertex -29.3279 18 12.0071
      vertex -29.1734 18 11.7002
      vertex -44 18 15
    endloop
  endfacet
  facet normal 0 1 0
    outer loop
      vertex -29.1734 18 11.7002
      vertex -29.169 18 11.6924
      vertex -44 18 0
    endloop
  endfacet
  facet normal 0 1 0
    outer loop
      vertex -29.169 18 11.6924
      vertex -29.0041 18 11.4013
      vertex -44 18 0
    endloop
  endfacet
  facet normal 0 1 0
    outer loop
      vertex -29.0041 18 11.4013
      vertex -28.8251 18 11.1186
      vertex -44 18 0
    endloop
  endfacet
  facet normal 0 1 0
    outer loop
      vertex -28.8251 18 11.1186
      vertex -28.8203 18 11.111
      vertex -44 18 0
    endloop
  endfacet
  facet normal 0 1 0
    outer loop
      vertex -28.8203 18 11.111
      vertex -28.6225 18 10.8301
      vertex -44 18 0
    endloop
  endfacet
  facet normal 0 1 0
    outer loop
      vertex -28.6225 18 10.8301
      vertex -28.4111 18 10.5592
      vertex -44 18 0
    endloop
  endfacet
  facet normal 0 1 0
    outer loop
      vertex -28.4111 18 10.5592
      vertex -28.1867 18 10.2991
      vertex -44 18 0
    endloop
  endfacet
  facet normal 0 1 0
    outer loop
      vertex -28.1867 18 10.2991
      vertex -27.9497 18 10.0503
      vertex -44 18 0
    endloop
  endfacet
  facet normal 0 1 0
    outer loop
      vertex -27.9497 18 10.0503
      vertex -27.7009 18 9.81334
      vertex -44 18 0
    endloop
  endfacet
  facet normal 0 1 0
    outer loop
      vertex -27.7009 18 9.81334
      vertex -27.4408 18 9.58893
      vertex -44 18 0
    endloop
  endfacet
  facet normal 0 1 0
    outer loop
      vertex -27.4408 18 9.58893
      vertex -27.4336 18 9.58336
      vertex -44 18 0
    endloop
  endfacet
  facet normal 0 1 0
    outer loop
      vertex -27.4336 18 9.58336
      vertex -27.1699 18 9.37755
      vertex -44 18 0
    endloop
  endfacet
  facet normal 0 1 0
    outer loop
      vertex -27.1699 18 9.37755
      vertex -26.889 18 9.17971
      vertex -44 18 0
    endloop
  endfacet
  facet normal 0 1 0
    outer loop
      vertex -26.889 18 9.17971
      vertex -26.5987 18 8.9959
      vertex -44 18 0
    endloop
  endfacet
  facet normal 0 1 0
    outer loop
      vertex -26.5987 18 8.9959
      vertex -26.2998 18 8.82655
      vertex -44 18 0
    endloop
  endfacet
  facet normal 0 1 0
    outer loop
      vertex -26.2998 18 8.82655
      vertex -25.9929 18 8.67207
      vertex -44 18 0
    endloop
  endfacet
  facet normal 0 1 0
    outer loop
      vertex -25.9929 18 8.67207
      vertex -25.6788 18 8.53284
      vertex -44 18 0
    endloop
  endfacet
  facet normal 0 1 0
    outer loop
      vertex -19.111 18 9.17971
      vertex -2 18 0
      vertex -19.4013 18 8.9959
    endloop
  endfacet
  facet normal 0 1 0
    outer loop
      vertex -25.6788 18 8.53284
      vertex -25.3582 18 8.40919
      vertex -44 18 0
    endloop
  endfacet
  facet normal 0 1 0
    outer loop
      vertex -23 18 8
      vertex -2 18 0
      vertex -44 18 0
    endloop
  endfacet
  facet normal 0 1 0
    outer loop
      vertex -25.032 18 8.30142
      vertex -44 18 0
      vertex -25.3582 18 8.40919
    endloop
  endfacet
  facet normal 0 1 0
    outer loop
      vertex -24.7009 18 8.20978
      vertex -44 18 0
      vertex -25.032 18 8.30142
    endloop
  endfacet
  facet normal 0 1 0
    outer loop
      vertex -24.3656 18 8.1345
      vertex -44 18 0
      vertex -24.7009 18 8.20978
    endloop
  endfacet
  facet normal 0 1 0
    outer loop
      vertex -24.0271 18 8.07576
      vertex -44 18 0
      vertex -24.3656 18 8.1345
    endloop
  endfacet
  facet normal 0 1 0
    outer loop
      vertex -23.6861 18 8.03371
      vertex -44 18 0
      vertex -24.0271 18 8.07576
    endloop
  endfacet
  facet normal 0 1 0
    outer loop
      vertex -23.3435 18 8.00843
      vertex -44 18 0
      vertex -23.6861 18 8.03371
    endloop
  endfacet
  facet normal 0 1 0
    outer loop
      vertex -23 18 8
      vertex -44 18 0
      vertex -23.3435 18 8.00843
    endloop
  endfacet
  facet normal 0 1 0
    outer loop
      vertex -22.6565 18 8.00843
      vertex -2 18 0
      vertex -23 18 8
    endloop
  endfacet
  facet normal 0 1 0
    outer loop
      vertex -22.3139 18 8.03371
      vertex -2 18 0
      vertex -22.6565 18 8.00843
    endloop
  endfacet
  facet normal 0 1 0
    outer loop
      vertex -21.9729 18 8.07576
      vertex -2 18 0
      vertex -22.3139 18 8.03371
    endloop
  endfacet
  facet normal 0 1 0
    outer loop
      vertex -21.6344 18 8.1345
      vertex -2 18 0
      vertex -21.9729 18 8.07576
    endloop
  endfacet
  facet normal 0 1 0
    outer loop
      vertex -21.2991 18 8.20978
      vertex -2 18 0
      vertex -21.6344 18 8.1345
    endloop
  endfacet
  facet normal 0 1 0
    outer loop
      vertex -20.968 18 8.30142
      vertex -2 18 0
      vertex -21.2991 18 8.20978
    endloop
  endfacet
  facet normal 0 1 0
    outer loop
      vertex -20.6418 18 8.40919
      vertex -2 18 0
      vertex -20.968 18 8.30142
    endloop
  endfacet
  facet normal 0 1 0
    outer loop
      vertex -20.3212 18 8.53284
      vertex -2 18 0
      vertex -20.6418 18 8.40919
    endloop
  endfacet
  facet normal 0 1 0
    outer loop
      vertex -20.0071 18 8.67207
      vertex -2 18 0
      vertex -20.3212 18 8.53284
    endloop
  endfacet
  facet normal 0 1 0
    outer loop
      vertex -19.7002 18 8.82655
      vertex -2 18 0
      vertex -20.0071 18 8.67207
    endloop
  endfacet
  facet normal 0 1 0
    outer loop
      vertex -19.4013 18 8.9959
      vertex -2 18 0
      vertex -19.7002 18 8.82655
    endloop
  endfacet
  facet normal 0 1 0
    outer loop
      vertex -18.8301 18 9.37755
      vertex -2 18 0
      vertex -19.111 18 9.17971
    endloop
  endfacet
  facet normal 0 1 0
    outer loop
      vertex -18.5664 18 9.58336
      vertex -2 18 0
      vertex -18.8301 18 9.37755
    endloop
  endfacet
  facet normal 0 1 0
    outer loop
      vertex -18.5592 18 9.58893
      vertex -2 18 0
      vertex -18.5664 18 9.58336
    endloop
  endfacet
  facet normal 0 1 0
    outer loop
      vertex -18.2991 18 9.81334
      vertex -2 18 0
      vertex -18.5592 18 9.58893
    endloop
  endfacet
  facet normal 0 1 0
    outer loop
      vertex -18.0503 18 10.0503
      vertex -2 18 0
      vertex -18.2991 18 9.81334
    endloop
  endfacet
  facet normal 0 1 0
    outer loop
      vertex -17.8133 18 10.2991
      vertex -2 18 0
      vertex -18.0503 18 10.0503
    endloop
  endfacet
  facet normal 0 1 0
    outer loop
      vertex -17.5889 18 10.5592
      vertex -2 18 0
      vertex -17.8133 18 10.2991
    endloop
  endfacet
  facet normal 0 1 0
    outer loop
      vertex -17.3775 18 10.8301
      vertex -2 18 0
      vertex -17.5889 18 10.5592
    endloop
  endfacet
  facet normal 0 1 0
    outer loop
      vertex -17.1797 18 11.111
      vertex -2 18 0
      vertex -17.3775 18 10.8301
    endloop
  endfacet
  facet normal 0 1 0
    outer loop
      vertex -16.9959 18 11.4013
      vertex -2 18 0
      vertex -17.1797 18 11.111
    endloop
  endfacet
  facet normal 0 1 0
    outer loop
      vertex -16.8266 18 11.7002
      vertex -2 18 0
      vertex -16.9959 18 11.4013
    endloop
  endfacet
  facet normal 0 1 0
    outer loop
      vertex -2 18 15
      vertex -2 18 0
      vertex -16.8266 18 11.7002
    endloop
  endfacet
  facet normal 0 1 0
    outer loop
      vertex -2 18 15
      vertex -16.8266 18 11.7002
      vertex -16.6721 18 12.0071
    endloop
  endfacet
  facet normal 0 1 0
    outer loop
      vertex -2 18 15
      vertex -16.6721 18 12.0071
      vertex -16.5328 18 12.3212
    endloop
  endfacet
  facet normal 0 1 0
    outer loop
      vertex -2 18 15
      vertex -16.5328 18 12.3212
      vertex -16.4092 18 12.6418
    endloop
  endfacet
  facet normal 0 1 0
    outer loop
      vertex -2 18 15
      vertex -16.4092 18 12.6418
      vertex -16.3014 18 12.968
    endloop
  endfacet
  facet normal 0 1 0
    outer loop
      vertex -2 18 15
      vertex -16.3014 18 12.968
      vertex -16.2098 18 13.2991
    endloop
  endfacet
  facet normal 0 1 0
    outer loop
      vertex -2 18 15
      vertex -16.2098 18 13.2991
      vertex -16.1345 18 13.6344
    endloop
  endfacet
  facet normal 0 1 0
    outer loop
      vertex -2 18 15
      vertex -16.1345 18 13.6344
      vertex -16.0758 18 13.9729
    endloop
  endfacet
  facet normal 0 1 0
    outer loop
      vertex -2 18 15
      vertex -16.0758 18 13.9729
      vertex -16.0337 18 14.3139
    endloop
  endfacet
  facet normal 0 1 0
    outer loop
      vertex -2 18 15
      vertex -16.0337 18 14.3139
      vertex -16.0084 18 14.6565
    endloop
  endfacet
  facet normal 0 1 0
    outer loop
      vertex -2 18 15
      vertex -16.0084 18 14.6565
      vertex -16 18 15
    endloop
  endfacet
  facet normal 0 0 1
    outer loop
      vertex -33.7 -15.1 15
      vertex -36.7651 -14.4849 15
      vertex -37.0833 -14.7461 15
    endloop
  endfacet
  facet normal 0 0 1
    outer loop
      vertex -30 -15.1 15
      vertex -32.986 -15.1 15
      vertex -30 -18 15
    endloop
  endfacet
  facet normal 0 0 1
    outer loop
      vertex -32.986 -15.1 15
      vertex -33.0745 -15.1 15
      vertex -30 -18 15
    endloop
  endfacet
  facet normal 0 0 1
    outer loop
      vertex -33.0745 -15.1 15
      vertex -33.163 -15.1 15
      vertex -30 -18 15
    endloop
  endfacet
  facet normal 0 0 1
    outer loop
      vertex -33.163 -15.1 15
      vertex -33.2516 -15.1 15
      vertex -30 -18 15
    endloop
  endfacet
  facet normal 0 0 1
    outer loop
      vertex -33.2516 -15.1 15
      vertex -33.3404 -15.1 15
      vertex -30 -18 15
    endloop
  endfacet
  facet normal 0 0 1
    outer loop
      vertex -33.3404 -15.1 15
      vertex -33.4296 -15.1 15
      vertex -30 -18 15
    endloop
  endfacet
  facet normal 0 0 1
    outer loop
      vertex -33.4296 -15.1 15
      vertex -33.5191 -15.1 15
      vertex -30 -18 15
    endloop
  endfacet
  facet normal 0 0 1
    outer loop
      vertex -33.5191 -15.1 15
      vertex -33.6092 -15.1 15
      vertex -30 -18 15
    endloop
  endfacet
  facet normal 0 0 1
    outer loop
      vertex -33.6092 -15.1 15
      vertex -33.7 -15.1 15
      vertex -30 -18 15
    endloop
  endfacet
  facet normal 0 0 1
    outer loop
      vertex -44 18 15
      vertex -44 -18 15
      vertex -40.1901 12.1964 15
    endloop
  endfacet
  facet normal 0 0 1
    outer loop
      vertex -30 18 15
      vertex -44 18 15
      vertex -37.8403 15.0596 15
    endloop
  endfacet
  facet normal 0 0 1
    outer loop
      vertex -44 18 15
      vertex -39.0536 14.9401 15
      vertex -38.6597 15.0596 15
    endloop
  endfacet
  facet normal 0 0 1
    outer loop
      vertex -30 18 15
      vertex -33.7 15.1 15
      vertex -33.5827 15.1 15
    endloop
  endfacet
  facet normal 0 0 1
    outer loop
      vertex -30 18 15
      vertex -33.5827 15.1 15
      vertex -33.4665 15.1 15
    endloop
  endfacet
  facet normal 0 0 1
    outer loop
      vertex -30 18 15
      vertex -33.4665 15.1 15
      vertex -33.3513 15.1 15
    endloop
  endfacet
  facet normal 0 0 1
    outer loop
      vertex -30 18 15
      vertex -33.3513 15.1 15
      vertex -33.2369 15.1 15
    endloop
  endfacet
  facet normal 0 0 1
    outer loop
      vertex -30 18 15
      vertex -33.2369 15.1 15
      vertex -33.1233 15.1 15
    endloop
  endfacet
  facet normal 0 0 1
    outer loop
      vertex -30 18 15
      vertex -33.1233 15.1 15
      vertex -33.0101 15.1 15
    endloop
  endfacet
  facet normal 0 0 1
    outer loop
      vertex -30 18 15
      vertex -33.0101 15.1 15
      vertex -30 15.1 15
    endloop
  endfacet
  facet normal 0 0 1
    outer loop
      vertex -40.35 -13 15
      vertex -44 -18 15
      vertex -40.3096 -13.4097 15
    endloop
  endfacet
  facet normal 0 0 1
    outer loop
      vertex -40.3096 -12.5903 15
      vertex -44 -18 15
      vertex -40.35 -13 15
    endloop
  endfacet
  facet normal 0 0 1
    outer loop
      vertex -40.1901 -12.1964 15
      vertex -39.9961 11.8333 15
      vertex -40.1901 12.1964 15
    endloop
  endfacet
  facet normal 0 0 1
    outer loop
      vertex -40.1901 -12.1964 15
      vertex -44 -18 15
      vertex -40.3096 -12.5903 15
    endloop
  endfacet
  facet normal 0 -0 1
    outer loop
      vertex -40.1901 -12.1964 15
      vertex -40.1901 12.1964 15
      vertex -44 -18 15
    endloop
  endfacet
  facet normal 0 0 1
    outer loop
      vertex -39.9961 -11.8333 15
      vertex -39.7349 -11.5151 15
      vertex -39.7349 11.5151 15
    endloop
  endfacet
  facet normal 0 0 1
    outer loop
      vertex -33.7 3.775 15
      vertex -39.4167 -11.2539 15
      vertex -39.0536 -11.0599 15
    endloop
  endfacet
  facet normal 0 0 1
    outer loop
      vertex -33.7 3.775 15
      vertex -39.0536 -11.0599 15
      vertex -38.6597 -10.9404 15
    endloop
  endfacet
  facet normal 0 0 1
    outer loop
      vertex -33.7 3.775 15
      vertex -38.6597 -10.9404 15
      vertex -38.25 -10.9 15
    endloop
  endfacet
  facet normal 0 0 1
    outer loop
      vertex -33.7 3.775 15
      vertex -38.25 -10.9 15
      vertex -37.8403 -10.9404 15
    endloop
  endfacet
  facet normal 0 0 1
    outer loop
      vertex -33.7 3.775 15
      vertex -37.8403 -10.9404 15
      vertex -37.4464 -11.0599 15
    endloop
  endfacet
  facet normal 0 0 1
    outer loop
      vertex -33.7 3.775 15
      vertex -37.4464 -11.0599 15
      vertex -37.0833 -11.2539 15
    endloop
  endfacet
  facet normal 0 0 1
    outer loop
      vertex -33.7 3.775 15
      vertex -37.0833 -11.2539 15
      vertex -36.7651 -11.5151 15
    endloop
  endfacet
  facet normal 0 0 1
    outer loop
      vertex -33.7 3.775 15
      vertex -36.5039 -11.8333 15
      vertex -33.7 -15.1 15
    endloop
  endfacet
  facet normal -0 0 1
    outer loop
      vertex -36.7651 -11.5151 15
      vertex -36.5039 -11.8333 15
      vertex -33.7 3.775 15
    endloop
  endfacet
  facet normal 0 0 1
    outer loop
      vertex -36.5039 -11.8333 15
      vertex -36.3099 -12.1964 15
      vertex -33.7 -15.1 15
    endloop
  endfacet
  facet normal 0 0 1
    outer loop
      vertex -36.3099 -12.1964 15
      vertex -36.1904 -12.5903 15
      vertex -33.7 -15.1 15
    endloop
  endfacet
  facet normal 0 0 1
    outer loop
      vertex -36.1904 -12.5903 15
      vertex -36.15 -13 15
      vertex -33.7 -15.1 15
    endloop
  endfacet
  facet normal 0 0 1
    outer loop
      vertex -36.15 -13 15
      vertex -36.1904 -13.4097 15
      vertex -33.7 -15.1 15
    endloop
  endfacet
  facet normal 0 0 1
    outer loop
      vertex -36.1904 -13.4097 15
      vertex -36.3099 -13.8036 15
      vertex -33.7 -15.1 15
    endloop
  endfacet
  facet normal 0 0 1
    outer loop
      vertex -36.3099 -13.8036 15
      vertex -36.5039 -14.1667 15
      vertex -33.7 -15.1 15
    endloop
  endfacet
  facet normal 0 0 1
    outer loop
      vertex -36.5039 -14.1667 15
      vertex -36.7651 -14.4849 15
      vertex -33.7 -15.1 15
    endloop
  endfacet
  facet normal 0 0 1
    outer loop
      vertex -37.8403 -15.0596 15
      vertex -30 -18 15
      vertex -33.7 -15.1 15
    endloop
  endfacet
  facet normal 0 0 1
    outer loop
      vertex -33.7 -15.1 15
      vertex -37.0833 -14.7461 15
      vertex -37.4464 -14.9401 15
    endloop
  endfacet
  facet normal 0 0 1
    outer loop
      vertex -30 -18 15
      vertex -37.8403 -15.0596 15
      vertex -44 -18 15
    endloop
  endfacet
  facet normal 0 0 1
    outer loop
      vertex -37.4464 -14.9401 15
      vertex -37.8403 -15.0596 15
      vertex -33.7 -15.1 15
    endloop
  endfacet
  facet normal 0 0 1
    outer loop
      vertex -37.8403 -15.0596 15
      vertex -38.25 -15.1 15
      vertex -44 -18 15
    endloop
  endfacet
  facet normal 0 0 1
    outer loop
      vertex -38.25 -15.1 15
      vertex -38.6597 -15.0596 15
      vertex -44 -18 15
    endloop
  endfacet
  facet normal 0 0 1
    outer loop
      vertex -38.6597 -15.0596 15
      vertex -39.0536 -14.9401 15
      vertex -44 -18 15
    endloop
  endfacet
  facet normal 0 0 1
    outer loop
      vertex -39.0536 -14.9401 15
      vertex -39.4167 -14.7461 15
      vertex -44 -18 15
    endloop
  endfacet
  facet normal 0 0 1
    outer loop
      vertex -39.4167 -14.7461 15
      vertex -39.7349 -14.4849 15
      vertex -44 -18 15
    endloop
  endfacet
  facet normal 0 0 1
    outer loop
      vertex -39.7349 -14.4849 15
      vertex -39.9961 -14.1667 15
      vertex -44 -18 15
    endloop
  endfacet
  facet normal 0 0 1
    outer loop
      vertex -39.9961 -14.1667 15
      vertex -40.1901 -13.8036 15
      vertex -44 -18 15
    endloop
  endfacet
  facet normal 0 0 1
    outer loop
      vertex -40.1901 -13.8036 15
      vertex -40.3096 -13.4097 15
      vertex -44 -18 15
    endloop
  endfacet
  facet normal 0 0 1
    outer loop
      vertex -40.1901 -12.1964 15
      vertex -39.9961 -11.8333 15
      vertex -39.9961 11.8333 15
    endloop
  endfacet
  facet normal 0 0 1
    outer loop
      vertex -40.35 13 15
      vertex -44 18 15
      vertex -40.3096 12.5903 15
    endloop
  endfacet
  facet normal 0 0 1
    outer loop
      vertex -40.3096 13.4097 15
      vertex -44 18 15
      vertex -40.35 13 15
    endloop
  endfacet
  facet normal 0 0 1
    outer loop
      vertex -40.1901 13.8036 15
      vertex -44 18 15
      vertex -40.3096 13.4097 15
    endloop
  endfacet
  facet normal 0 0 1
    outer loop
      vertex -39.9961 14.1667 15
      vertex -44 18 15
      vertex -40.1901 13.8036 15
    endloop
  endfacet
  facet normal 0 0 1
    outer loop
      vertex -39.7349 14.4849 15
      vertex -44 18 15
      vertex -39.9961 14.1667 15
    endloop
  endfacet
  facet normal 0 0 1
    outer loop
      vertex -39.4167 14.7461 15
      vertex -44 18 15
      vertex -39.7349 14.4849 15
    endloop
  endfacet
  facet normal 0 0 1
    outer loop
      vertex -39.0536 14.9401 15
      vertex -44 18 15
      vertex -39.4167 14.7461 15
    endloop
  endfacet
  facet normal 0 0 1
    outer loop
      vertex -44 18 15
      vertex -38.6597 15.0596 15
      vertex -38.25 15.1 15
    endloop
  endfacet
  facet normal 0 0 1
    outer loop
      vertex -30 18 15
      vertex -37.8403 15.0596 15
      vertex -33.7 15.1 15
    endloop
  endfacet
  facet normal -0 -0 1
    outer loop
      vertex -38.25 15.1 15
      vertex -37.8403 15.0596 15
      vertex -44 18 15
    endloop
  endfacet
  facet normal -0 0 1
    outer loop
      vertex -37.8403 15.0596 15
      vertex -37.4464 14.9401 15
      vertex -33.7 15.1 15
    endloop
  endfacet
  facet normal -0 0 1
    outer loop
      vertex -37.4464 14.9401 15
      vertex -37.0833 14.7461 15
      vertex -33.7 15.1 15
    endloop
  endfacet
  facet normal -0 0 1
    outer loop
      vertex -37.0833 14.7461 15
      vertex -36.7651 14.4849 15
      vertex -33.7 15.1 15
    endloop
  endfacet
  facet normal -0 0 1
    outer loop
      vertex -36.7651 14.4849 15
      vertex -36.5039 14.1667 15
      vertex -33.7 15.1 15
    endloop
  endfacet
  facet normal -0 0 1
    outer loop
      vertex -36.5039 14.1667 15
      vertex -36.3099 13.8036 15
      vertex -33.7 15.1 15
    endloop
  endfacet
  facet normal 0 0 1
    outer loop
      vertex -39.4167 -11.2539 15
      vertex -33.7 3.775 15
      vertex -39.4167 11.2539 15
    endloop
  endfacet
  facet normal -0 0 1
    outer loop
      vertex -36.3099 13.8036 15
      vertex -36.1904 13.4097 15
      vertex -33.7 15.1 15
    endloop
  endfacet
  facet normal -0 0 1
    outer loop
      vertex -36.3099 12.1964 15
      vertex -33.7 3.775 15
      vertex -33.7 15.1 15
    endloop
  endfacet
  facet normal 0 -0 1
    outer loop
      vertex -36.15 13 15
      vertex -33.7 15.1 15
      vertex -36.1904 13.4097 15
    endloop
  endfacet
  facet normal 0 0 1
    outer loop
      vertex -36.1904 12.5903 15
      vertex -33.7 15.1 15
      vertex -36.15 13 15
    endloop
  endfacet
  facet normal 0 0 1
    outer loop
      vertex -36.3099 12.1964 15
      vertex -33.7 15.1 15
      vertex -36.1904 12.5903 15
    endloop
  endfacet
  facet normal -0 0 1
    outer loop
      vertex -36.5039 11.8333 15
      vertex -33.7 3.775 15
      vertex -36.3099 12.1964 15
    endloop
  endfacet
  facet normal -0 0 1
    outer loop
      vertex -36.7651 11.5151 15
      vertex -33.7 3.775 15
      vertex -36.5039 11.8333 15
    endloop
  endfacet
  facet normal -0 0 1
    outer loop
      vertex -37.0833 11.2539 15
      vertex -33.7 3.775 15
      vertex -36.7651 11.5151 15
    endloop
  endfacet
  facet normal -0 0 1
    outer loop
      vertex -37.4464 11.0599 15
      vertex -33.7 3.775 15
      vertex -37.0833 11.2539 15
    endloop
  endfacet
  facet normal -0 0 1
    outer loop
      vertex -37.8403 10.9404 15
      vertex -33.7 3.775 15
      vertex -37.4464 11.0599 15
    endloop
  endfacet
  facet normal -0 0 1
    outer loop
      vertex -38.25 10.9 15
      vertex -33.7 3.775 15
      vertex -37.8403 10.9404 15
    endloop
  endfacet
  facet normal 0 0 1
    outer loop
      vertex -38.25 10.9 15
      vertex -38.6597 10.9404 15
      vertex -33.7 3.775 15
    endloop
  endfacet
  facet normal 0 0 1
    outer loop
      vertex -39.4167 11.2539 15
      vertex -39.7349 -11.5151 15
      vertex -39.4167 -11.2539 15
    endloop
  endfacet
  facet normal 0 0 1
    outer loop
      vertex -39.0536 11.0599 15
      vertex -33.7 3.775 15
      vertex -38.6597 10.9404 15
    endloop
  endfacet
  facet normal 0 0 1
    outer loop
      vertex -39.4167 11.2539 15
      vertex -33.7 3.775 15
      vertex -39.0536 11.0599 15
    endloop
  endfacet
  facet normal 0 0 1
    outer loop
      vertex -39.7349 11.5151 15
      vertex -39.7349 -11.5151 15
      vertex -39.4167 11.2539 15
    endloop
  endfacet
  facet normal 0 0 1
    outer loop
      vertex -39.9961 11.8333 15
      vertex -39.9961 -11.8333 15
      vertex -39.7349 11.5151 15
    endloop
  endfacet
  facet normal 0 0 1
    outer loop
      vertex -44 18 15
      vertex -40.1901 12.1964 15
      vertex -40.3096 12.5903 15
    endloop
  endfacet
  facet normal 0 0 1
    outer loop
      vertex -16 15.1 15
      vertex -12.9899 15.1 15
      vertex -16 18 15
    endloop
  endfacet
  facet normal 0 -0 1
    outer loop
      vertex -12.9899 15.1 15
      vertex -12.8767 15.1 15
      vertex -16 18 15
    endloop
  endfacet
  facet normal 0 0 1
    outer loop
      vertex -12.7631 15.1 15
      vertex -16 18 15
      vertex -12.8767 15.1 15
    endloop
  endfacet
  facet normal 0 0 1
    outer loop
      vertex -12.6487 15.1 15
      vertex -16 18 15
      vertex -12.7631 15.1 15
    endloop
  endfacet
  facet normal 0 0 1
    outer loop
      vertex -12.5335 15.1 15
      vertex -16 18 15
      vertex -12.6487 15.1 15
    endloop
  endfacet
  facet normal 0 0 1
    outer loop
      vertex -12.4173 15.1 15
      vertex -16 18 15
      vertex -12.5335 15.1 15
    endloop
  endfacet
  facet normal 0 0 1
    outer loop
      vertex -12.3 15.1 15
      vertex -16 18 15
      vertex -12.4173 15.1 15
    endloop
  endfacet
  facet normal 0 0 1
    outer loop
      vertex -2 -18 15
      vertex -5.80985 12.1964 15
      vertex -5.80985 -12.1964 15
    endloop
  endfacet
  facet normal 0 0 1
    outer loop
      vertex -16 -18 15
      vertex -12.3 -15.1 15
      vertex -12.3908 -15.1 15
    endloop
  endfacet
  facet normal 0 0 1
    outer loop
      vertex -16 -18 15
      vertex -12.3908 -15.1 15
      vertex -12.4809 -15.1 15
    endloop
  endfacet
  facet normal 0 0 1
    outer loop
      vertex -16 -18 15
      vertex -12.4809 -15.1 15
      vertex -12.5704 -15.1 15
    endloop
  endfacet
  facet normal 0 0 1
    outer loop
      vertex -16 -18 15
      vertex -12.5704 -15.1 15
      vertex -12.6596 -15.1 15
    endloop
  endfacet
  facet normal 0 0 1
    outer loop
      vertex -16 -18 15
      vertex -12.6596 -15.1 15
      vertex -12.7484 -15.1 15
    endloop
  endfacet
  facet normal 0 0 1
    outer loop
      vertex -16 -18 15
      vertex -12.7484 -15.1 15
      vertex -12.837 -15.1 15
    endloop
  endfacet
  facet normal 0 0 1
    outer loop
      vertex -16 -18 15
      vertex -12.837 -15.1 15
      vertex -12.9255 -15.1 15
    endloop
  endfacet
  facet normal 0 0 1
    outer loop
      vertex -16 -18 15
      vertex -12.9255 -15.1 15
      vertex -13.014 -15.1 15
    endloop
  endfacet
  facet normal 0 0 1
    outer loop
      vertex -16 -18 15
      vertex -13.014 -15.1 15
      vertex -16 -15.1 15
    endloop
  endfacet
  facet normal 0 0 1
    outer loop
      vertex -2 -18 15
      vertex -6.94636 -14.9401 15
      vertex -7.34031 -15.0596 15
    endloop
  endfacet
  facet normal 0 0 1
    outer loop
      vertex -9.49609 -11.8333 15
      vertex -12.3 1.77636e-015 15
      vertex -12.3 -15.1 15
    endloop
  endfacet
  facet normal 0 0 1
    outer loop
      vertex -9.85 -13 15
      vertex -12.3 -15.1 15
      vertex -9.80965 -13.4097 15
    endloop
  endfacet
  facet normal 0 0 1
    outer loop
      vertex -9.80965 -12.5903 15
      vertex -12.3 -15.1 15
      vertex -9.85 -13 15
    endloop
  endfacet
  facet normal 0 0 1
    outer loop
      vertex -9.69015 -12.1964 15
      vertex -12.3 -15.1 15
      vertex -9.80965 -12.5903 15
    endloop
  endfacet
  facet normal 0 0 1
    outer loop
      vertex -9.49609 -11.8333 15
      vertex -12.3 -15.1 15
      vertex -9.69015 -12.1964 15
    endloop
  endfacet
  facet normal 0 0 1
    outer loop
      vertex -9.23492 -11.5151 15
      vertex -12.3 1.77636e-015 15
      vertex -9.49609 -11.8333 15
    endloop
  endfacet
  facet normal 0 0 1
    outer loop
      vertex -8.9167 -11.2539 15
      vertex -12.3 1.77636e-015 15
      vertex -9.23492 -11.5151 15
    endloop
  endfacet
  facet normal 0 0 1
    outer loop
      vertex -8.55364 -11.0599 15
      vertex -12.3 1.77636e-015 15
      vertex -8.9167 -11.2539 15
    endloop
  endfacet
  facet normal 0 0 1
    outer loop
      vertex -8.15969 -10.9404 15
      vertex -12.3 1.77636e-015 15
      vertex -8.55364 -11.0599 15
    endloop
  endfacet
  facet normal 0 0 1
    outer loop
      vertex -7.75 -10.9 15
      vertex -12.3 1.77636e-015 15
      vertex -8.15969 -10.9404 15
    endloop
  endfacet
  facet normal 0 0 1
    outer loop
      vertex -7.34031 -10.9404 15
      vertex -12.3 1.77636e-015 15
      vertex -7.75 -10.9 15
    endloop
  endfacet
  facet normal 0 0 1
    outer loop
      vertex -6.94636 -11.0599 15
      vertex -12.3 1.77636e-015 15
      vertex -7.34031 -10.9404 15
    endloop
  endfacet
  facet normal 0 0 1
    outer loop
      vertex -6.5833 -11.2539 15
      vertex -12.3 1.77636e-015 15
      vertex -6.94636 -11.0599 15
    endloop
  endfacet
  facet normal 0 0 1
    outer loop
      vertex -6.00391 11.8333 15
      vertex -6.00391 -11.8333 15
      vertex -5.80985 -12.1964 15
    endloop
  endfacet
  facet normal 0 0 1
    outer loop
      vertex -2 -18 15
      vertex -5.80985 -12.1964 15
      vertex -5.69035 -12.5903 15
    endloop
  endfacet
  facet normal 0 0 1
    outer loop
      vertex -2 -18 15
      vertex -5.69035 -12.5903 15
      vertex -5.65 -13 15
    endloop
  endfacet
  facet normal 0 0 1
    outer loop
      vertex -2 -18 15
      vertex -5.65 -13 15
      vertex -5.69035 -13.4097 15
    endloop
  endfacet
  facet normal 0 0 1
    outer loop
      vertex -2 -18 15
      vertex -5.69035 -13.4097 15
      vertex -5.80985 -13.8036 15
    endloop
  endfacet
  facet normal 0 0 1
    outer loop
      vertex -2 -18 15
      vertex -5.80985 -13.8036 15
      vertex -6.00391 -14.1667 15
    endloop
  endfacet
  facet normal 0 0 1
    outer loop
      vertex -2 -18 15
      vertex -6.00391 -14.1667 15
      vertex -6.26508 -14.4849 15
    endloop
  endfacet
  facet normal 0 0 1
    outer loop
      vertex -2 -18 15
      vertex -6.26508 -14.4849 15
      vertex -6.5833 -14.7461 15
    endloop
  endfacet
  facet normal 0 0 1
    outer loop
      vertex -2 -18 15
      vertex -6.5833 -14.7461 15
      vertex -6.94636 -14.9401 15
    endloop
  endfacet
  facet normal 0 0 1
    outer loop
      vertex -2 -18 15
      vertex -8.15969 -15.0596 15
      vertex -16 -18 15
    endloop
  endfacet
  facet normal 0 0 1
    outer loop
      vertex -2 -18 15
      vertex -7.34031 -15.0596 15
      vertex -7.75 -15.1 15
    endloop
  endfacet
  facet normal 0 0 1
    outer loop
      vertex -16 -18 15
      vertex -8.15969 -15.0596 15
      vertex -12.3 -15.1 15
    endloop
  endfacet
  facet normal 0 0 1
    outer loop
      vertex -7.75 -15.1 15
      vertex -8.15969 -15.0596 15
      vertex -2 -18 15
    endloop
  endfacet
  facet normal 0 0 1
    outer loop
      vertex -8.15969 -15.0596 15
      vertex -8.55364 -14.9401 15
      vertex -12.3 -15.1 15
    endloop
  endfacet
  facet normal 0 0 1
    outer loop
      vertex -8.55364 -14.9401 15
      vertex -8.9167 -14.7461 15
      vertex -12.3 -15.1 15
    endloop
  endfacet
  facet normal 0 0 1
    outer loop
      vertex -8.9167 -14.7461 15
      vertex -9.23492 -14.4849 15
      vertex -12.3 -15.1 15
    endloop
  endfacet
  facet normal 0 0 1
    outer loop
      vertex -9.23492 -14.4849 15
      vertex -9.49609 -14.1667 15
      vertex -12.3 -15.1 15
    endloop
  endfacet
  facet normal 0 0 1
    outer loop
      vertex -9.49609 -14.1667 15
      vertex -9.69015 -13.8036 15
      vertex -12.3 -15.1 15
    endloop
  endfacet
  facet normal 0 0 1
    outer loop
      vertex -9.69015 -13.8036 15
      vertex -9.80965 -13.4097 15
      vertex -12.3 -15.1 15
    endloop
  endfacet
  facet normal 0 0 1
    outer loop
      vertex -9.80965 12.5903 15
      vertex -9.85 13 15
      vertex -12.3 15.1 15
    endloop
  endfacet
  facet normal 0 -0 1
    outer loop
      vertex -9.85 13 15
      vertex -9.80965 13.4097 15
      vertex -12.3 15.1 15
    endloop
  endfacet
  facet normal 0 -0 1
    outer loop
      vertex -9.80965 13.4097 15
      vertex -9.69015 13.8036 15
      vertex -12.3 15.1 15
    endloop
  endfacet
  facet normal 0 -0 1
    outer loop
      vertex -9.69015 13.8036 15
      vertex -9.49609 14.1667 15
      vertex -12.3 15.1 15
    endloop
  endfacet
  facet normal 0 -0 1
    outer loop
      vertex -9.49609 14.1667 15
      vertex -9.23492 14.4849 15
      vertex -12.3 15.1 15
    endloop
  endfacet
  facet normal 0 0 1
    outer loop
      vertex -8.15969 15.0596 15
      vertex -16 18 15
      vertex -12.3 15.1 15
    endloop
  endfacet
  facet normal 0 -0 1
    outer loop
      vertex -9.23492 14.4849 15
      vertex -8.9167 14.7461 15
      vertex -12.3 15.1 15
    endloop
  endfacet
  facet normal 0 -0 1
    outer loop
      vertex -2 -18 15
      vertex -2 18 15
      vertex -5.80985 12.1964 15
    endloop
  endfacet
  facet normal 0 -0 1
    outer loop
      vertex -8.9167 14.7461 15
      vertex -8.55364 14.9401 15
      vertex -12.3 15.1 15
    endloop
  endfacet
  facet normal 0 -0 1
    outer loop
      vertex -8.15969 15.0596 15
      vertex -2 18 15
      vertex -16 18 15
    endloop
  endfacet
  facet normal 0 0 1
    outer loop
      vertex -8.15969 15.0596 15
      vertex -12.3 15.1 15
      vertex -8.55364 14.9401 15
    endloop
  endfacet
  facet normal 0 -0 1
    outer loop
      vertex -7.75 15.1 15
      vertex -2 18 15
      vertex -8.15969 15.0596 15
    endloop
  endfacet
  facet normal 0 -0 1
    outer loop
      vertex -7.34031 15.0596 15
      vertex -2 18 15
      vertex -7.75 15.1 15
    endloop
  endfacet
  facet normal 0 -0 1
    outer loop
      vertex -6.94636 14.9401 15
      vertex -2 18 15
      vertex -7.34031 15.0596 15
    endloop
  endfacet
  facet normal 0 -0 1
    outer loop
      vertex -6.5833 14.7461 15
      vertex -2 18 15
      vertex -6.94636 14.9401 15
    endloop
  endfacet
  facet normal 0 -0 1
    outer loop
      vertex -6.26508 14.4849 15
      vertex -2 18 15
      vertex -6.5833 14.7461 15
    endloop
  endfacet
  facet normal 0 -0 1
    outer loop
      vertex -6.00391 14.1667 15
      vertex -2 18 15
      vertex -6.26508 14.4849 15
    endloop
  endfacet
  facet normal -0 0 1
    outer loop
      vertex -12.3 1.77636e-015 15
      vertex -6.5833 -11.2539 15
      vertex -6.5833 11.2539 15
    endloop
  endfacet
  facet normal 0 -0 1
    outer loop
      vertex -5.80985 13.8036 15
      vertex -2 18 15
      vertex -6.00391 14.1667 15
    endloop
  endfacet
  facet normal 0 0 1
    outer loop
      vertex -6.5833 11.2539 15
      vertex -6.5833 -11.2539 15
      vertex -6.26508 -11.5151 15
    endloop
  endfacet
  facet normal 0 -0 1
    outer loop
      vertex -5.69035 13.4097 15
      vertex -2 18 15
      vertex -5.80985 13.8036 15
    endloop
  endfacet
  facet normal 0 0 1
    outer loop
      vertex -6.00391 -11.8333 15
      vertex -6.26508 11.5151 15
      vertex -6.26508 -11.5151 15
    endloop
  endfacet
  facet normal 0 -0 1
    outer loop
      vertex -5.65 13 15
      vertex -2 18 15
      vertex -5.69035 13.4097 15
    endloop
  endfacet
  facet normal 0 0 1
    outer loop
      vertex -5.69035 12.5903 15
      vertex -2 18 15
      vertex -5.65 13 15
    endloop
  endfacet
  facet normal 0 -0 1
    outer loop
      vertex -5.80985 -12.1964 15
      vertex -5.80985 12.1964 15
      vertex -6.00391 11.8333 15
    endloop
  endfacet
  facet normal 0 0 1
    outer loop
      vertex -5.80985 12.1964 15
      vertex -2 18 15
      vertex -5.69035 12.5903 15
    endloop
  endfacet
  facet normal 0 -0 1
    outer loop
      vertex -6.00391 -11.8333 15
      vertex -6.00391 11.8333 15
      vertex -6.26508 11.5151 15
    endloop
  endfacet
  facet normal 0 -0 1
    outer loop
      vertex -6.26508 -11.5151 15
      vertex -6.26508 11.5151 15
      vertex -6.5833 11.2539 15
    endloop
  endfacet
  facet normal 0 0 1
    outer loop
      vertex -12.3 1.77636e-015 15
      vertex -6.5833 11.2539 15
      vertex -6.94636 11.0599 15
    endloop
  endfacet
  facet normal 0 0 1
    outer loop
      vertex -12.3 1.77636e-015 15
      vertex -6.94636 11.0599 15
      vertex -7.34031 10.9404 15
    endloop
  endfacet
  facet normal 0 0 1
    outer loop
      vertex -12.3 1.77636e-015 15
      vertex -7.34031 10.9404 15
      vertex -7.75 10.9 15
    endloop
  endfacet
  facet normal 0 0 1
    outer loop
      vertex -12.3 1.77636e-015 15
      vertex -7.75 10.9 15
      vertex -8.15969 10.9404 15
    endloop
  endfacet
  facet normal 0 0 1
    outer loop
      vertex -12.3 1.77636e-015 15
      vertex -8.15969 10.9404 15
      vertex -8.55364 11.0599 15
    endloop
  endfacet
  facet normal 0 0 1
    outer loop
      vertex -12.3 1.77636e-015 15
      vertex -8.55364 11.0599 15
      vertex -8.9167 11.2539 15
    endloop
  endfacet
  facet normal 0 0 1
    outer loop
      vertex -12.3 1.77636e-015 15
      vertex -8.9167 11.2539 15
      vertex -9.23492 11.5151 15
    endloop
  endfacet
  facet normal 0 0 1
    outer loop
      vertex -12.3 1.77636e-015 15
      vertex -9.49609 11.8333 15
      vertex -12.3 15.1 15
    endloop
  endfacet
  facet normal 0 0 1
    outer loop
      vertex -9.23492 11.5151 15
      vertex -9.49609 11.8333 15
      vertex -12.3 1.77636e-015 15
    endloop
  endfacet
  facet normal 0 0 1
    outer loop
      vertex -9.49609 11.8333 15
      vertex -9.69015 12.1964 15
      vertex -12.3 15.1 15
    endloop
  endfacet
  facet normal 0 0 1
    outer loop
      vertex -9.69015 12.1964 15
      vertex -9.80965 12.5903 15
      vertex -12.3 15.1 15
    endloop
  endfacet
  facet normal 1 0 0
    outer loop
      vertex -2 18 0
      vertex -2 -18 15
      vertex -2 -18 0
    endloop
  endfacet
  facet normal 1 0 -0
    outer loop
      vertex -2 18 0
      vertex -2 18 15
      vertex -2 -18 15
    endloop
  endfacet
  facet normal 0.999699 0 0.0245412
    outer loop
      vertex -33.7 3.775 15
      vertex -33.7 -15.1 15
      vertex -33.6871 -15.1 14.475
    endloop
  endfacet
  facet normal 0.999699 5.77404e-018 0.0245412
    outer loop
      vertex -33.6871 15.1 14.475
      vertex -33.7 3.775 15
      vertex -33.6871 -15.1 14.475
    endloop
  endfacet
  facet normal 0.999699 7.69872e-018 0.0245412
    outer loop
      vertex -33.7 15.1 15
      vertex -33.7 3.775 15
      vertex -33.6871 15.1 14.475
    endloop
  endfacet
  facet normal 4.66092e-016 1 -1.28985e-016
    outer loop
      vertex -12.9255 -15.1 11.3953
      vertex -16.3014 -15.1 12.968
      vertex -16.2098 -15.1 13.2991
    endloop
  endfacet
  facet normal 4.56002e-016 1 -1.50643e-016
    outer loop
      vertex -16.3807 -15.1 12.7281
      vertex -16.3014 -15.1 12.968
      vertex -12.9255 -15.1 11.3953
    endloop
  endfacet
  facet normal 4.78566e-016 1 -1.07466e-016
    outer loop
      vertex -16.1345 -15.1 13.6344
      vertex -12.9255 -15.1 11.3953
      vertex -16.2098 -15.1 13.2991
    endloop
  endfacet
  facet normal -0 1 0
    outer loop
      vertex -16.0758 -15.1 13.9729
      vertex -13.014 -15.1 15
      vertex -16.1345 -15.1 13.6344
    endloop
  endfacet
  facet normal -0 1 0
    outer loop
      vertex -16.0337 -15.1 14.3139
      vertex -13.014 -15.1 15
      vertex -16.0758 -15.1 13.9729
    endloop
  endfacet
  facet normal 0 1 0
    outer loop
      vertex -16.0084 -15.1 14.6565
      vertex -16 -15.1 15
      vertex -13.014 -15.1 15
    endloop
  endfacet
  facet normal -0 1 0
    outer loop
      vertex -16.0084 -15.1 14.6565
      vertex -13.014 -15.1 15
      vertex -16.0337 -15.1 14.3139
    endloop
  endfacet
  facet normal 2.13365e-016 1 -4.87548e-016
    outer loop
      vertex -12.9255 -15.1 11.3953
      vertex -16.1345 -15.1 13.6344
      vertex -13.014 -15.1 15
    endloop
  endfacet
  facet normal -4.60891e-015 1 3.39974e-016
    outer loop
      vertex -12.3129 -15.1 14.475
      vertex -12.3515 -15.1 13.9512
      vertex -12.9255 -15.1 11.3953
    endloop
  endfacet
  facet normal 3.308e-015 1 8.12069e-017
    outer loop
      vertex -33.6871 -15.1 14.475
      vertex -33.7 -15.1 15
      vertex -33.0745 -15.1 11.3953
    endloop
  endfacet
  facet normal 3.41857e-017 -1 2.77171e-016
    outer loop
      vertex -24.57 15.1 4.41581
      vertex -24.0488 15.1 4.35152
      vertex -33.2393 15.1 11.894
    endloop
  endfacet
  facet normal -1.90883e-017 -1 2.58774e-016
    outer loop
      vertex -21.9512 15.1 4.35152
      vertex -12.7607 15.1 11.894
      vertex -22.475 15.1 4.31289
    endloop
  endfacet
  facet normal 5.60844e-016 -1 7.18655e-016
    outer loop
      vertex -29.788 15.1 6.72879
      vertex -29.374 15.1 6.40568
      vertex -33.2393 15.1 11.894
    endloop
  endfacet
  facet normal 7.00288e-016 -1 8.11828e-016
    outer loop
      vertex -30.1857 15.1 7.07182
      vertex -29.788 15.1 6.72879
      vertex -33.2393 15.1 11.894
    endloop
  endfacet
  facet normal -0.932993 8.48741e-017 0.359895
    outer loop
      vertex -13.1145 -15.1 10.9053
      vertex -12.9255 -15.1 11.3953
      vertex -12.9255 15.1 11.3953
    endloop
  endfacet
  facet normal -0.932993 8.46758e-017 0.359895
    outer loop
      vertex -13.1145 15.1 10.9053
      vertex -13.1145 -15.1 10.9053
      vertex -12.9255 15.1 11.3953
    endloop
  endfacet
  facet normal -0.844854 9.44989e-017 0.534998
    outer loop
      vertex -14.1033 -15.1 9.0554
      vertex -13.8223 -15.1 9.4991
      vertex -13.8223 15.1 9.4991
    endloop
  endfacet
  facet normal -0.844854 1.25874e-016 0.534998
    outer loop
      vertex -14.1033 15.1 9.0554
      vertex -14.1033 -15.1 9.0554
      vertex -13.8223 15.1 9.4991
    endloop
  endfacet
  facet normal 0 1 -4.92786e-016
    outer loop
      vertex -33.163 -15.1 15
      vertex -33.0745 -15.1 11.3953
      vertex -33.2516 -15.1 15
    endloop
  endfacet
  facet normal 4.36042e-016 1 -2.47015e-016
    outer loop
      vertex -12.9255 -15.1 11.3953
      vertex -16.9959 -15.1 11.4013
      vertex -16.8266 -15.1 11.7002
    endloop
  endfacet
  facet normal 0 1 -2.9595e-013
    outer loop
      vertex -16.9997 -15.1 11.3953
      vertex -16.9959 -15.1 11.4013
      vertex -12.9255 -15.1 11.3953
    endloop
  endfacet
  facet normal 4.38112e-016 1 -2.20527e-016
    outer loop
      vertex -16.6721 -15.1 12.0071
      vertex -12.9255 -15.1 11.3953
      vertex -16.8266 -15.1 11.7002
    endloop
  endfacet
  facet normal 4.48061e-016 1 -1.72836e-016
    outer loop
      vertex -16.5328 -15.1 12.3212
      vertex -16.4092 -15.1 12.6418
      vertex -12.9255 -15.1 11.3953
    endloop
  endfacet
  facet normal 4.56002e-016 1 -1.50643e-016
    outer loop
      vertex -16.4092 -15.1 12.6418
      vertex -16.3807 -15.1 12.7281
      vertex -12.9255 -15.1 11.3953
    endloop
  endfacet
  facet normal 4.42121e-016 1 -1.95979e-016
    outer loop
      vertex -16.5328 -15.1 12.3212
      vertex -12.9255 -15.1 11.3953
      vertex -16.6721 -15.1 12.0071
    endloop
  endfacet
  facet normal 0 1 0
    outer loop
      vertex -29.9916 -15.1 14.6565
      vertex -32.986 -15.1 15
      vertex -30 -15.1 15
    endloop
  endfacet
  facet normal 0 1 0
    outer loop
      vertex -29.9916 -15.1 14.6565
      vertex -29.9663 -15.1 14.3139
      vertex -32.986 -15.1 15
    endloop
  endfacet
  facet normal 0 1 0
    outer loop
      vertex -29.9242 -15.1 13.9729
      vertex -32.986 -15.1 15
      vertex -29.9663 -15.1 14.3139
    endloop
  endfacet
  facet normal 0 1 0
    outer loop
      vertex -29.8655 -15.1 13.6344
      vertex -32.986 -15.1 15
      vertex -29.9242 -15.1 13.9729
    endloop
  endfacet
  facet normal -2.13365e-016 1 -4.87548e-016
    outer loop
      vertex -33.0745 -15.1 11.3953
      vertex -32.986 -15.1 15
      vertex -29.8655 -15.1 13.6344
    endloop
  endfacet
  facet normal -4.78566e-016 1 -1.07466e-016
    outer loop
      vertex -33.0745 -15.1 11.3953
      vertex -29.8655 -15.1 13.6344
      vertex -29.7902 -15.1 13.2991
    endloop
  endfacet
  facet normal -4.66092e-016 1 -1.28985e-016
    outer loop
      vertex -33.0745 -15.1 11.3953
      vertex -29.7902 -15.1 13.2991
      vertex -29.6986 -15.1 12.968
    endloop
  endfacet
  facet normal -4.56002e-016 1 -1.50643e-016
    outer loop
      vertex -33.0745 -15.1 11.3953
      vertex -29.6986 -15.1 12.968
      vertex -29.5908 -15.1 12.6418
    endloop
  endfacet
  facet normal -4.48061e-016 1 -1.72836e-016
    outer loop
      vertex -33.0745 -15.1 11.3953
      vertex -29.5908 -15.1 12.6418
      vertex -29.4672 -15.1 12.3212
    endloop
  endfacet
  facet normal -4.42121e-016 1 -1.95979e-016
    outer loop
      vertex -33.0745 -15.1 11.3953
      vertex -29.4672 -15.1 12.3212
      vertex -29.3279 -15.1 12.0071
    endloop
  endfacet
  facet normal -4.38112e-016 1 -2.20527e-016
    outer loop
      vertex -33.0745 -15.1 11.3953
      vertex -29.3279 -15.1 12.0071
      vertex -29.1734 -15.1 11.7002
    endloop
  endfacet
  facet normal -4.36042e-016 1 -2.47015e-016
    outer loop
      vertex -33.0745 -15.1 11.3953
      vertex -29.1734 -15.1 11.7002
      vertex -29.0215 -15.1 11.432
    endloop
  endfacet
  facet normal -4.36042e-016 1 -2.47015e-016
    outer loop
      vertex -33.0745 -15.1 11.3953
      vertex -29.0215 -15.1 11.432
      vertex -29.0041 -15.1 11.4013
    endloop
  endfacet
  facet normal 0 1 -2.9595e-013
    outer loop
      vertex -29.0003 -15.1 11.3953
      vertex -33.0745 -15.1 11.3953
      vertex -29.0041 -15.1 11.4013
    endloop
  endfacet
  facet normal 0 1 -4.92786e-016
    outer loop
      vertex -33.6092 -15.1 15
      vertex -33.0745 -15.1 11.3953
      vertex -33.7 -15.1 15
    endloop
  endfacet
  facet normal 2.24372e-014 1 5.03845e-015
    outer loop
      vertex -33.0745 -15.1 11.3953
      vertex -33.3793 -15.1 12.4001
      vertex -33.4944 -15.1 12.9125
    endloop
  endfacet
  facet normal 0 1 0
    outer loop
      vertex -32.1777 -15.1 9.4991
      vertex -29.0003 -15.1 11.3953
      vertex -28.9852 -15.1 11.3715
    endloop
  endfacet
  facet normal 0 1 0
    outer loop
      vertex -24.0271 -15.1 8.07576
      vertex -24.57 -15.1 4.41581
      vertex -25.0875 -15.1 4.5056
    endloop
  endfacet
  facet normal 0 1 0
    outer loop
      vertex -24.0271 -15.1 8.07576
      vertex -24.0488 -15.1 4.35152
      vertex -24.57 -15.1 4.41581
    endloop
  endfacet
  facet normal 0 1 0
    outer loop
      vertex -23.6861 -15.1 8.03371
      vertex -23.525 -15.1 4.31289
      vertex -24.0488 -15.1 4.35152
    endloop
  endfacet
  facet normal 0 1 0
    outer loop
      vertex -23 -15.1 8
      vertex -23 -15.1 4.3
      vertex -23.525 -15.1 4.31289
    endloop
  endfacet
  facet normal 0 1 0
    outer loop
      vertex -23 -15.1 8
      vertex -22.475 -15.1 4.31289
      vertex -23 -15.1 4.3
    endloop
  endfacet
  facet normal 0 1 0
    outer loop
      vertex -22.6565 -15.1 8.00843
      vertex -21.9512 -15.1 4.35152
      vertex -22.475 -15.1 4.31289
    endloop
  endfacet
  facet normal 0 1 0
    outer loop
      vertex -21.9729 -15.1 8.07576
      vertex -21.43 -15.1 4.41581
      vertex -21.9512 -15.1 4.35152
    endloop
  endfacet
  facet normal 0 1 0
    outer loop
      vertex -27.1977 -15.1 9.39924
      vertex -29.788 -15.1 6.72879
      vertex -27.4408 -15.1 9.58893
    endloop
  endfacet
  facet normal 0 1 0
    outer loop
      vertex -21.6344 -15.1 8.1345
      vertex -20.9125 -15.1 4.5056
      vertex -21.43 -15.1 4.41581
    endloop
  endfacet
  facet normal 0 1 0
    outer loop
      vertex -21.6344 -15.1 8.1345
      vertex -20.4001 -15.1 4.62067
      vertex -20.9125 -15.1 4.5056
    endloop
  endfacet
  facet normal 0 1 0
    outer loop
      vertex -20.968 -15.1 8.30142
      vertex -19.894 -15.1 4.76074
      vertex -20.4001 -15.1 4.62067
    endloop
  endfacet
  facet normal 0 1 0
    outer loop
      vertex -20.968 -15.1 8.30142
      vertex -19.3953 -15.1 4.92548
      vertex -19.894 -15.1 4.76074
    endloop
  endfacet
  facet normal 0 1 0
    outer loop
      vertex -20.6418 -15.1 8.40919
      vertex -18.9053 -15.1 5.11449
      vertex -19.3953 -15.1 4.92548
    endloop
  endfacet
  facet normal 0 1 0
    outer loop
      vertex -20.0071 -15.1 8.67207
      vertex -18.4252 -15.1 5.32731
      vertex -18.9053 -15.1 5.11449
    endloop
  endfacet
  facet normal 0 1 0
    outer loop
      vertex -20.0071 -15.1 8.67207
      vertex -17.9561 -15.1 5.56344
      vertex -18.4252 -15.1 5.32731
    endloop
  endfacet
  facet normal 0 1 0
    outer loop
      vertex -19.4013 -15.1 8.9959
      vertex -17.4991 -15.1 5.8223
      vertex -17.9561 -15.1 5.56344
    endloop
  endfacet
  facet normal 0 1 0
    outer loop
      vertex -19.4013 -15.1 8.9959
      vertex -17.0554 -15.1 6.10328
      vertex -17.4991 -15.1 5.8223
    endloop
  endfacet
  facet normal 0 1 0
    outer loop
      vertex -18.8301 -15.1 9.37755
      vertex -16.626 -15.1 6.40568
      vertex -17.0554 -15.1 6.10328
    endloop
  endfacet
  facet normal 0 1 0
    outer loop
      vertex -18.8023 -15.1 9.39924
      vertex -16.212 -15.1 6.72879
      vertex -16.626 -15.1 6.40568
    endloop
  endfacet
  facet normal 0 1 0
    outer loop
      vertex -18.5592 -15.1 9.58893
      vertex -15.8143 -15.1 7.07182
      vertex -16.212 -15.1 6.72879
    endloop
  endfacet
  facet normal 0 1 0
    outer loop
      vertex -18.0503 -15.1 10.0503
      vertex -15.434 -15.1 7.43396
      vertex -15.8143 -15.1 7.07182
    endloop
  endfacet
  facet normal 0 1 0
    outer loop
      vertex -17.8133 -15.1 10.2991
      vertex -15.0718 -15.1 7.81432
      vertex -15.434 -15.1 7.43396
    endloop
  endfacet
  facet normal 0 1 0
    outer loop
      vertex -17.8133 -15.1 10.2991
      vertex -14.7288 -15.1 8.21199
      vertex -15.0718 -15.1 7.81432
    endloop
  endfacet
  facet normal 0 1 0
    outer loop
      vertex -17.3775 -15.1 10.8301
      vertex -14.4057 -15.1 8.62602
      vertex -14.7288 -15.1 8.21199
    endloop
  endfacet
  facet normal 0 1 0
    outer loop
      vertex -17.3775 -15.1 10.8301
      vertex -14.1033 -15.1 9.0554
      vertex -14.4057 -15.1 8.62602
    endloop
  endfacet
  facet normal 0 1 0
    outer loop
      vertex -16.9997 -15.1 11.3953
      vertex -13.8223 -15.1 9.4991
      vertex -14.1033 -15.1 9.0554
    endloop
  endfacet
  facet normal 0 1 0
    outer loop
      vertex -16.9997 -15.1 11.3953
      vertex -13.5634 -15.1 9.95605
      vertex -13.8223 -15.1 9.4991
    endloop
  endfacet
  facet normal 0 1 0
    outer loop
      vertex -16.9997 -15.1 11.3953
      vertex -13.3273 -15.1 10.4252
      vertex -13.5634 -15.1 9.95605
    endloop
  endfacet
  facet normal 0 1 0
    outer loop
      vertex -16.9997 -15.1 11.3953
      vertex -13.1145 -15.1 10.9053
      vertex -13.3273 -15.1 10.4252
    endloop
  endfacet
  facet normal -0 1 0
    outer loop
      vertex -16.9997 -15.1 11.3953
      vertex -12.9255 -15.1 11.3953
      vertex -13.1145 -15.1 10.9053
    endloop
  endfacet
  facet normal 0 1 0
    outer loop
      vertex -20.0071 -15.1 8.67207
      vertex -18.9053 -15.1 5.11449
      vertex -20.3212 -15.1 8.53284
    endloop
  endfacet
  facet normal 0 1 0
    outer loop
      vertex -19.7002 -15.1 8.82655
      vertex -17.9561 -15.1 5.56344
      vertex -20.0071 -15.1 8.67207
    endloop
  endfacet
  facet normal 0 1 0
    outer loop
      vertex -19.4013 -15.1 8.9959
      vertex -17.9561 -15.1 5.56344
      vertex -19.7002 -15.1 8.82655
    endloop
  endfacet
  facet normal 0 1 0
    outer loop
      vertex -19.111 -15.1 9.17971
      vertex -17.0554 -15.1 6.10328
      vertex -19.4013 -15.1 8.9959
    endloop
  endfacet
  facet normal 0 1 0
    outer loop
      vertex -18.8301 -15.1 9.37755
      vertex -17.0554 -15.1 6.10328
      vertex -19.111 -15.1 9.17971
    endloop
  endfacet
  facet normal 0 1 0
    outer loop
      vertex -18.8023 -15.1 9.39924
      vertex -16.626 -15.1 6.40568
      vertex -18.8301 -15.1 9.37755
    endloop
  endfacet
  facet normal 0 1 0
    outer loop
      vertex -18.5592 -15.1 9.58893
      vertex -16.212 -15.1 6.72879
      vertex -18.8023 -15.1 9.39924
    endloop
  endfacet
  facet normal 0 1 0
    outer loop
      vertex -18.2991 -15.1 9.81334
      vertex -15.8143 -15.1 7.07182
      vertex -18.5592 -15.1 9.58893
    endloop
  endfacet
  facet normal 0 1 0
    outer loop
      vertex -18.0503 -15.1 10.0503
      vertex -15.8143 -15.1 7.07182
      vertex -18.2991 -15.1 9.81334
    endloop
  endfacet
  facet normal 0 1 0
    outer loop
      vertex -17.8133 -15.1 10.2991
      vertex -15.434 -15.1 7.43396
      vertex -18.0503 -15.1 10.0503
    endloop
  endfacet
  facet normal 0 1 0
    outer loop
      vertex -17.5889 -15.1 10.5592
      vertex -14.7288 -15.1 8.21199
      vertex -17.8133 -15.1 10.2991
    endloop
  endfacet
  facet normal -0 1 0
    outer loop
      vertex -17.3775 -15.1 10.8301
      vertex -17.1797 -15.1 11.111
      vertex -14.1033 -15.1 9.0554
    endloop
  endfacet
  facet normal -0 1 0
    outer loop
      vertex -17.1797 -15.1 11.111
      vertex -16.9997 -15.1 11.3953
      vertex -14.1033 -15.1 9.0554
    endloop
  endfacet
  facet normal 0 1 0
    outer loop
      vertex -17.3775 -15.1 10.8301
      vertex -14.7288 -15.1 8.21199
      vertex -17.5889 -15.1 10.5592
    endloop
  endfacet
  facet normal 0 1 0
    outer loop
      vertex -20.3212 -15.1 8.53284
      vertex -18.9053 -15.1 5.11449
      vertex -20.6418 -15.1 8.40919
    endloop
  endfacet
  facet normal 0 1 0
    outer loop
      vertex -20.6418 -15.1 8.40919
      vertex -19.3953 -15.1 4.92548
      vertex -20.968 -15.1 8.30142
    endloop
  endfacet
  facet normal 0 1 0
    outer loop
      vertex -20.968 -15.1 8.30142
      vertex -20.4001 -15.1 4.62067
      vertex -21.2991 -15.1 8.20978
    endloop
  endfacet
  facet normal 0 1 0
    outer loop
      vertex -21.2991 -15.1 8.20978
      vertex -20.4001 -15.1 4.62067
      vertex -21.6344 -15.1 8.1345
    endloop
  endfacet
  facet normal 0 1 0
    outer loop
      vertex -21.6344 -15.1 8.1345
      vertex -21.43 -15.1 4.41581
      vertex -21.9729 -15.1 8.07576
    endloop
  endfacet
  facet normal 0 1 0
    outer loop
      vertex -21.9729 -15.1 8.07576
      vertex -21.9512 -15.1 4.35152
      vertex -22.3139 -15.1 8.03371
    endloop
  endfacet
  facet normal 0 1 0
    outer loop
      vertex -22.3139 -15.1 8.03371
      vertex -21.9512 -15.1 4.35152
      vertex -22.6565 -15.1 8.00843
    endloop
  endfacet
  facet normal 0 1 0
    outer loop
      vertex -22.6565 -15.1 8.00843
      vertex -22.475 -15.1 4.31289
      vertex -23 -15.1 8
    endloop
  endfacet
  facet normal 0 1 0
    outer loop
      vertex -23 -15.1 8
      vertex -23.525 -15.1 4.31289
      vertex -23.3435 -15.1 8.00843
    endloop
  endfacet
  facet normal 0 1 0
    outer loop
      vertex -23.3435 -15.1 8.00843
      vertex -23.525 -15.1 4.31289
      vertex -23.6861 -15.1 8.03371
    endloop
  endfacet
  facet normal 0 1 0
    outer loop
      vertex -23.6861 -15.1 8.03371
      vertex -24.0488 -15.1 4.35152
      vertex -24.0271 -15.1 8.07576
    endloop
  endfacet
  facet normal 0 1 0
    outer loop
      vertex -24.0271 -15.1 8.07576
      vertex -25.0875 -15.1 4.5056
      vertex -24.3656 -15.1 8.1345
    endloop
  endfacet
  facet normal 0 1 0
    outer loop
      vertex -24.3656 -15.1 8.1345
      vertex -25.0875 -15.1 4.5056
      vertex -24.7009 -15.1 8.20978
    endloop
  endfacet
  facet normal 0 1 0
    outer loop
      vertex -24.7009 -15.1 8.20978
      vertex -26.106 -15.1 4.76074
      vertex -25.032 -15.1 8.30142
    endloop
  endfacet
  facet normal 0 1 0
    outer loop
      vertex -25.032 -15.1 8.30142
      vertex -26.6047 -15.1 4.92548
      vertex -25.3582 -15.1 8.40919
    endloop
  endfacet
  facet normal 0 1 0
    outer loop
      vertex -25.3582 -15.1 8.40919
      vertex -26.6047 -15.1 4.92548
      vertex -25.6788 -15.1 8.53284
    endloop
  endfacet
  facet normal 0 1 0
    outer loop
      vertex -25.6788 -15.1 8.53284
      vertex -27.5748 -15.1 5.32731
      vertex -25.9929 -15.1 8.67207
    endloop
  endfacet
  facet normal 0 1 0
    outer loop
      vertex -25.9929 -15.1 8.67207
      vertex -27.5748 -15.1 5.32731
      vertex -26.2998 -15.1 8.82655
    endloop
  endfacet
  facet normal 0 1 0
    outer loop
      vertex -26.2998 -15.1 8.82655
      vertex -28.5009 -15.1 5.8223
      vertex -26.5987 -15.1 8.9959
    endloop
  endfacet
  facet normal 0 1 0
    outer loop
      vertex -26.5987 -15.1 8.9959
      vertex -28.9446 -15.1 6.10328
      vertex -26.889 -15.1 9.17971
    endloop
  endfacet
  facet normal 0 1 0
    outer loop
      vertex -26.889 -15.1 9.17971
      vertex -28.9446 -15.1 6.10328
      vertex -27.1699 -15.1 9.37755
    endloop
  endfacet
  facet normal 0 1 0
    outer loop
      vertex -27.1699 -15.1 9.37755
      vertex -29.374 -15.1 6.40568
      vertex -27.1977 -15.1 9.39924
    endloop
  endfacet
  facet normal 0 1 0
    outer loop
      vertex -27.4408 -15.1 9.58893
      vertex -29.788 -15.1 6.72879
      vertex -27.7009 -15.1 9.81334
    endloop
  endfacet
  facet normal 0 1 0
    outer loop
      vertex -27.7009 -15.1 9.81334
      vertex -30.566 -15.1 7.43396
      vertex -27.9497 -15.1 10.0503
    endloop
  endfacet
  facet normal 0 1 0
    outer loop
      vertex -27.9497 -15.1 10.0503
      vertex -30.566 -15.1 7.43396
      vertex -28.1867 -15.1 10.2991
    endloop
  endfacet
  facet normal 0 1 0
    outer loop
      vertex -28.1867 -15.1 10.2991
      vertex -31.2712 -15.1 8.21199
      vertex -28.4111 -15.1 10.5592
    endloop
  endfacet
  facet normal 0 1 0
    outer loop
      vertex -28.4111 -15.1 10.5592
      vertex -31.2712 -15.1 8.21199
      vertex -28.6225 -15.1 10.8301
    endloop
  endfacet
  facet normal 0 1 0
    outer loop
      vertex -28.6225 -15.1 10.8301
      vertex -31.8967 -15.1 9.0554
      vertex -28.8203 -15.1 11.111
    endloop
  endfacet
  facet normal 0 1 0
    outer loop
      vertex -28.8203 -15.1 11.111
      vertex -31.8967 -15.1 9.0554
      vertex -28.9852 -15.1 11.3715
    endloop
  endfacet
  facet normal -0 1 0
    outer loop
      vertex -25.5999 -15.1 4.62067
      vertex -24.7009 -15.1 8.20978
      vertex -25.0875 -15.1 4.5056
    endloop
  endfacet
  facet normal -0 1 0
    outer loop
      vertex -26.106 -15.1 4.76074
      vertex -24.7009 -15.1 8.20978
      vertex -25.5999 -15.1 4.62067
    endloop
  endfacet
  facet normal -0 1 0
    outer loop
      vertex -26.6047 -15.1 4.92548
      vertex -25.032 -15.1 8.30142
      vertex -26.106 -15.1 4.76074
    endloop
  endfacet
  facet normal -0 1 0
    outer loop
      vertex -27.0947 -15.1 5.11449
      vertex -25.6788 -15.1 8.53284
      vertex -26.6047 -15.1 4.92548
    endloop
  endfacet
  facet normal -0 1 0
    outer loop
      vertex -27.5748 -15.1 5.32731
      vertex -25.6788 -15.1 8.53284
      vertex -27.0947 -15.1 5.11449
    endloop
  endfacet
  facet normal -0 1 0
    outer loop
      vertex -28.0439 -15.1 5.56344
      vertex -26.2998 -15.1 8.82655
      vertex -27.5748 -15.1 5.32731
    endloop
  endfacet
  facet normal -0 1 0
    outer loop
      vertex -28.5009 -15.1 5.8223
      vertex -26.2998 -15.1 8.82655
      vertex -28.0439 -15.1 5.56344
    endloop
  endfacet
  facet normal -0 1 0
    outer loop
      vertex -28.9446 -15.1 6.10328
      vertex -26.5987 -15.1 8.9959
      vertex -28.5009 -15.1 5.8223
    endloop
  endfacet
  facet normal -0 1 0
    outer loop
      vertex -29.374 -15.1 6.40568
      vertex -27.1699 -15.1 9.37755
      vertex -28.9446 -15.1 6.10328
    endloop
  endfacet
  facet normal -0 1 0
    outer loop
      vertex -29.788 -15.1 6.72879
      vertex -27.1977 -15.1 9.39924
      vertex -29.374 -15.1 6.40568
    endloop
  endfacet
  facet normal -0 1 0
    outer loop
      vertex -30.1857 -15.1 7.07182
      vertex -27.7009 -15.1 9.81334
      vertex -29.788 -15.1 6.72879
    endloop
  endfacet
  facet normal -0 1 0
    outer loop
      vertex -30.566 -15.1 7.43396
      vertex -27.7009 -15.1 9.81334
      vertex -30.1857 -15.1 7.07182
    endloop
  endfacet
  facet normal -0 1 0
    outer loop
      vertex -30.9282 -15.1 7.81432
      vertex -28.1867 -15.1 10.2991
      vertex -30.566 -15.1 7.43396
    endloop
  endfacet
  facet normal -0 1 0
    outer loop
      vertex -31.2712 -15.1 8.21199
      vertex -28.1867 -15.1 10.2991
      vertex -30.9282 -15.1 7.81432
    endloop
  endfacet
  facet normal -0 1 0
    outer loop
      vertex -31.5943 -15.1 8.62602
      vertex -28.6225 -15.1 10.8301
      vertex -31.2712 -15.1 8.21199
    endloop
  endfacet
  facet normal -0 1 0
    outer loop
      vertex -31.8967 -15.1 9.0554
      vertex -28.6225 -15.1 10.8301
      vertex -31.5943 -15.1 8.62602
    endloop
  endfacet
  facet normal -0 1 0
    outer loop
      vertex -32.1777 -15.1 9.4991
      vertex -28.9852 -15.1 11.3715
      vertex -31.8967 -15.1 9.0554
    endloop
  endfacet
  facet normal -0 1 0
    outer loop
      vertex -32.4366 -15.1 9.95605
      vertex -29.0003 -15.1 11.3953
      vertex -32.1777 -15.1 9.4991
    endloop
  endfacet
  facet normal -0 1 0
    outer loop
      vertex -32.6727 -15.1 10.4252
      vertex -29.0003 -15.1 11.3953
      vertex -32.4366 -15.1 9.95605
    endloop
  endfacet
  facet normal -0 1 0
    outer loop
      vertex -32.8855 -15.1 10.9053
      vertex -29.0003 -15.1 11.3953
      vertex -32.6727 -15.1 10.4252
    endloop
  endfacet
  facet normal -0 1 0
    outer loop
      vertex -33.0745 -15.1 11.3953
      vertex -29.0003 -15.1 11.3953
      vertex -32.8855 -15.1 10.9053
    endloop
  endfacet
  facet normal 0 -1 0
    outer loop
      vertex -33.6485 15.1 13.9512
      vertex -33.5842 15.1 13.43
      vertex -33.3513 15.1 15
    endloop
  endfacet
  facet normal 0 -1 -0
    outer loop
      vertex -33.4665 15.1 15
      vertex -33.6485 15.1 13.9512
      vertex -33.3513 15.1 15
    endloop
  endfacet
  facet normal 0 1 -4.92786e-016
    outer loop
      vertex -12.9255 -15.1 15
      vertex -12.837 -15.1 15
      vertex -12.9255 -15.1 11.3953
    endloop
  endfacet
  facet normal 0 -1 0
    outer loop
      vertex -33.5842 15.1 13.43
      vertex -33.4944 15.1 12.9125
      vertex -33.2369 15.1 15
    endloop
  endfacet
  facet normal 0 -1 -0
    outer loop
      vertex -33.3513 15.1 15
      vertex -33.5842 15.1 13.43
      vertex -33.2369 15.1 15
    endloop
  endfacet
  facet normal 0 1 -4.92786e-016
    outer loop
      vertex -33.4296 -15.1 15
      vertex -33.0745 -15.1 11.3953
      vertex -33.5191 -15.1 15
    endloop
  endfacet
  facet normal 0 1 -4.92786e-016
    outer loop
      vertex -33.5191 -15.1 15
      vertex -33.0745 -15.1 11.3953
      vertex -33.6092 -15.1 15
    endloop
  endfacet
  facet normal 1.55404e-016 -1 4.0287e-016
    outer loop
      vertex -27.0947 15.1 5.11449
      vertex -26.6047 15.1 4.92548
      vertex -33.2393 15.1 11.894
    endloop
  endfacet
  facet normal 0.788346 1.45248e-016 0.615232
    outer loop
      vertex -31.5943 15.1 8.62602
      vertex -31.2712 -15.1 8.21199
      vertex -31.2712 15.1 8.21199
    endloop
  endfacet
  facet normal 0.788346 1.44751e-016 0.615232
    outer loop
      vertex -31.5943 15.1 8.62602
      vertex -31.5943 -15.1 8.62602
      vertex -31.2712 -15.1 8.21199
    endloop
  endfacet
  facet normal 0.975702 5.16244e-017 0.219101
    outer loop
      vertex -33.4944 15.1 12.9125
      vertex -33.3793 -15.1 12.4001
      vertex -33.3793 15.1 12.4001
    endloop
  endfacet
  facet normal 0.975702 5.15499e-017 0.219101
    outer loop
      vertex -33.4944 15.1 12.9125
      vertex -33.4944 -15.1 12.9125
      vertex -33.3793 -15.1 12.4001
    endloop
  endfacet
  facet normal 0 1 -4.92786e-016
    outer loop
      vertex -12.9255 -15.1 15
      vertex -12.9255 -15.1 11.3953
      vertex -13.014 -15.1 15
    endloop
  endfacet
  facet normal 6.8662e-015 1 8.46865e-016
    outer loop
      vertex -33.0745 -15.1 11.3953
      vertex -33.5842 -15.1 13.43
      vertex -33.6485 -15.1 13.9512
    endloop
  endfacet
  facet normal -6.43136e-014 -1 2.48085e-014
    outer loop
      vertex -12.9255 15.1 11.3953
      vertex -12.7607 15.1 11.894
      vertex -13.1145 15.1 10.9053
    endloop
  endfacet
  facet normal 0 1 -4.92786e-016
    outer loop
      vertex -12.3908 -15.1 15
      vertex -12.3 -15.1 15
      vertex -12.9255 -15.1 11.3953
    endloop
  endfacet
  facet normal -0.0735646 2.34716e-016 0.99729
    outer loop
      vertex -22.475 15.1 4.31289
      vertex -21.9512 -15.1 4.35152
      vertex -21.9512 15.1 4.35152
    endloop
  endfacet
  facet normal -0.0735646 2.34642e-016 0.99729
    outer loop
      vertex -22.475 15.1 4.31289
      vertex -22.475 -15.1 4.31289
      vertex -21.9512 -15.1 4.35152
    endloop
  endfacet
  facet normal -1.55404e-016 -1 4.0287e-016
    outer loop
      vertex -18.9053 15.1 5.11449
      vertex -12.7607 15.1 11.894
      vertex -19.3953 15.1 4.92548
    endloop
  endfacet
  facet normal -6.8662e-015 1 8.46865e-016
    outer loop
      vertex -12.3515 -15.1 13.9512
      vertex -12.4158 -15.1 13.43
      vertex -12.9255 -15.1 11.3953
    endloop
  endfacet
  facet normal 0 1 -4.92786e-016
    outer loop
      vertex -33.0745 -15.1 15
      vertex -33.0745 -15.1 11.3953
      vertex -33.163 -15.1 15
    endloop
  endfacet
  facet normal 0 1 -4.92786e-016
    outer loop
      vertex -33.0745 -15.1 15
      vertex -32.986 -15.1 15
      vertex -33.0745 -15.1 11.3953
    endloop
  endfacet
  facet normal 0 1 -4.92786e-016
    outer loop
      vertex -33.3404 -15.1 15
      vertex -33.0745 -15.1 11.3953
      vertex -33.4296 -15.1 15
    endloop
  endfacet
  facet normal 0 1 -4.92786e-016
    outer loop
      vertex -33.2516 -15.1 15
      vertex -33.0745 -15.1 11.3953
      vertex -33.3404 -15.1 15
    endloop
  endfacet
  facet normal 0.266713 2.27497e-016 0.963776
    outer loop
      vertex -26.106 15.1 4.76074
      vertex -25.5999 -15.1 4.62067
      vertex -25.5999 15.1 4.62067
    endloop
  endfacet
  facet normal 0.266713 2.26756e-016 0.963776
    outer loop
      vertex -26.106 15.1 4.76074
      vertex -26.106 -15.1 4.76074
      vertex -25.5999 -15.1 4.62067
    endloop
  endfacet
  facet normal 9.52832e-017 -1 3.44309e-016
    outer loop
      vertex -26.106 15.1 4.76074
      vertex -25.5999 15.1 4.62067
      vertex -33.2393 15.1 11.894
    endloop
  endfacet
  facet normal 0.359895 2.19623e-016 0.932993
    outer loop
      vertex -27.0947 15.1 5.11449
      vertex -26.6047 -15.1 4.92548
      vertex -26.6047 15.1 4.92548
    endloop
  endfacet
  facet normal 0.359895 2.19514e-016 0.932993
    outer loop
      vertex -27.0947 15.1 5.11449
      vertex -27.0947 -15.1 5.11449
      vertex -26.6047 -15.1 4.92548
    endloop
  endfacet
  facet normal 3.66273e-016 -1 5.78408e-016
    outer loop
      vertex -28.9446 15.1 6.10328
      vertex -28.5009 15.1 5.8223
      vertex -33.2393 15.1 11.894
    endloop
  endfacet
  facet normal 3.90444e-015 -1 2.47246e-015
    outer loop
      vertex -32.1777 15.1 9.4991
      vertex -31.8967 15.1 9.0554
      vertex -33.2393 15.1 11.894
    endloop
  endfacet
  facet normal 0.949528 7.34992e-017 0.313682
    outer loop
      vertex -33.2393 -15.1 11.894
      vertex -33.0745 -15.1 11.3953
      vertex -33.0745 15.1 11.3953
    endloop
  endfacet
  facet normal 0.949528 7.38027e-017 0.313682
    outer loop
      vertex -33.2393 15.1 11.894
      vertex -33.2393 -15.1 11.894
      vertex -33.0745 15.1 11.3953
    endloop
  endfacet
  facet normal 0.99248 2.88747e-017 0.122411
    outer loop
      vertex -33.6485 15.1 13.9512
      vertex -33.5842 -15.1 13.43
      vertex -33.5842 15.1 13.43
    endloop
  endfacet
  facet normal 0.99248 2.88007e-017 0.122411
    outer loop
      vertex -33.6485 15.1 13.9512
      vertex -33.6485 -15.1 13.9512
      vertex -33.5842 -15.1 13.43
    endloop
  endfacet
  facet normal 4.60891e-015 1 3.39974e-016
    outer loop
      vertex -33.0745 -15.1 11.3953
      vertex -33.6485 -15.1 13.9512
      vertex -33.6871 -15.1 14.475
    endloop
  endfacet
  facet normal 0 1 -4.92786e-016
    outer loop
      vertex -12.837 -15.1 15
      vertex -12.7484 -15.1 15
      vertex -12.9255 -15.1 11.3953
    endloop
  endfacet
  facet normal 0 1 -4.92786e-016
    outer loop
      vertex -12.7484 -15.1 15
      vertex -12.6596 -15.1 15
      vertex -12.9255 -15.1 11.3953
    endloop
  endfacet
  facet normal -1.12924e-015 -1 1.07513e-015
    outer loop
      vertex -15.0718 15.1 7.81432
      vertex -12.7607 15.1 11.894
      vertex -15.434 15.1 7.43396
    endloop
  endfacet
  facet normal 0 -1 0
    outer loop
      vertex -12.9899 15.1 15
      vertex -12.7607 15.1 11.894
      vertex -12.6207 15.1 12.4001
    endloop
  endfacet
  facet normal -0 -1 -0
    outer loop
      vertex -12.8767 15.1 15
      vertex -12.9899 15.1 15
      vertex -12.6207 15.1 12.4001
    endloop
  endfacet
  facet normal -1.94144e-016 -1 4.37982e-016
    outer loop
      vertex -18.4252 15.1 5.32731
      vertex -12.7607 15.1 11.894
      vertex -18.9053 15.1 5.11449
    endloop
  endfacet
  facet normal -5.15958e-017 -1 2.97354e-016
    outer loop
      vertex -20.9125 15.1 4.5056
      vertex -12.7607 15.1 11.894
      vertex -21.43 15.1 4.41581
    endloop
  endfacet
  facet normal -0.449611 1.83887e-016 0.893224
    outer loop
      vertex -17.9561 -15.1 5.56344
      vertex -17.9561 15.1 5.56344
      vertex -18.4252 15.1 5.32731
    endloop
  endfacet
  facet normal 5.93892e-018 -1 2.41925e-016
    outer loop
      vertex -23.525 15.1 4.31289
      vertex -23 15.1 4.3
      vertex -33.2393 15.1 11.894
    endloop
  endfacet
  facet normal 7.17718e-017 -1 3.19615e-016
    outer loop
      vertex -25.5999 15.1 4.62067
      vertex -25.0875 15.1 4.5056
      vertex -33.2393 15.1 11.894
    endloop
  endfacet
  facet normal 2.9707e-016 -1 5.24401e-016
    outer loop
      vertex -28.5009 15.1 5.8223
      vertex -28.0439 15.1 5.56344
      vertex -33.2393 15.1 11.894
    endloop
  endfacet
  facet normal 0.689541 1.491e-016 0.724247
    outer loop
      vertex -30.1857 -15.1 7.07182
      vertex -30.1857 15.1 7.07182
      vertex -30.566 15.1 7.43396
    endloop
  endfacet
  facet normal 2.70539e-015 -1 1.90535e-015
    outer loop
      vertex -31.8967 15.1 9.0554
      vertex -31.5943 15.1 8.62602
      vertex -33.2393 15.1 11.894
    endloop
  endfacet
  facet normal 0.724247 1.41748e-016 0.689541
    outer loop
      vertex -30.566 15.1 7.43396
      vertex -30.9282 15.1 7.81432
      vertex -30.9282 -15.1 7.81432
    endloop
  endfacet
  facet normal 2.10232e-014 -1 9.31893e-015
    outer loop
      vertex -32.8855 15.1 10.9053
      vertex -32.6727 15.1 10.4252
      vertex -33.2393 15.1 11.894
    endloop
  endfacet
  facet normal 1.02827e-014 -1 5.17587e-015
    outer loop
      vertex -32.6727 15.1 10.4252
      vertex -32.4366 15.1 9.95605
      vertex -33.2393 15.1 11.894
    endloop
  endfacet
  facet normal 0.963776 6.21243e-017 0.266713
    outer loop
      vertex -33.3793 15.1 12.4001
      vertex -33.2393 -15.1 11.894
      vertex -33.2393 15.1 11.894
    endloop
  endfacet
  facet normal 0.963776 6.27519e-017 0.266713
    outer loop
      vertex -33.3793 15.1 12.4001
      vertex -33.3793 -15.1 12.4001
      vertex -33.2393 -15.1 11.894
    endloop
  endfacet
  facet normal 6.64356e-014 1 1.83852e-014
    outer loop
      vertex -33.0745 -15.1 11.3953
      vertex -33.2393 -15.1 11.894
      vertex -33.3793 -15.1 12.4001
    endloop
  endfacet
  facet normal 0.985278 4.02496e-017 0.170962
    outer loop
      vertex -33.5842 15.1 13.43
      vertex -33.4944 -15.1 12.9125
      vertex -33.4944 15.1 12.9125
    endloop
  endfacet
  facet normal 0.985278 4.02238e-017 0.170962
    outer loop
      vertex -33.5842 15.1 13.43
      vertex -33.5842 -15.1 13.43
      vertex -33.4944 -15.1 12.9125
    endloop
  endfacet
  facet normal 1.13424e-014 1 1.96809e-015
    outer loop
      vertex -33.0745 -15.1 11.3953
      vertex -33.4944 -15.1 12.9125
      vertex -33.5842 -15.1 13.43
    endloop
  endfacet
  facet normal 0 -1 0
    outer loop
      vertex -33.2393 15.1 11.894
      vertex -29.271 15.1 11.894
      vertex -29.3279 15.1 12.0071
    endloop
  endfacet
  facet normal 0 -1 -0
    outer loop
      vertex -29.4672 15.1 12.3212
      vertex -33.2393 15.1 11.894
      vertex -29.3279 15.1 12.0071
    endloop
  endfacet
  facet normal 0 -1 -0
    outer loop
      vertex -29.5908 15.1 12.6418
      vertex -33.2393 15.1 11.894
      vertex -29.4672 15.1 12.3212
    endloop
  endfacet
  facet normal 0 -1 -0
    outer loop
      vertex -29.6986 15.1 12.968
      vertex -33.2393 15.1 11.894
      vertex -29.5908 15.1 12.6418
    endloop
  endfacet
  facet normal 0 -1 -0
    outer loop
      vertex -29.7902 15.1 13.2991
      vertex -33.2393 15.1 11.894
      vertex -29.6986 15.1 12.968
    endloop
  endfacet
  facet normal 0 -1 -0
    outer loop
      vertex -29.8655 15.1 13.6344
      vertex -33.2393 15.1 11.894
      vertex -29.7902 15.1 13.2991
    endloop
  endfacet
  facet normal -0 -1 -0
    outer loop
      vertex -29.9242 15.1 13.9729
      vertex -33.0101 15.1 15
      vertex -29.8655 15.1 13.6344
    endloop
  endfacet
  facet normal -0 -1 -0
    outer loop
      vertex -29.9663 15.1 14.3139
      vertex -33.0101 15.1 15
      vertex -29.9242 15.1 13.9729
    endloop
  endfacet
  facet normal -0 -1 -0
    outer loop
      vertex -29.9916 15.1 14.6565
      vertex -33.0101 15.1 15
      vertex -29.9663 15.1 14.3139
    endloop
  endfacet
  facet normal -0 -1 -0
    outer loop
      vertex -30 15.1 15
      vertex -33.0101 15.1 15
      vertex -29.9916 15.1 14.6565
    endloop
  endfacet
  facet normal 0 -1 0
    outer loop
      vertex -33.2393 15.1 11.894
      vertex -29.8655 15.1 13.6344
      vertex -33.0101 15.1 15
    endloop
  endfacet
  facet normal 0 -1 0
    outer loop
      vertex -16.3014 15.1 12.968
      vertex -12.7607 15.1 11.894
      vertex -16.2285 15.1 13.2316
    endloop
  endfacet
  facet normal 0 -1 -0
    outer loop
      vertex -16.3014 15.1 12.968
      vertex -16.4092 15.1 12.6418
      vertex -12.7607 15.1 11.894
    endloop
  endfacet
  facet normal 0 -1 0
    outer loop
      vertex -16.5328 15.1 12.3212
      vertex -12.7607 15.1 11.894
      vertex -16.4092 15.1 12.6418
    endloop
  endfacet
  facet normal 0 -1 0
    outer loop
      vertex -16.6721 15.1 12.0071
      vertex -12.7607 15.1 11.894
      vertex -16.5328 15.1 12.3212
    endloop
  endfacet
  facet normal 0 -1 0
    outer loop
      vertex -16.729 15.1 11.894
      vertex -12.7607 15.1 11.894
      vertex -16.6721 15.1 12.0071
    endloop
  endfacet
  facet normal 0.99729 1.72811e-017 0.0735646
    outer loop
      vertex -33.6871 15.1 14.475
      vertex -33.6485 -15.1 13.9512
      vertex -33.6485 15.1 13.9512
    endloop
  endfacet
  facet normal 0.99729 1.73082e-017 0.0735646
    outer loop
      vertex -33.6871 15.1 14.475
      vertex -33.6871 -15.1 14.475
      vertex -33.6485 -15.1 13.9512
    endloop
  endfacet
  facet normal -3.308e-015 1 8.12069e-017
    outer loop
      vertex -12.3129 -15.1 14.475
      vertex -12.9255 -15.1 11.3953
      vertex -12.3 -15.1 15
    endloop
  endfacet
  facet normal -0.985278 4.02496e-017 0.170962
    outer loop
      vertex -12.5056 -15.1 12.9125
      vertex -12.4158 -15.1 13.43
      vertex -12.4158 15.1 13.43
    endloop
  endfacet
  facet normal -0.985278 4.02238e-017 0.170962
    outer loop
      vertex -12.5056 15.1 12.9125
      vertex -12.5056 -15.1 12.9125
      vertex -12.4158 15.1 13.43
    endloop
  endfacet
  facet normal -6.64356e-014 1 1.83852e-014
    outer loop
      vertex -12.6207 -15.1 12.4001
      vertex -12.7607 -15.1 11.894
      vertex -12.9255 -15.1 11.3953
    endloop
  endfacet
  facet normal -0.359895 2.19623e-016 0.932993
    outer loop
      vertex -19.3953 15.1 4.92548
      vertex -18.9053 -15.1 5.11449
      vertex -18.9053 15.1 5.11449
    endloop
  endfacet
  facet normal -0.359895 2.19514e-016 0.932993
    outer loop
      vertex -19.3953 15.1 4.92548
      vertex -19.3953 -15.1 4.92548
      vertex -18.9053 -15.1 5.11449
    endloop
  endfacet
  facet normal -3.41857e-017 -1 2.77171e-016
    outer loop
      vertex -21.43 15.1 4.41581
      vertex -12.7607 15.1 11.894
      vertex -21.9512 15.1 4.35152
    endloop
  endfacet
  facet normal -7.17718e-017 -1 3.19615e-016
    outer loop
      vertex -20.4001 15.1 4.62067
      vertex -12.7607 15.1 11.894
      vertex -20.9125 15.1 4.5056
    endloop
  endfacet
  facet normal -0.870087 8.6624e-017 0.492898
    outer loop
      vertex -13.5634 15.1 9.95605
      vertex -13.8223 15.1 9.4991
      vertex -13.8223 -15.1 9.4991
    endloop
  endfacet
  facet normal -5.60844e-016 -1 7.18655e-016
    outer loop
      vertex -16.212 15.1 6.72879
      vertex -12.7607 15.1 11.894
      vertex -16.626 15.1 6.40568
    endloop
  endfacet
  facet normal -8.83205e-016 -1 9.27659e-016
    outer loop
      vertex -15.434 15.1 7.43396
      vertex -12.7607 15.1 11.894
      vertex -15.8143 15.1 7.07182
    endloop
  endfacet
  facet normal 0 1 -4.92786e-016
    outer loop
      vertex -12.6596 -15.1 15
      vertex -12.5704 -15.1 15
      vertex -12.9255 -15.1 11.3953
    endloop
  endfacet
  facet normal 0 -1 9.16919e-015
    outer loop
      vertex -16.729 15.1 11.894
      vertex -16.8266 15.1 11.7002
      vertex -12.7607 15.1 11.894
    endloop
  endfacet
  facet normal 4.49021e-016 -1 -2.54367e-016
    outer loop
      vertex -16.8266 15.1 11.7002
      vertex -16.9959 15.1 11.4013
      vertex -12.7607 15.1 11.894
    endloop
  endfacet
  facet normal 4.52785e-016 -1 -2.86723e-016
    outer loop
      vertex -16.9959 15.1 11.4013
      vertex -17.1797 15.1 11.111
      vertex -12.7607 15.1 11.894
    endloop
  endfacet
  facet normal 4.59296e-016 -1 -3.23473e-016
    outer loop
      vertex -17.1797 15.1 11.111
      vertex -17.3775 15.1 10.8301
      vertex -12.7607 15.1 11.894
    endloop
  endfacet
  facet normal 4.6912e-016 -1 -3.66105e-016
    outer loop
      vertex -17.3775 15.1 10.8301
      vertex -17.5889 15.1 10.5592
      vertex -12.7607 15.1 11.894
    endloop
  endfacet
  facet normal 6.24403e-016 -1 -8.00098e-016
    outer loop
      vertex -18.8301 15.1 9.37755
      vertex -12.7607 15.1 11.894
      vertex -18.587 15.1 9.56723
    endloop
  endfacet
  facet normal 4.83118e-016 -1 -4.1674e-016
    outer loop
      vertex -17.5889 15.1 10.5592
      vertex -17.8133 15.1 10.2991
      vertex -12.7607 15.1 11.894
    endloop
  endfacet
  facet normal 4.4378e-016 -1 -3.64451e-016
    outer loop
      vertex -18.8301 15.1 9.37755
      vertex -23 15.1 4.3
      vertex -12.7607 15.1 11.894
    endloop
  endfacet
  facet normal 5.02624e-016 -1 -4.78538e-016
    outer loop
      vertex -18.0503 15.1 10.0503
      vertex -12.7607 15.1 11.894
      vertex -17.8133 15.1 10.2991
    endloop
  endfacet
  facet normal 5.29779e-016 -1 -5.56444e-016
    outer loop
      vertex -18.2991 15.1 9.81334
      vertex -12.7607 15.1 11.894
      vertex -18.0503 15.1 10.0503
    endloop
  endfacet
  facet normal 5.6819e-016 -1 -6.5869e-016
    outer loop
      vertex -18.5592 15.1 9.58893
      vertex -12.7607 15.1 11.894
      vertex -18.2991 15.1 9.81334
    endloop
  endfacet
  facet normal 6.24403e-016 -1 -8.00098e-016
    outer loop
      vertex -18.587 15.1 9.56723
      vertex -12.7607 15.1 11.894
      vertex -18.5592 15.1 9.58893
    endloop
  endfacet
  facet normal 0 -1 -0
    outer loop
      vertex -19.111 15.1 9.17971
      vertex -23 15.1 4.3
      vertex -18.8301 15.1 9.37755
    endloop
  endfacet
  facet normal 0 -1 -0
    outer loop
      vertex -19.4013 15.1 8.9959
      vertex -23 15.1 4.3
      vertex -19.111 15.1 9.17971
    endloop
  endfacet
  facet normal 0 -1 -0
    outer loop
      vertex -19.7002 15.1 8.82655
      vertex -23 15.1 4.3
      vertex -19.4013 15.1 8.9959
    endloop
  endfacet
  facet normal 0 -1 -0
    outer loop
      vertex -20.0071 15.1 8.67207
      vertex -23 15.1 4.3
      vertex -19.7002 15.1 8.82655
    endloop
  endfacet
  facet normal 0 -1 -0
    outer loop
      vertex -20.3212 15.1 8.53284
      vertex -23 15.1 4.3
      vertex -20.0071 15.1 8.67207
    endloop
  endfacet
  facet normal 0 -1 -0
    outer loop
      vertex -20.6418 15.1 8.40919
      vertex -23 15.1 4.3
      vertex -20.3212 15.1 8.53284
    endloop
  endfacet
  facet normal 0 -1 -0
    outer loop
      vertex -20.968 15.1 8.30142
      vertex -23 15.1 4.3
      vertex -20.6418 15.1 8.40919
    endloop
  endfacet
  facet normal 0 -1 -0
    outer loop
      vertex -21.2991 15.1 8.20978
      vertex -23 15.1 4.3
      vertex -20.968 15.1 8.30142
    endloop
  endfacet
  facet normal 0 -1 -0
    outer loop
      vertex -21.6344 15.1 8.1345
      vertex -23 15.1 4.3
      vertex -21.2991 15.1 8.20978
    endloop
  endfacet
  facet normal 0 -1 -0
    outer loop
      vertex -21.9729 15.1 8.07576
      vertex -23 15.1 4.3
      vertex -21.6344 15.1 8.1345
    endloop
  endfacet
  facet normal 0 -1 -0
    outer loop
      vertex -22.3139 15.1 8.03371
      vertex -23 15.1 4.3
      vertex -21.9729 15.1 8.07576
    endloop
  endfacet
  facet normal 0 -1 -0
    outer loop
      vertex -22.6565 15.1 8.00843
      vertex -23 15.1 4.3
      vertex -22.3139 15.1 8.03371
    endloop
  endfacet
  facet normal 0 -1 0
    outer loop
      vertex -23 15.1 8
      vertex -23 15.1 4.3
      vertex -22.6565 15.1 8.00843
    endloop
  endfacet
  facet normal 0 -1 0
    outer loop
      vertex -23.3435 15.1 8.00843
      vertex -23 15.1 4.3
      vertex -23 15.1 8
    endloop
  endfacet
  facet normal 0 -1 0
    outer loop
      vertex -23.6861 15.1 8.03371
      vertex -23 15.1 4.3
      vertex -23.3435 15.1 8.00843
    endloop
  endfacet
  facet normal 0 -1 0
    outer loop
      vertex -24.0271 15.1 8.07576
      vertex -23 15.1 4.3
      vertex -23.6861 15.1 8.03371
    endloop
  endfacet
  facet normal 0 -1 0
    outer loop
      vertex -24.3656 15.1 8.1345
      vertex -23 15.1 4.3
      vertex -24.0271 15.1 8.07576
    endloop
  endfacet
  facet normal 0 -1 0
    outer loop
      vertex -24.7009 15.1 8.20978
      vertex -23 15.1 4.3
      vertex -24.3656 15.1 8.1345
    endloop
  endfacet
  facet normal 0 -1 0
    outer loop
      vertex -25.032 15.1 8.30142
      vertex -23 15.1 4.3
      vertex -24.7009 15.1 8.20978
    endloop
  endfacet
  facet normal 0 -1 0
    outer loop
      vertex -25.3582 15.1 8.40919
      vertex -23 15.1 4.3
      vertex -25.032 15.1 8.30142
    endloop
  endfacet
  facet normal 0 -1 0
    outer loop
      vertex -25.6788 15.1 8.53284
      vertex -23 15.1 4.3
      vertex -25.3582 15.1 8.40919
    endloop
  endfacet
  facet normal 0 -1 0
    outer loop
      vertex -25.9929 15.1 8.67207
      vertex -23 15.1 4.3
      vertex -25.6788 15.1 8.53284
    endloop
  endfacet
  facet normal 0 -1 0
    outer loop
      vertex -26.2998 15.1 8.82655
      vertex -23 15.1 4.3
      vertex -25.9929 15.1 8.67207
    endloop
  endfacet
  facet normal 0 -1 0
    outer loop
      vertex -26.5987 15.1 8.9959
      vertex -23 15.1 4.3
      vertex -26.2998 15.1 8.82655
    endloop
  endfacet
  facet normal 0 -1 0
    outer loop
      vertex -26.889 15.1 9.17971
      vertex -23 15.1 4.3
      vertex -26.5987 15.1 8.9959
    endloop
  endfacet
  facet normal 0 -1 0
    outer loop
      vertex -27.1699 15.1 9.37755
      vertex -23 15.1 4.3
      vertex -26.889 15.1 9.17971
    endloop
  endfacet
  facet normal -4.4378e-016 -1 -3.64451e-016
    outer loop
      vertex -33.2393 15.1 11.894
      vertex -23 15.1 4.3
      vertex -27.1699 15.1 9.37755
    endloop
  endfacet
  facet normal -6.24403e-016 -1 -8.00098e-016
    outer loop
      vertex -33.2393 15.1 11.894
      vertex -27.1699 15.1 9.37755
      vertex -27.413 15.1 9.56723
    endloop
  endfacet
  facet normal -6.24403e-016 -1 -8.00098e-016
    outer loop
      vertex -33.2393 15.1 11.894
      vertex -27.413 15.1 9.56723
      vertex -27.4408 15.1 9.58893
    endloop
  endfacet
  facet normal -5.6819e-016 -1 -6.5869e-016
    outer loop
      vertex -33.2393 15.1 11.894
      vertex -27.4408 15.1 9.58893
      vertex -27.7009 15.1 9.81334
    endloop
  endfacet
  facet normal -5.29779e-016 -1 -5.56444e-016
    outer loop
      vertex -33.2393 15.1 11.894
      vertex -27.7009 15.1 9.81334
      vertex -27.9497 15.1 10.0503
    endloop
  endfacet
  facet normal -5.02624e-016 -1 -4.78538e-016
    outer loop
      vertex -33.2393 15.1 11.894
      vertex -27.9497 15.1 10.0503
      vertex -28.1867 15.1 10.2991
    endloop
  endfacet
  facet normal -4.83118e-016 -1 -4.1674e-016
    outer loop
      vertex -33.2393 15.1 11.894
      vertex -28.1867 15.1 10.2991
      vertex -28.4111 15.1 10.5592
    endloop
  endfacet
  facet normal -4.6912e-016 -1 -3.66105e-016
    outer loop
      vertex -33.2393 15.1 11.894
      vertex -28.4111 15.1 10.5592
      vertex -28.6225 15.1 10.8301
    endloop
  endfacet
  facet normal -4.59296e-016 -1 -3.23473e-016
    outer loop
      vertex -33.2393 15.1 11.894
      vertex -28.6225 15.1 10.8301
      vertex -28.8203 15.1 11.111
    endloop
  endfacet
  facet normal -4.52785e-016 -1 -2.86723e-016
    outer loop
      vertex -33.2393 15.1 11.894
      vertex -28.8203 15.1 11.111
      vertex -28.8392 15.1 11.1408
    endloop
  endfacet
  facet normal -4.52785e-016 -1 -2.86723e-016
    outer loop
      vertex -33.2393 15.1 11.894
      vertex -28.8392 15.1 11.1408
      vertex -29.0041 15.1 11.4013
    endloop
  endfacet
  facet normal -4.49021e-016 -1 -2.54367e-016
    outer loop
      vertex -33.2393 15.1 11.894
      vertex -29.0041 15.1 11.4013
      vertex -29.1561 15.1 11.6695
    endloop
  endfacet
  facet normal 4.10447e-030 -1 9.16919e-015
    outer loop
      vertex -29.271 15.1 11.894
      vertex -33.2393 15.1 11.894
      vertex -29.1734 15.1 11.7002
    endloop
  endfacet
  facet normal -4.49021e-016 -1 -2.54367e-016
    outer loop
      vertex -33.2393 15.1 11.894
      vertex -29.1561 15.1 11.6695
      vertex -29.1734 15.1 11.7002
    endloop
  endfacet
  facet normal -5.93892e-018 -1 2.41925e-016
    outer loop
      vertex -22.475 15.1 4.31289
      vertex -12.7607 15.1 11.894
      vertex -23 15.1 4.3
    endloop
  endfacet
  facet normal 1.22852e-016 -1 3.71878e-016
    outer loop
      vertex -26.6047 15.1 4.92548
      vertex -26.106 15.1 4.76074
      vertex -33.2393 15.1 11.894
    endloop
  endfacet
  facet normal 0.575808 1.67998e-016 0.817585
    outer loop
      vertex -29.374 15.1 6.40568
      vertex -28.9446 -15.1 6.10328
      vertex -28.9446 15.1 6.10328
    endloop
  endfacet
  facet normal 0.575808 1.68316e-016 0.817585
    outer loop
      vertex -29.374 15.1 6.40568
      vertex -29.374 -15.1 6.40568
      vertex -28.9446 -15.1 6.10328
    endloop
  endfacet
  facet normal 4.5229e-016 -1 6.42203e-016
    outer loop
      vertex -29.374 15.1 6.40568
      vertex -28.9446 15.1 6.10328
      vertex -33.2393 15.1 11.894
    endloop
  endfacet
  facet normal 1.94144e-016 -1 4.37982e-016
    outer loop
      vertex -27.5748 15.1 5.32731
      vertex -27.0947 15.1 5.11449
      vertex -33.2393 15.1 11.894
    endloop
  endfacet
  facet normal 0.615232 1.62748e-016 0.788346
    outer loop
      vertex -29.788 15.1 6.72879
      vertex -29.374 -15.1 6.40568
      vertex -29.374 15.1 6.40568
    endloop
  endfacet
  facet normal 0.615232 1.62296e-016 0.788346
    outer loop
      vertex -29.788 15.1 6.72879
      vertex -29.788 -15.1 6.72879
      vertex -29.374 -15.1 6.40568
    endloop
  endfacet
  facet normal 0.724247 1.41955e-016 0.689541
    outer loop
      vertex -30.566 -15.1 7.43396
      vertex -30.566 15.1 7.43396
      vertex -30.9282 -15.1 7.81432
    endloop
  endfacet
  facet normal 0.689541 1.48748e-016 0.724247
    outer loop
      vertex -30.1857 -15.1 7.07182
      vertex -30.566 15.1 7.43396
      vertex -30.566 -15.1 7.43396
    endloop
  endfacet
  facet normal 0.893224 1.05874e-016 0.449611
    outer loop
      vertex -32.6727 15.1 10.4252
      vertex -32.4366 -15.1 9.95605
      vertex -32.4366 15.1 9.95605
    endloop
  endfacet
  facet normal 0.893224 1.05784e-016 0.449611
    outer loop
      vertex -32.6727 15.1 10.4252
      vertex -32.6727 -15.1 10.4252
      vertex -32.4366 -15.1 9.95605
    endloop
  endfacet
  facet normal 6.43136e-014 -1 2.48085e-014
    outer loop
      vertex -33.0745 15.1 11.3953
      vertex -32.8855 15.1 10.9053
      vertex -33.2393 15.1 11.894
    endloop
  endfacet
  facet normal 0.870087 8.69765e-017 0.492898
    outer loop
      vertex -32.1777 -15.1 9.4991
      vertex -32.1777 15.1 9.4991
      vertex -32.4366 15.1 9.95605
    endloop
  endfacet
  facet normal 6.01946e-015 -1 3.40998e-015
    outer loop
      vertex -32.4366 15.1 9.95605
      vertex -32.1777 15.1 9.4991
      vertex -33.2393 15.1 11.894
    endloop
  endfacet
  facet normal 0 -1 0
    outer loop
      vertex -33.3793 15.1 12.4001
      vertex -33.2393 15.1 11.894
      vertex -33.0101 15.1 15
    endloop
  endfacet
  facet normal 0 -1 -0
    outer loop
      vertex -33.1233 15.1 15
      vertex -33.3793 15.1 12.4001
      vertex -33.0101 15.1 15
    endloop
  endfacet
  facet normal 0 -1 0
    outer loop
      vertex -33.4944 15.1 12.9125
      vertex -33.3793 15.1 12.4001
      vertex -33.1233 15.1 15
    endloop
  endfacet
  facet normal 0 -1 -0
    outer loop
      vertex -33.2369 15.1 15
      vertex -33.4944 15.1 12.9125
      vertex -33.1233 15.1 15
    endloop
  endfacet
  facet normal 0 -1 0
    outer loop
      vertex -16.1345 15.1 13.6344
      vertex -12.7607 15.1 11.894
      vertex -12.9899 15.1 15
    endloop
  endfacet
  facet normal 0 -1 -0
    outer loop
      vertex -16 15.1 15
      vertex -16.0084 15.1 14.6565
      vertex -12.9899 15.1 15
    endloop
  endfacet
  facet normal 0 -1 0
    outer loop
      vertex -16.0337 15.1 14.3139
      vertex -12.9899 15.1 15
      vertex -16.0084 15.1 14.6565
    endloop
  endfacet
  facet normal 0 -1 0
    outer loop
      vertex -16.0758 15.1 13.9729
      vertex -12.9899 15.1 15
      vertex -16.0337 15.1 14.3139
    endloop
  endfacet
  facet normal 0 -1 0
    outer loop
      vertex -16.1345 15.1 13.6344
      vertex -12.9899 15.1 15
      vertex -16.0758 15.1 13.9729
    endloop
  endfacet
  facet normal 0 -1 0
    outer loop
      vertex -16.2098 15.1 13.2991
      vertex -12.7607 15.1 11.894
      vertex -16.1345 15.1 13.6344
    endloop
  endfacet
  facet normal 0 -1 0
    outer loop
      vertex -16.2285 15.1 13.2316
      vertex -12.7607 15.1 11.894
      vertex -16.2098 15.1 13.2991
    endloop
  endfacet
  facet normal -0.91421 9.53739e-017 0.405241
    outer loop
      vertex -13.3273 -15.1 10.4252
      vertex -13.1145 -15.1 10.9053
      vertex -13.1145 15.1 10.9053
    endloop
  endfacet
  facet normal -0.91421 9.53448e-017 0.405241
    outer loop
      vertex -13.3273 15.1 10.4252
      vertex -13.3273 -15.1 10.4252
      vertex -13.1145 15.1 10.9053
    endloop
  endfacet
  facet normal 0 -1 0
    outer loop
      vertex -12.7631 15.1 15
      vertex -12.5056 15.1 12.9125
      vertex -12.4158 15.1 13.43
    endloop
  endfacet
  facet normal -0 -1 -0
    outer loop
      vertex -12.6487 15.1 15
      vertex -12.7631 15.1 15
      vertex -12.4158 15.1 13.43
    endloop
  endfacet
  facet normal -0.99729 1.72811e-017 0.0735646
    outer loop
      vertex -12.3515 -15.1 13.9512
      vertex -12.3129 -15.1 14.475
      vertex -12.3129 15.1 14.475
    endloop
  endfacet
  facet normal -0.99729 1.73082e-017 0.0735646
    outer loop
      vertex -12.3515 15.1 13.9512
      vertex -12.3515 -15.1 13.9512
      vertex -12.3129 15.1 14.475
    endloop
  endfacet
  facet normal -0.99248 2.88747e-017 0.122411
    outer loop
      vertex -12.4158 -15.1 13.43
      vertex -12.3515 -15.1 13.9512
      vertex -12.3515 15.1 13.9512
    endloop
  endfacet
  facet normal -0.99248 2.88007e-017 0.122411
    outer loop
      vertex -12.4158 15.1 13.43
      vertex -12.4158 -15.1 13.43
      vertex -12.3515 15.1 13.9512
    endloop
  endfacet
  facet normal -0.949528 7.34992e-017 0.313682
    outer loop
      vertex -12.9255 15.1 11.3953
      vertex -12.7607 -15.1 11.894
      vertex -12.7607 15.1 11.894
    endloop
  endfacet
  facet normal -0.949528 7.38027e-017 0.313682
    outer loop
      vertex -12.9255 15.1 11.3953
      vertex -12.9255 -15.1 11.3953
      vertex -12.7607 -15.1 11.894
    endloop
  endfacet
  facet normal -0.963776 6.29993e-017 0.266713
    outer loop
      vertex -12.7607 -15.1 11.894
      vertex -12.6207 -15.1 12.4001
      vertex -12.6207 15.1 12.4001
    endloop
  endfacet
  facet normal -0.963776 6.27519e-017 0.266713
    outer loop
      vertex -12.7607 15.1 11.894
      vertex -12.7607 -15.1 11.894
      vertex -12.6207 15.1 12.4001
    endloop
  endfacet
  facet normal -0.405241 2.14373e-016 0.91421
    outer loop
      vertex -18.9053 15.1 5.11449
      vertex -18.4252 -15.1 5.32731
      vertex -18.4252 15.1 5.32731
    endloop
  endfacet
  facet normal -0.405241 2.15094e-016 0.91421
    outer loop
      vertex -18.9053 15.1 5.11449
      vertex -18.9053 -15.1 5.11449
      vertex -18.4252 -15.1 5.32731
    endloop
  endfacet
  facet normal -6.01946e-015 -1 3.40998e-015
    outer loop
      vertex -13.5634 15.1 9.95605
      vertex -12.7607 15.1 11.894
      vertex -13.8223 15.1 9.4991
    endloop
  endfacet
  facet normal -0.817585 1.34749e-016 0.575808
    outer loop
      vertex -14.4057 -15.1 8.62602
      vertex -14.1033 -15.1 9.0554
      vertex -14.1033 15.1 9.0554
    endloop
  endfacet
  facet normal -0.817585 1.35476e-016 0.575808
    outer loop
      vertex -14.4057 15.1 8.62602
      vertex -14.4057 -15.1 8.62602
      vertex -14.1033 15.1 9.0554
    endloop
  endfacet
  facet normal -0.757209 1.53998e-016 0.653173
    outer loop
      vertex -15.0718 -15.1 7.81432
      vertex -14.7288 -15.1 8.21199
      vertex -14.7288 15.1 8.21199
    endloop
  endfacet
  facet normal -0.757209 1.34468e-016 0.653173
    outer loop
      vertex -15.0718 15.1 7.81432
      vertex -15.0718 -15.1 7.81432
      vertex -14.7288 15.1 8.21199
    endloop
  endfacet
  facet normal -1.47045e-015 -1 1.26842e-015
    outer loop
      vertex -14.7288 15.1 8.21199
      vertex -12.7607 15.1 11.894
      vertex -15.0718 15.1 7.81432
    endloop
  endfacet
  facet normal -0.575808 1.69748e-016 0.817585
    outer loop
      vertex -17.0554 15.1 6.10328
      vertex -16.626 -15.1 6.40568
      vertex -16.626 15.1 6.40568
    endloop
  endfacet
  facet normal -0.575808 1.68316e-016 0.817585
    outer loop
      vertex -17.0554 15.1 6.10328
      vertex -17.0554 -15.1 6.10328
      vertex -16.626 -15.1 6.40568
    endloop
  endfacet
  facet normal -0.615232 1.60998e-016 0.788346
    outer loop
      vertex -16.626 15.1 6.40568
      vertex -16.212 -15.1 6.72879
      vertex -16.212 15.1 6.72879
    endloop
  endfacet
  facet normal -0.615232 1.62296e-016 0.788346
    outer loop
      vertex -16.626 15.1 6.40568
      vertex -16.626 -15.1 6.40568
      vertex -16.212 -15.1 6.72879
    endloop
  endfacet
  facet normal -7.00288e-016 -1 8.11828e-016
    outer loop
      vertex -15.8143 15.1 7.07182
      vertex -12.7607 15.1 11.894
      vertex -16.212 15.1 6.72879
    endloop
  endfacet
  facet normal -0.266713 2.26622e-016 0.963776
    outer loop
      vertex -20.4001 15.1 4.62067
      vertex -19.894 -15.1 4.76074
      vertex -19.894 15.1 4.76074
    endloop
  endfacet
  facet normal -0.266713 2.26756e-016 0.963776
    outer loop
      vertex -20.4001 15.1 4.62067
      vertex -20.4001 -15.1 4.62067
      vertex -19.894 -15.1 4.76074
    endloop
  endfacet
  facet normal -1.13424e-014 1 1.96809e-015
    outer loop
      vertex -12.4158 -15.1 13.43
      vertex -12.5056 -15.1 12.9125
      vertex -12.9255 -15.1 11.3953
    endloop
  endfacet
  facet normal -2.24372e-014 1 5.03845e-015
    outer loop
      vertex -12.5056 -15.1 12.9125
      vertex -12.6207 -15.1 12.4001
      vertex -12.9255 -15.1 11.3953
    endloop
  endfacet
  facet normal 0 -1 0
    outer loop
      vertex -12.8767 15.1 15
      vertex -12.6207 15.1 12.4001
      vertex -12.5056 15.1 12.9125
    endloop
  endfacet
  facet normal -0 -1 -0
    outer loop
      vertex -12.7631 15.1 15
      vertex -12.8767 15.1 15
      vertex -12.5056 15.1 12.9125
    endloop
  endfacet
  facet normal -0.975702 5.16244e-017 0.219101
    outer loop
      vertex -12.6207 -15.1 12.4001
      vertex -12.5056 -15.1 12.9125
      vertex -12.5056 15.1 12.9125
    endloop
  endfacet
  facet normal -0.975702 5.15499e-017 0.219101
    outer loop
      vertex -12.6207 15.1 12.4001
      vertex -12.6207 -15.1 12.4001
      vertex -12.5056 15.1 12.9125
    endloop
  endfacet
  facet normal 0 1 -4.92786e-016
    outer loop
      vertex -12.5704 -15.1 15
      vertex -12.4809 -15.1 15
      vertex -12.9255 -15.1 11.3953
    endloop
  endfacet
  facet normal 0 1 -4.92786e-016
    outer loop
      vertex -12.4809 -15.1 15
      vertex -12.3908 -15.1 15
      vertex -12.9255 -15.1 11.3953
    endloop
  endfacet
  facet normal 0.122411 2.33622e-016 0.99248
    outer loop
      vertex -24.57 15.1 4.41581
      vertex -24.0488 -15.1 4.35152
      vertex -24.0488 15.1 4.35152
    endloop
  endfacet
  facet normal 0.122411 2.3351e-016 0.99248
    outer loop
      vertex -24.57 15.1 4.41581
      vertex -24.57 -15.1 4.41581
      vertex -24.0488 -15.1 4.35152
    endloop
  endfacet
  facet normal 1.90883e-017 -1 2.58774e-016
    outer loop
      vertex -24.0488 15.1 4.35152
      vertex -23.525 15.1 4.31289
      vertex -33.2393 15.1 11.894
    endloop
  endfacet
  facet normal 0.0735646 2.34497e-016 0.99729
    outer loop
      vertex -24.0488 15.1 4.35152
      vertex -23.525 -15.1 4.31289
      vertex -23.525 15.1 4.31289
    endloop
  endfacet
  facet normal 0.0735646 2.34642e-016 0.99729
    outer loop
      vertex -24.0488 15.1 4.35152
      vertex -24.0488 -15.1 4.35152
      vertex -23.525 -15.1 4.31289
    endloop
  endfacet
  facet normal 0.219101 2.29247e-016 0.975702
    outer loop
      vertex -25.5999 15.1 4.62067
      vertex -25.0875 -15.1 4.5056
      vertex -25.0875 15.1 4.5056
    endloop
  endfacet
  facet normal 0.219101 2.29562e-016 0.975702
    outer loop
      vertex -25.5999 15.1 4.62067
      vertex -25.5999 -15.1 4.62067
      vertex -25.0875 -15.1 4.5056
    endloop
  endfacet
  facet normal 0.313682 2.23998e-016 0.949528
    outer loop
      vertex -26.6047 15.1 4.92548
      vertex -26.106 -15.1 4.76074
      vertex -26.106 15.1 4.76074
    endloop
  endfacet
  facet normal 0.313682 2.23404e-016 0.949528
    outer loop
      vertex -26.6047 15.1 4.92548
      vertex -26.6047 -15.1 4.92548
      vertex -26.106 -15.1 4.76074
    endloop
  endfacet
  facet normal 0.449611 2.10157e-016 0.893224
    outer loop
      vertex -27.5748 -15.1 5.32731
      vertex -27.5748 15.1 5.32731
      vertex -28.0439 -15.1 5.56344
    endloop
  endfacet
  facet normal 0.534998 1.74123e-016 0.844854
    outer loop
      vertex -28.9446 15.1 6.10328
      vertex -28.5009 -15.1 5.8223
      vertex -28.5009 15.1 5.8223
    endloop
  endfacet
  facet normal 0.534998 1.73929e-016 0.844854
    outer loop
      vertex -28.9446 15.1 6.10328
      vertex -28.9446 -15.1 6.10328
      vertex -28.5009 -15.1 5.8223
    endloop
  endfacet
  facet normal 0.492898 1.79373e-016 0.870087
    outer loop
      vertex -28.5009 15.1 5.8223
      vertex -28.0439 -15.1 5.56344
      vertex -28.0439 15.1 5.56344
    endloop
  endfacet
  facet normal 0.492898 1.79124e-016 0.870087
    outer loop
      vertex -28.5009 15.1 5.8223
      vertex -28.5009 -15.1 5.8223
      vertex -28.0439 -15.1 5.56344
    endloop
  endfacet
  facet normal 2.40658e-016 -1 4.78105e-016
    outer loop
      vertex -28.0439 15.1 5.56344
      vertex -27.5748 15.1 5.32731
      vertex -33.2393 15.1 11.894
    endloop
  endfacet
  facet normal 0.449611 1.83748e-016 0.893224
    outer loop
      vertex -27.5748 15.1 5.32731
      vertex -28.0439 15.1 5.56344
      vertex -28.0439 -15.1 5.56344
    endloop
  endfacet
  facet normal 0.653173 1.55748e-016 0.757209
    outer loop
      vertex -30.1857 15.1 7.07182
      vertex -29.788 -15.1 6.72879
      vertex -29.788 15.1 6.72879
    endloop
  endfacet
  facet normal 0.653173 1.55886e-016 0.757209
    outer loop
      vertex -30.1857 15.1 7.07182
      vertex -30.1857 -15.1 7.07182
      vertex -29.788 -15.1 6.72879
    endloop
  endfacet
  facet normal 1.12924e-015 -1 1.07513e-015
    outer loop
      vertex -30.9282 15.1 7.81432
      vertex -30.566 15.1 7.43396
      vertex -33.2393 15.1 11.894
    endloop
  endfacet
  facet normal 8.83205e-016 -1 9.27659e-016
    outer loop
      vertex -30.566 15.1 7.43396
      vertex -30.1857 15.1 7.07182
      vertex -33.2393 15.1 11.894
    endloop
  endfacet
  facet normal 0.932993 8.48741e-017 0.359895
    outer loop
      vertex -33.0745 15.1 11.3953
      vertex -32.8855 -15.1 10.9053
      vertex -32.8855 15.1 10.9053
    endloop
  endfacet
  facet normal 0.932993 8.46758e-017 0.359895
    outer loop
      vertex -33.0745 15.1 11.3953
      vertex -33.0745 -15.1 11.3953
      vertex -32.8855 -15.1 10.9053
    endloop
  endfacet
  facet normal 0.91421 9.53739e-017 0.405241
    outer loop
      vertex -32.8855 15.1 10.9053
      vertex -32.6727 -15.1 10.4252
      vertex -32.6727 15.1 10.4252
    endloop
  endfacet
  facet normal 0.91421 9.53448e-017 0.405241
    outer loop
      vertex -32.8855 15.1 10.9053
      vertex -32.8855 -15.1 10.9053
      vertex -32.6727 -15.1 10.4252
    endloop
  endfacet
  facet normal 0.870087 1.15499e-016 0.492898
    outer loop
      vertex -32.1777 -15.1 9.4991
      vertex -32.4366 15.1 9.95605
      vertex -32.4366 -15.1 9.95605
    endloop
  endfacet
  facet normal 1.962e-015 -1 1.53116e-015
    outer loop
      vertex -31.5943 15.1 8.62602
      vertex -31.2712 15.1 8.21199
      vertex -33.2393 15.1 11.894
    endloop
  endfacet
  facet normal 1.47045e-015 -1 1.26842e-015
    outer loop
      vertex -31.2712 15.1 8.21199
      vertex -30.9282 15.1 7.81432
      vertex -33.2393 15.1 11.894
    endloop
  endfacet
  facet normal 0.757209 1.34749e-016 0.653173
    outer loop
      vertex -31.2712 15.1 8.21199
      vertex -30.9282 -15.1 7.81432
      vertex -30.9282 15.1 7.81432
    endloop
  endfacet
  facet normal 0.757209 1.53678e-016 0.653173
    outer loop
      vertex -31.2712 15.1 8.21199
      vertex -31.2712 -15.1 8.21199
      vertex -30.9282 -15.1 7.81432
    endloop
  endfacet
  facet normal 0.844854 9.44989e-017 0.534998
    outer loop
      vertex -32.1777 15.1 9.4991
      vertex -31.8967 -15.1 9.0554
      vertex -31.8967 15.1 9.0554
    endloop
  endfacet
  facet normal 0.844854 9.44053e-017 0.534998
    outer loop
      vertex -32.1777 15.1 9.4991
      vertex -32.1777 -15.1 9.4991
      vertex -31.8967 -15.1 9.0554
    endloop
  endfacet
  facet normal 0.817585 1.34749e-016 0.575808
    outer loop
      vertex -31.8967 15.1 9.0554
      vertex -31.5943 -15.1 8.62602
      vertex -31.5943 15.1 8.62602
    endloop
  endfacet
  facet normal 0.817585 1.01607e-016 0.575808
    outer loop
      vertex -31.8967 15.1 9.0554
      vertex -31.8967 -15.1 9.0554
      vertex -31.5943 -15.1 8.62602
    endloop
  endfacet
  facet normal 0 -1 0
    outer loop
      vertex -33.6871 15.1 14.475
      vertex -33.6485 15.1 13.9512
      vertex -33.4665 15.1 15
    endloop
  endfacet
  facet normal 0 -1 -0
    outer loop
      vertex -33.5827 15.1 15
      vertex -33.6871 15.1 14.475
      vertex -33.4665 15.1 15
    endloop
  endfacet
  facet normal 0 -1 0
    outer loop
      vertex -33.7 15.1 15
      vertex -33.6871 15.1 14.475
      vertex -33.5827 15.1 15
    endloop
  endfacet
  facet normal 0 -1 0
    outer loop
      vertex -12.6487 15.1 15
      vertex -12.4158 15.1 13.43
      vertex -12.3515 15.1 13.9512
    endloop
  endfacet
  facet normal -0 -1 -0
    outer loop
      vertex -12.5335 15.1 15
      vertex -12.6487 15.1 15
      vertex -12.3515 15.1 13.9512
    endloop
  endfacet
  facet normal -1.02827e-014 -1 5.17587e-015
    outer loop
      vertex -13.3273 15.1 10.4252
      vertex -12.7607 15.1 11.894
      vertex -13.5634 15.1 9.95605
    endloop
  endfacet
  facet normal -2.10232e-014 -1 9.31893e-015
    outer loop
      vertex -13.1145 15.1 10.9053
      vertex -12.7607 15.1 11.894
      vertex -13.3273 15.1 10.4252
    endloop
  endfacet
  facet normal -0.870087 1.15969e-016 0.492898
    outer loop
      vertex -13.5634 -15.1 9.95605
      vertex -13.5634 15.1 9.95605
      vertex -13.8223 -15.1 9.4991
    endloop
  endfacet
  facet normal -0.893224 1.05874e-016 0.449611
    outer loop
      vertex -13.5634 -15.1 9.95605
      vertex -13.3273 -15.1 10.4252
      vertex -13.3273 15.1 10.4252
    endloop
  endfacet
  facet normal -0.893224 1.05784e-016 0.449611
    outer loop
      vertex -13.5634 15.1 9.95605
      vertex -13.5634 -15.1 9.95605
      vertex -13.3273 15.1 10.4252
    endloop
  endfacet
  facet normal -2.70539e-015 -1 1.90535e-015
    outer loop
      vertex -14.1033 15.1 9.0554
      vertex -12.7607 15.1 11.894
      vertex -14.4057 15.1 8.62602
    endloop
  endfacet
  facet normal -3.90444e-015 -1 2.47246e-015
    outer loop
      vertex -13.8223 15.1 9.4991
      vertex -12.7607 15.1 11.894
      vertex -14.1033 15.1 9.0554
    endloop
  endfacet
  facet normal -1.962e-015 -1 1.53116e-015
    outer loop
      vertex -14.4057 15.1 8.62602
      vertex -12.7607 15.1 11.894
      vertex -14.7288 15.1 8.21199
    endloop
  endfacet
  facet normal -0.788346 1.45248e-016 0.615232
    outer loop
      vertex -14.7288 -15.1 8.21199
      vertex -14.4057 -15.1 8.62602
      vertex -14.4057 15.1 8.62602
    endloop
  endfacet
  facet normal -0.788346 1.44751e-016 0.615232
    outer loop
      vertex -14.7288 15.1 8.21199
      vertex -14.7288 -15.1 8.21199
      vertex -14.4057 15.1 8.62602
    endloop
  endfacet
  facet normal -0.724247 1.41955e-016 0.689541
    outer loop
      vertex -15.0718 -15.1 7.81432
      vertex -15.0718 15.1 7.81432
      vertex -15.434 15.1 7.43396
    endloop
  endfacet
  facet normal -0.689541 1.48748e-016 0.724247
    outer loop
      vertex -15.434 15.1 7.43396
      vertex -15.8143 15.1 7.07182
      vertex -15.8143 -15.1 7.07182
    endloop
  endfacet
  facet normal -0.724247 1.43498e-016 0.689541
    outer loop
      vertex -15.0718 -15.1 7.81432
      vertex -15.434 15.1 7.43396
      vertex -15.434 -15.1 7.43396
    endloop
  endfacet
  facet normal -0.122411 2.33185e-016 0.99248
    outer loop
      vertex -21.9512 15.1 4.35152
      vertex -21.43 -15.1 4.41581
      vertex -21.43 15.1 4.41581
    endloop
  endfacet
  facet normal -0.122411 2.3351e-016 0.99248
    outer loop
      vertex -21.9512 15.1 4.35152
      vertex -21.9512 -15.1 4.35152
      vertex -21.43 -15.1 4.41581
    endloop
  endfacet
  facet normal -0.170962 2.31872e-016 0.985278
    outer loop
      vertex -21.43 15.1 4.41581
      vertex -20.9125 -15.1 4.5056
      vertex -20.9125 15.1 4.5056
    endloop
  endfacet
  facet normal -0.170962 2.31815e-016 0.985278
    outer loop
      vertex -21.43 15.1 4.41581
      vertex -21.43 -15.1 4.41581
      vertex -20.9125 -15.1 4.5056
    endloop
  endfacet
  facet normal -0.219101 2.29247e-016 0.975702
    outer loop
      vertex -20.9125 15.1 4.5056
      vertex -20.4001 -15.1 4.62067
      vertex -20.4001 15.1 4.62067
    endloop
  endfacet
  facet normal -0.219101 2.29562e-016 0.975702
    outer loop
      vertex -20.9125 15.1 4.5056
      vertex -20.9125 -15.1 4.5056
      vertex -20.4001 -15.1 4.62067
    endloop
  endfacet
  facet normal -0.313682 2.23123e-016 0.949528
    outer loop
      vertex -19.894 15.1 4.76074
      vertex -19.3953 -15.1 4.92548
      vertex -19.3953 15.1 4.92548
    endloop
  endfacet
  facet normal -0.313682 2.23404e-016 0.949528
    outer loop
      vertex -19.894 15.1 4.76074
      vertex -19.894 -15.1 4.76074
      vertex -19.3953 -15.1 4.92548
    endloop
  endfacet
  facet normal -9.52832e-017 -1 3.44309e-016
    outer loop
      vertex -19.894 15.1 4.76074
      vertex -12.7607 15.1 11.894
      vertex -20.4001 15.1 4.62067
    endloop
  endfacet
  facet normal -1.22852e-016 -1 3.71878e-016
    outer loop
      vertex -19.3953 15.1 4.92548
      vertex -12.7607 15.1 11.894
      vertex -19.894 15.1 4.76074
    endloop
  endfacet
  facet normal 5.15958e-017 -1 2.97354e-016
    outer loop
      vertex -25.0875 15.1 4.5056
      vertex -24.57 15.1 4.41581
      vertex -33.2393 15.1 11.894
    endloop
  endfacet
  facet normal 0.170962 2.31435e-016 0.985278
    outer loop
      vertex -25.0875 15.1 4.5056
      vertex -24.57 -15.1 4.41581
      vertex -24.57 15.1 4.41581
    endloop
  endfacet
  facet normal 0.170962 2.31815e-016 0.985278
    outer loop
      vertex -25.0875 15.1 4.5056
      vertex -25.0875 -15.1 4.5056
      vertex -24.57 -15.1 4.41581
    endloop
  endfacet
  facet normal 0.0245412 2.35208e-016 0.999699
    outer loop
      vertex -23.525 15.1 4.31289
      vertex -23 -15.1 4.3
      vertex -23 15.1 4.3
    endloop
  endfacet
  facet normal 0.0245412 2.35208e-016 0.999699
    outer loop
      vertex -23.525 15.1 4.31289
      vertex -23.525 -15.1 4.31289
      vertex -23 -15.1 4.3
    endloop
  endfacet
  facet normal -0.0245412 2.35208e-016 0.999699
    outer loop
      vertex -23 15.1 4.3
      vertex -22.475 -15.1 4.31289
      vertex -22.475 15.1 4.31289
    endloop
  endfacet
  facet normal -0.0245412 2.35208e-016 0.999699
    outer loop
      vertex -23 15.1 4.3
      vertex -23 -15.1 4.3
      vertex -22.475 -15.1 4.31289
    endloop
  endfacet
  facet normal 0.405241 2.14373e-016 0.91421
    outer loop
      vertex -27.5748 15.1 5.32731
      vertex -27.0947 -15.1 5.11449
      vertex -27.0947 15.1 5.11449
    endloop
  endfacet
  facet normal 0.405241 2.15094e-016 0.91421
    outer loop
      vertex -27.5748 15.1 5.32731
      vertex -27.5748 -15.1 5.32731
      vertex -27.0947 -15.1 5.11449
    endloop
  endfacet
  facet normal 0 -1 0
    outer loop
      vertex -12.5335 15.1 15
      vertex -12.3515 15.1 13.9512
      vertex -12.3129 15.1 14.475
    endloop
  endfacet
  facet normal -0 -1 -0
    outer loop
      vertex -12.4173 15.1 15
      vertex -12.5335 15.1 15
      vertex -12.3129 15.1 14.475
    endloop
  endfacet
  facet normal -0.534998 1.74123e-016 0.844854
    outer loop
      vertex -17.4991 15.1 5.8223
      vertex -17.0554 -15.1 6.10328
      vertex -17.0554 15.1 6.10328
    endloop
  endfacet
  facet normal -0.534998 1.73929e-016 0.844854
    outer loop
      vertex -17.4991 15.1 5.8223
      vertex -17.4991 -15.1 5.8223
      vertex -17.0554 -15.1 6.10328
    endloop
  endfacet
  facet normal -0.449611 2.09998e-016 0.893224
    outer loop
      vertex -17.9561 -15.1 5.56344
      vertex -18.4252 15.1 5.32731
      vertex -18.4252 -15.1 5.32731
    endloop
  endfacet
  facet normal -2.40658e-016 -1 4.78105e-016
    outer loop
      vertex -17.9561 15.1 5.56344
      vertex -12.7607 15.1 11.894
      vertex -18.4252 15.1 5.32731
    endloop
  endfacet
  facet normal -0.653173 1.55748e-016 0.757209
    outer loop
      vertex -16.212 15.1 6.72879
      vertex -15.8143 -15.1 7.07182
      vertex -15.8143 15.1 7.07182
    endloop
  endfacet
  facet normal -0.653173 1.55886e-016 0.757209
    outer loop
      vertex -16.212 15.1 6.72879
      vertex -16.212 -15.1 6.72879
      vertex -15.8143 -15.1 7.07182
    endloop
  endfacet
  facet normal -0.689541 1.491e-016 0.724247
    outer loop
      vertex -15.434 -15.1 7.43396
      vertex -15.434 15.1 7.43396
      vertex -15.8143 -15.1 7.07182
    endloop
  endfacet
  facet normal -3.66273e-016 -1 5.78408e-016
    outer loop
      vertex -17.0554 15.1 6.10328
      vertex -12.7607 15.1 11.894
      vertex -17.4991 15.1 5.8223
    endloop
  endfacet
  facet normal -4.5229e-016 -1 6.42203e-016
    outer loop
      vertex -16.626 15.1 6.40568
      vertex -12.7607 15.1 11.894
      vertex -17.0554 15.1 6.10328
    endloop
  endfacet
  facet normal -2.9707e-016 -1 5.24401e-016
    outer loop
      vertex -17.4991 15.1 5.8223
      vertex -12.7607 15.1 11.894
      vertex -17.9561 15.1 5.56344
    endloop
  endfacet
  facet normal -0.492898 1.78498e-016 0.870087
    outer loop
      vertex -17.9561 15.1 5.56344
      vertex -17.4991 -15.1 5.8223
      vertex -17.4991 15.1 5.8223
    endloop
  endfacet
  facet normal -0.492898 1.79124e-016 0.870087
    outer loop
      vertex -17.9561 15.1 5.56344
      vertex -17.9561 -15.1 5.56344
      vertex -17.4991 -15.1 5.8223
    endloop
  endfacet
  facet normal 0 -1 0
    outer loop
      vertex -12.4173 15.1 15
      vertex -12.3129 15.1 14.475
      vertex -12.3 15.1 15
    endloop
  endfacet
  facet normal -0.999699 0 0.0245412
    outer loop
      vertex -12.3129 -15.1 14.475
      vertex -12.3 -15.1 15
      vertex -12.3 1.77636e-015 15
    endloop
  endfacet
  facet normal -0.999699 5.77404e-018 0.0245412
    outer loop
      vertex -12.3 15.1 15
      vertex -12.3129 15.1 14.475
      vertex -12.3 1.77636e-015 15
    endloop
  endfacet
  facet normal -0.999699 5.77404e-018 0.0245412
    outer loop
      vertex -12.3129 15.1 14.475
      vertex -12.3129 -15.1 14.475
      vertex -12.3 1.77636e-015 15
    endloop
  endfacet
  facet normal 0.999699 0 0.0245412
    outer loop
      vertex -30 -15.1 15
      vertex -30 -18 15
      vertex -29.9916 -18 14.6565
    endloop
  endfacet
  facet normal 0.999699 0 0.0245412
    outer loop
      vertex -29.9916 -15.1 14.6565
      vertex -30 -15.1 15
      vertex -29.9916 -18 14.6565
    endloop
  endfacet
  facet normal 0.999699 0 0.0245412
    outer loop
      vertex -30 18 15
      vertex -29.9916 15.1 14.6565
      vertex -29.9916 18 14.6565
    endloop
  endfacet
  facet normal 0.999699 0 0.0245412
    outer loop
      vertex -30 18 15
      vertex -30 15.1 15
      vertex -29.9916 15.1 14.6565
    endloop
  endfacet
  facet normal -0.0735646 0 0.99729
    outer loop
      vertex -22.6565 -15.1 8.00843
      vertex -22.3139 -18 8.03371
      vertex -22.3139 -15.1 8.03371
    endloop
  endfacet
  facet normal -0.0735646 6.10877e-016 0.99729
    outer loop
      vertex -22.6565 -15.1 8.00843
      vertex -22.6565 -18 8.00843
      vertex -22.3139 -18 8.03371
    endloop
  endfacet
  facet normal -0.0735646 0 0.99729
    outer loop
      vertex -22.6565 18 8.00843
      vertex -22.3139 15.1 8.03371
      vertex -22.3139 18 8.03371
    endloop
  endfacet
  facet normal -0.0735646 6.10877e-016 0.99729
    outer loop
      vertex -22.6565 18 8.00843
      vertex -22.6565 15.1 8.00843
      vertex -22.3139 15.1 8.03371
    endloop
  endfacet
  facet normal -0.449611 0 0.893224
    outer loop
      vertex -20.0071 -15.1 8.67207
      vertex -19.7002 -18 8.82655
      vertex -19.7002 -15.1 8.82655
    endloop
  endfacet
  facet normal -0.449611 0 0.893224
    outer loop
      vertex -20.0071 -15.1 8.67207
      vertex -20.0071 -18 8.67207
      vertex -19.7002 -18 8.82655
    endloop
  endfacet
  facet normal -0.449611 0 0.893224
    outer loop
      vertex -20.0071 18 8.67207
      vertex -19.7002 15.1 8.82655
      vertex -19.7002 18 8.82655
    endloop
  endfacet
  facet normal -0.449611 0 0.893224
    outer loop
      vertex -20.0071 18 8.67207
      vertex -20.0071 15.1 8.67207
      vertex -19.7002 15.1 8.82655
    endloop
  endfacet
  facet normal -0.932993 2.22853e-016 0.359895
    outer loop
      vertex -16.5328 -18 12.3212
      vertex -16.4092 -18 12.6418
      vertex -16.4092 -15.1 12.6418
    endloop
  endfacet
  facet normal -0.932993 2.20449e-016 0.359895
    outer loop
      vertex -16.5328 -15.1 12.3212
      vertex -16.5328 -18 12.3212
      vertex -16.4092 -15.1 12.6418
    endloop
  endfacet
  facet normal -0.932993 2.22853e-016 0.359895
    outer loop
      vertex -16.5328 15.1 12.3212
      vertex -16.4092 15.1 12.6418
      vertex -16.4092 18 12.6418
    endloop
  endfacet
  facet normal -0.932993 2.20449e-016 0.359895
    outer loop
      vertex -16.5328 18 12.3212
      vertex -16.5328 15.1 12.3212
      vertex -16.4092 18 12.6418
    endloop
  endfacet
  facet normal -0.817585 0 0.575808
    outer loop
      vertex -17.3775 -18 10.8301
      vertex -17.1797 -18 11.111
      vertex -17.1797 -15.1 11.111
    endloop
  endfacet
  facet normal -0.817585 3.52704e-016 0.575808
    outer loop
      vertex -17.3775 -15.1 10.8301
      vertex -17.3775 -18 10.8301
      vertex -17.1797 -15.1 11.111
    endloop
  endfacet
  facet normal -0.817585 0 0.575808
    outer loop
      vertex -17.3775 15.1 10.8301
      vertex -17.1797 15.1 11.111
      vertex -17.1797 18 11.111
    endloop
  endfacet
  facet normal -0.817585 3.52704e-016 0.575808
    outer loop
      vertex -17.3775 18 10.8301
      vertex -17.3775 15.1 10.8301
      vertex -17.1797 18 11.111
    endloop
  endfacet
  facet normal -0.975702 1.32319e-016 0.219101
    outer loop
      vertex -16.2098 -18 13.2991
      vertex -16.1345 -18 13.6344
      vertex -16.1345 -15.1 13.6344
    endloop
  endfacet
  facet normal -0.975702 1.34208e-016 0.219101
    outer loop
      vertex -16.2098 -15.1 13.2991
      vertex -16.2098 -18 13.2991
      vertex -16.1345 -15.1 13.6344
    endloop
  endfacet
  facet normal -0.975702 1.32319e-016 0.219101
    outer loop
      vertex -16.2098 15.1 13.2991
      vertex -16.1345 15.1 13.6344
      vertex -16.1345 18 13.6344
    endloop
  endfacet
  facet normal -0.975702 1.34208e-016 0.219101
    outer loop
      vertex -16.2098 18 13.2991
      vertex -16.2098 15.1 13.2991
      vertex -16.1345 18 13.6344
    endloop
  endfacet
  facet normal 0.99729 0 0.0735646
    outer loop
      vertex -29.9916 -15.1 14.6565
      vertex -29.9663 -18 14.3139
      vertex -29.9663 -15.1 14.3139
    endloop
  endfacet
  facet normal 0.99729 0 0.0735646
    outer loop
      vertex -29.9916 -15.1 14.6565
      vertex -29.9916 -18 14.6565
      vertex -29.9663 -18 14.3139
    endloop
  endfacet
  facet normal 0.99729 0 0.0735646
    outer loop
      vertex -29.9916 18 14.6565
      vertex -29.9663 15.1 14.3139
      vertex -29.9663 18 14.3139
    endloop
  endfacet
  facet normal 0.99729 0 0.0735646
    outer loop
      vertex -29.9916 18 14.6565
      vertex -29.9916 15.1 14.6565
      vertex -29.9663 15.1 14.3139
    endloop
  endfacet
  facet normal -0.724247 4.17849e-016 0.689541
    outer loop
      vertex -18.0503 -18 10.0503
      vertex -17.8133 -18 10.2991
      vertex -17.8133 -15.1 10.2991
    endloop
  endfacet
  facet normal -0.724247 4.22369e-016 0.689541
    outer loop
      vertex -18.0503 -15.1 10.0503
      vertex -18.0503 -18 10.0503
      vertex -17.8133 -15.1 10.2991
    endloop
  endfacet
  facet normal -0.724247 4.17849e-016 0.689541
    outer loop
      vertex -18.0503 15.1 10.0503
      vertex -17.8133 15.1 10.2991
      vertex -17.8133 18 10.2991
    endloop
  endfacet
  facet normal -0.724247 4.22369e-016 0.689541
    outer loop
      vertex -18.0503 18 10.0503
      vertex -18.0503 15.1 10.0503
      vertex -17.8133 18 10.2991
    endloop
  endfacet
  facet normal -0.313682 0 0.949528
    outer loop
      vertex -20.968 -15.1 8.30142
      vertex -20.6418 -18 8.40919
      vertex -20.6418 -15.1 8.40919
    endloop
  endfacet
  facet normal -0.313682 5.81621e-016 0.949528
    outer loop
      vertex -20.968 -15.1 8.30142
      vertex -20.968 -18 8.30142
      vertex -20.6418 -18 8.40919
    endloop
  endfacet
  facet normal -0.313682 0 0.949528
    outer loop
      vertex -20.968 18 8.30142
      vertex -20.6418 15.1 8.40919
      vertex -20.6418 18 8.40919
    endloop
  endfacet
  facet normal -0.313682 5.81621e-016 0.949528
    outer loop
      vertex -20.968 18 8.30142
      vertex -20.968 15.1 8.30142
      vertex -20.6418 15.1 8.40919
    endloop
  endfacet
  facet normal -0.757209 0 0.653173
    outer loop
      vertex -17.8133 -18 10.2991
      vertex -17.5889 -18 10.5592
      vertex -17.5889 -15.1 10.5592
    endloop
  endfacet
  facet normal -0.757209 4.00092e-016 0.653173
    outer loop
      vertex -17.8133 -15.1 10.2991
      vertex -17.8133 -18 10.2991
      vertex -17.5889 -15.1 10.5592
    endloop
  endfacet
  facet normal -0.757209 0 0.653173
    outer loop
      vertex -17.8133 15.1 10.2991
      vertex -17.5889 15.1 10.5592
      vertex -17.5889 18 10.5592
    endloop
  endfacet
  facet normal -0.757209 4.00092e-016 0.653173
    outer loop
      vertex -17.8133 18 10.2991
      vertex -17.8133 15.1 10.2991
      vertex -17.5889 18 10.5592
    endloop
  endfacet
  facet normal -0.99248 7.48646e-017 0.122411
    outer loop
      vertex -16.0758 -18 13.9729
      vertex -16.0337 -18 14.3139
      vertex -16.0337 -15.1 14.3139
    endloop
  endfacet
  facet normal -0.99248 7.4981e-017 0.122411
    outer loop
      vertex -16.0758 -15.1 13.9729
      vertex -16.0758 -18 13.9729
      vertex -16.0337 -15.1 14.3139
    endloop
  endfacet
  facet normal -0.99248 7.48646e-017 0.122411
    outer loop
      vertex -16.0758 15.1 13.9729
      vertex -16.0337 15.1 14.3139
      vertex -16.0337 18 14.3139
    endloop
  endfacet
  facet normal -0.99248 7.4981e-017 0.122411
    outer loop
      vertex -16.0758 18 13.9729
      vertex -16.0758 15.1 13.9729
      vertex -16.0337 18 14.3139
    endloop
  endfacet
  facet normal 0.689541 0 0.724247
    outer loop
      vertex -27.9497 -15.1 10.0503
      vertex -27.7009 -18 9.81334
      vertex -27.7009 -15.1 9.81334
    endloop
  endfacet
  facet normal 0.689541 4.43628e-016 0.724247
    outer loop
      vertex -27.9497 -15.1 10.0503
      vertex -27.9497 -18 10.0503
      vertex -27.7009 -18 9.81334
    endloop
  endfacet
  facet normal 0.689541 0 0.724247
    outer loop
      vertex -27.9497 15.1 10.0503
      vertex -27.7009 15.1 9.81334
      vertex -27.7009 18 9.81334
    endloop
  endfacet
  facet normal 0.689541 4.43628e-016 0.724247
    outer loop
      vertex -27.9497 18 10.0503
      vertex -27.9497 15.1 10.0503
      vertex -27.7009 18 9.81334
    endloop
  endfacet
  facet normal 0.492898 5.36239e-016 0.870087
    outer loop
      vertex -26.5987 -15.1 8.9959
      vertex -26.2998 -18 8.82655
      vertex -26.2998 -15.1 8.82655
    endloop
  endfacet
  facet normal 0.492898 0 0.870087
    outer loop
      vertex -26.5987 -15.1 8.9959
      vertex -26.5987 -18 8.9959
      vertex -26.2998 -18 8.82655
    endloop
  endfacet
  facet normal 0.492898 5.36239e-016 0.870087
    outer loop
      vertex -26.5987 15.1 8.9959
      vertex -26.2998 15.1 8.82655
      vertex -26.2998 18 8.82655
    endloop
  endfacet
  facet normal 0.492898 0 0.870087
    outer loop
      vertex -26.5987 18 8.9959
      vertex -26.5987 15.1 8.9959
      vertex -26.2998 18 8.82655
    endloop
  endfacet
  facet normal 0.219101 0 0.975702
    outer loop
      vertex -24.7009 -15.1 8.20978
      vertex -24.3656 -18 8.1345
      vertex -24.3656 -15.1 8.1345
    endloop
  endfacet
  facet normal 0.219101 5.97654e-016 0.975702
    outer loop
      vertex -24.7009 -15.1 8.20978
      vertex -24.7009 -18 8.20978
      vertex -24.3656 -18 8.1345
    endloop
  endfacet
  facet normal 0.219101 0 0.975702
    outer loop
      vertex -24.7009 15.1 8.20978
      vertex -24.3656 15.1 8.1345
      vertex -24.3656 18 8.1345
    endloop
  endfacet
  facet normal 0.219101 5.97654e-016 0.975702
    outer loop
      vertex -24.7009 18 8.20978
      vertex -24.7009 15.1 8.20978
      vertex -24.3656 18 8.1345
    endloop
  endfacet
  facet normal -0.615232 4.81159e-016 0.788346
    outer loop
      vertex -18.8023 -15.1 9.39924
      vertex -18.5592 -18 9.58893
      vertex -18.5592 -15.1 9.58893
    endloop
  endfacet
  facet normal -0.615232 2.37816e-016 0.788346
    outer loop
      vertex -18.8023 -15.1 9.39924
      vertex -18.823 -18 9.38311
      vertex -18.5592 -18 9.58893
    endloop
  endfacet
  facet normal -0.615232 4.83015e-016 0.788346
    outer loop
      vertex -18.5664 18 9.58336
      vertex -18.5592 15.1 9.58893
      vertex -18.5592 18 9.58893
    endloop
  endfacet
  facet normal -0.615232 5.17665e-016 0.788346
    outer loop
      vertex -18.5664 18 9.58336
      vertex -18.587 15.1 9.56723
      vertex -18.5592 15.1 9.58893
    endloop
  endfacet
  facet normal -0.405241 0 0.91421
    outer loop
      vertex -20.3212 -15.1 8.53284
      vertex -20.0071 -18 8.67207
      vertex -20.0071 -15.1 8.67207
    endloop
  endfacet
  facet normal -0.405241 5.59987e-016 0.91421
    outer loop
      vertex -20.3212 -15.1 8.53284
      vertex -20.3212 -18 8.53284
      vertex -20.0071 -18 8.67207
    endloop
  endfacet
  facet normal -0.405241 0 0.91421
    outer loop
      vertex -20.3212 18 8.53284
      vertex -20.0071 15.1 8.67207
      vertex -20.0071 18 8.67207
    endloop
  endfacet
  facet normal -0.405241 5.59987e-016 0.91421
    outer loop
      vertex -20.3212 18 8.53284
      vertex -20.3212 15.1 8.53284
      vertex -20.0071 15.1 8.67207
    endloop
  endfacet
  facet normal -0.788346 3.76064e-016 0.615232
    outer loop
      vertex -17.5889 -18 10.5592
      vertex -17.3775 -18 10.8301
      vertex -17.3775 -15.1 10.8301
    endloop
  endfacet
  facet normal -0.788346 0 0.615232
    outer loop
      vertex -17.5889 -15.1 10.5592
      vertex -17.5889 -18 10.5592
      vertex -17.3775 -15.1 10.8301
    endloop
  endfacet
  facet normal -0.788346 3.76064e-016 0.615232
    outer loop
      vertex -17.5889 15.1 10.5592
      vertex -17.3775 15.1 10.8301
      vertex -17.3775 18 10.8301
    endloop
  endfacet
  facet normal -0.788346 0 0.615232
    outer loop
      vertex -17.5889 18 10.5592
      vertex -17.5889 15.1 10.5592
      vertex -17.3775 18 10.8301
    endloop
  endfacet
  facet normal 0.932993 2.22853e-016 0.359895
    outer loop
      vertex -29.5908 -15.1 12.6418
      vertex -29.4672 -18 12.3212
      vertex -29.4672 -15.1 12.3212
    endloop
  endfacet
  facet normal 0.932993 0 0.359895
    outer loop
      vertex -29.5908 -15.1 12.6418
      vertex -29.5908 -18 12.6418
      vertex -29.4672 -18 12.3212
    endloop
  endfacet
  facet normal 0.932993 2.22853e-016 0.359895
    outer loop
      vertex -29.5908 18 12.6418
      vertex -29.4672 15.1 12.3212
      vertex -29.4672 18 12.3212
    endloop
  endfacet
  facet normal 0.932993 0 0.359895
    outer loop
      vertex -29.5908 18 12.6418
      vertex -29.5908 15.1 12.6418
      vertex -29.4672 15.1 12.3212
    endloop
  endfacet
  facet normal 0.844854 0 0.534998
    outer loop
      vertex -28.9852 -15.1 11.3715
      vertex -28.8203 -18 11.111
      vertex -28.8203 -15.1 11.111
    endloop
  endfacet
  facet normal 0.844854 2.69108e-016 0.534998
    outer loop
      vertex -28.9852 -15.1 11.3715
      vertex -28.9993 -18 11.3936
      vertex -28.8203 -18 11.111
    endloop
  endfacet
  facet normal 0.844854 0 0.534998
    outer loop
      vertex -28.8251 18 11.1186
      vertex -28.8203 15.1 11.111
      vertex -28.8203 18 11.111
    endloop
  endfacet
  facet normal 0.844854 -4.10581e-016 0.534998
    outer loop
      vertex -28.8251 18 11.1186
      vertex -28.8392 15.1 11.1408
      vertex -28.8203 15.1 11.111
    endloop
  endfacet
  facet normal 0.653173 4.66598e-016 0.757209
    outer loop
      vertex -27.7009 -15.1 9.81334
      vertex -27.4408 -18 9.58893
      vertex -27.4408 -15.1 9.58893
    endloop
  endfacet
  facet normal 0.653173 0 0.757209
    outer loop
      vertex -27.7009 -15.1 9.81334
      vertex -27.7009 -18 9.81334
      vertex -27.4408 -18 9.58893
    endloop
  endfacet
  facet normal 0.653173 4.66598e-016 0.757209
    outer loop
      vertex -27.7009 15.1 9.81334
      vertex -27.4408 15.1 9.58893
      vertex -27.4408 18 9.58893
    endloop
  endfacet
  facet normal 0.653173 0 0.757209
    outer loop
      vertex -27.7009 18 9.81334
      vertex -27.7009 15.1 9.81334
      vertex -27.4408 18 9.58893
    endloop
  endfacet
  facet normal 0.359895 5.78024e-016 0.932993
    outer loop
      vertex -25.6788 -15.1 8.53284
      vertex -25.3582 -18 8.40919
      vertex -25.3582 -15.1 8.40919
    endloop
  endfacet
  facet normal 0.359895 5.71492e-016 0.932993
    outer loop
      vertex -25.6788 -15.1 8.53284
      vertex -25.6788 -18 8.53284
      vertex -25.3582 -18 8.40919
    endloop
  endfacet
  facet normal 0.359895 5.7106e-016 0.932993
    outer loop
      vertex -25.6788 15.1 8.53284
      vertex -25.3582 15.1 8.40919
      vertex -25.3582 18 8.40919
    endloop
  endfacet
  facet normal 0.359895 5.71492e-016 0.932993
    outer loop
      vertex -25.6788 18 8.53284
      vertex -25.6788 15.1 8.53284
      vertex -25.3582 18 8.40919
    endloop
  endfacet
  facet normal 0.0735646 6.11104e-016 0.99729
    outer loop
      vertex -23.6861 -15.1 8.03371
      vertex -23.3435 -18 8.00843
      vertex -23.3435 -15.1 8.00843
    endloop
  endfacet
  facet normal 0.0735646 0 0.99729
    outer loop
      vertex -23.6861 -15.1 8.03371
      vertex -23.6861 -18 8.03371
      vertex -23.3435 -18 8.00843
    endloop
  endfacet
  facet normal 0.0735646 6.11104e-016 0.99729
    outer loop
      vertex -23.6861 15.1 8.03371
      vertex -23.3435 15.1 8.00843
      vertex -23.3435 18 8.00843
    endloop
  endfacet
  facet normal 0.0735646 0 0.99729
    outer loop
      vertex -23.6861 18 8.03371
      vertex -23.6861 15.1 8.03371
      vertex -23.3435 18 8.00843
    endloop
  endfacet
  facet normal -0.122411 0 0.99248
    outer loop
      vertex -22.3139 -15.1 8.03371
      vertex -21.9729 -18 8.07576
      vertex -21.9729 -15.1 8.07576
    endloop
  endfacet
  facet normal -0.122411 0 0.99248
    outer loop
      vertex -22.3139 -15.1 8.03371
      vertex -22.3139 -18 8.03371
      vertex -21.9729 -18 8.07576
    endloop
  endfacet
  facet normal -0.122411 0 0.99248
    outer loop
      vertex -22.3139 18 8.03371
      vertex -21.9729 15.1 8.07576
      vertex -21.9729 18 8.07576
    endloop
  endfacet
  facet normal -0.122411 0 0.99248
    outer loop
      vertex -22.3139 18 8.03371
      vertex -22.3139 15.1 8.03371
      vertex -21.9729 15.1 8.07576
    endloop
  endfacet
  facet normal -0.653173 0 0.757209
    outer loop
      vertex -18.5592 -15.1 9.58893
      vertex -18.2991 -18 9.81334
      vertex -18.2991 -15.1 9.81334
    endloop
  endfacet
  facet normal -0.653173 4.63818e-016 0.757209
    outer loop
      vertex -18.5592 -15.1 9.58893
      vertex -18.5592 -18 9.58893
      vertex -18.2991 -18 9.81334
    endloop
  endfacet
  facet normal -0.653173 0 0.757209
    outer loop
      vertex -18.5592 18 9.58893
      vertex -18.2991 15.1 9.81334
      vertex -18.2991 18 9.81334
    endloop
  endfacet
  facet normal -0.653173 4.63818e-016 0.757209
    outer loop
      vertex -18.5592 18 9.58893
      vertex -18.5592 15.1 9.58893
      vertex -18.2991 15.1 9.81334
    endloop
  endfacet
  facet normal -0.615232 -4.294e-017 0.788346
    outer loop
      vertex -18.8301 -15.1 9.37755
      vertex -18.823 -18 9.38311
      vertex -18.8023 -15.1 9.39924
    endloop
  endfacet
  facet normal -0.615232 4.82891e-016 0.788346
    outer loop
      vertex -18.8301 -15.1 9.37755
      vertex -18.8301 -18 9.37755
      vertex -18.823 -18 9.38311
    endloop
  endfacet
  facet normal -0.615232 1.78809e-016 0.788346
    outer loop
      vertex -18.8301 18 9.37755
      vertex -18.587 15.1 9.56723
      vertex -18.5664 18 9.58336
    endloop
  endfacet
  facet normal -0.615232 4.82891e-016 0.788346
    outer loop
      vertex -18.8301 18 9.37755
      vertex -18.8301 15.1 9.37755
      vertex -18.587 15.1 9.56723
    endloop
  endfacet
  facet normal -0.359895 5.7106e-016 0.932993
    outer loop
      vertex -20.6418 -15.1 8.40919
      vertex -20.3212 -18 8.53284
      vertex -20.3212 -15.1 8.53284
    endloop
  endfacet
  facet normal -0.359895 0 0.932993
    outer loop
      vertex -20.6418 -15.1 8.40919
      vertex -20.6418 -18 8.40919
      vertex -20.3212 -18 8.53284
    endloop
  endfacet
  facet normal -0.359895 5.7106e-016 0.932993
    outer loop
      vertex -20.6418 18 8.40919
      vertex -20.3212 15.1 8.53284
      vertex -20.3212 18 8.53284
    endloop
  endfacet
  facet normal -0.359895 0 0.932993
    outer loop
      vertex -20.6418 18 8.40919
      vertex -20.6418 15.1 8.40919
      vertex -20.3212 15.1 8.53284
    endloop
  endfacet
  facet normal -0.219101 5.98917e-016 0.975702
    outer loop
      vertex -21.6344 -15.1 8.1345
      vertex -21.2991 -18 8.20978
      vertex -21.2991 -15.1 8.20978
    endloop
  endfacet
  facet normal -0.219101 5.97654e-016 0.975702
    outer loop
      vertex -21.6344 -15.1 8.1345
      vertex -21.6344 -18 8.1345
      vertex -21.2991 -18 8.20978
    endloop
  endfacet
  facet normal -0.219101 5.98917e-016 0.975702
    outer loop
      vertex -21.6344 18 8.1345
      vertex -21.2991 15.1 8.20978
      vertex -21.2991 18 8.20978
    endloop
  endfacet
  facet normal -0.219101 5.97654e-016 0.975702
    outer loop
      vertex -21.6344 18 8.1345
      vertex -21.6344 15.1 8.1345
      vertex -21.2991 15.1 8.20978
    endloop
  endfacet
  facet normal -0.266713 5.91952e-016 0.963776
    outer loop
      vertex -21.2991 -15.1 8.20978
      vertex -20.968 -18 8.30142
      vertex -20.968 -15.1 8.30142
    endloop
  endfacet
  facet normal -0.266713 5.90348e-016 0.963776
    outer loop
      vertex -21.2991 -15.1 8.20978
      vertex -21.2991 -18 8.20978
      vertex -20.968 -18 8.30142
    endloop
  endfacet
  facet normal -0.266713 5.91952e-016 0.963776
    outer loop
      vertex -21.2991 18 8.20978
      vertex -20.968 15.1 8.30142
      vertex -20.968 18 8.30142
    endloop
  endfacet
  facet normal -0.266713 5.90348e-016 0.963776
    outer loop
      vertex -21.2991 18 8.20978
      vertex -21.2991 15.1 8.20978
      vertex -20.968 15.1 8.30142
    endloop
  endfacet
  facet normal -0.492898 0 0.870087
    outer loop
      vertex -19.7002 -15.1 8.82655
      vertex -19.4013 -18 8.9959
      vertex -19.4013 -15.1 8.9959
    endloop
  endfacet
  facet normal -0.492898 0 0.870087
    outer loop
      vertex -19.7002 -15.1 8.82655
      vertex -19.7002 -18 8.82655
      vertex -19.4013 -18 8.9959
    endloop
  endfacet
  facet normal -0.492898 0 0.870087
    outer loop
      vertex -19.7002 18 8.82655
      vertex -19.4013 15.1 8.9959
      vertex -19.4013 18 8.9959
    endloop
  endfacet
  facet normal -0.492898 0 0.870087
    outer loop
      vertex -19.7002 18 8.82655
      vertex -19.7002 15.1 8.82655
      vertex -19.4013 15.1 8.9959
    endloop
  endfacet
  facet normal -0.844854 0 0.534998
    outer loop
      vertex -16.9997 -15.1 11.3953
      vertex -16.9959 -18 11.4013
      vertex -16.9959 -15.1 11.4013
    endloop
  endfacet
  facet normal -0.844854 -7.49952e-016 0.534998
    outer loop
      vertex -16.9997 -15.1 11.3953
      vertex -17.1797 -18 11.111
      vertex -16.9959 -18 11.4013
    endloop
  endfacet
  facet normal -0.844854 0 0.534998
    outer loop
      vertex -17.1797 -15.1 11.111
      vertex -17.1797 -18 11.111
      vertex -16.9997 -15.1 11.3953
    endloop
  endfacet
  facet normal -0.844854 0 0.534998
    outer loop
      vertex -17.1797 15.1 11.111
      vertex -16.9959 15.1 11.4013
      vertex -16.9959 18 11.4013
    endloop
  endfacet
  facet normal -0.844854 0 0.534998
    outer loop
      vertex -17.1797 18 11.111
      vertex -17.1797 15.1 11.111
      vertex -16.9959 18 11.4013
    endloop
  endfacet
  facet normal -0.949528 1.94134e-016 0.313682
    outer loop
      vertex -16.3807 -15.1 12.7281
      vertex -16.3014 -18 12.968
      vertex -16.3014 -15.1 12.968
    endloop
  endfacet
  facet normal -0.949528 4.8662e-016 0.313682
    outer loop
      vertex -16.3807 -15.1 12.7281
      vertex -16.4092 -18 12.6418
      vertex -16.3014 -18 12.968
    endloop
  endfacet
  facet normal -0.949528 1.92142e-016 0.313682
    outer loop
      vertex -16.4092 -15.1 12.6418
      vertex -16.4092 -18 12.6418
      vertex -16.3807 -15.1 12.7281
    endloop
  endfacet
  facet normal -0.949528 1.94996e-016 0.313682
    outer loop
      vertex -16.4092 15.1 12.6418
      vertex -16.3014 15.1 12.968
      vertex -16.3014 18 12.968
    endloop
  endfacet
  facet normal -0.949528 1.92142e-016 0.313682
    outer loop
      vertex -16.4092 18 12.6418
      vertex -16.4092 15.1 12.6418
      vertex -16.3014 18 12.968
    endloop
  endfacet
  facet normal -0.99729 4.5267e-017 0.0735646
    outer loop
      vertex -16.0337 -18 14.3139
      vertex -16.0084 -18 14.6565
      vertex -16.0084 -15.1 14.6565
    endloop
  endfacet
  facet normal -0.99729 4.5061e-017 0.0735646
    outer loop
      vertex -16.0337 -15.1 14.3139
      vertex -16.0337 -18 14.3139
      vertex -16.0084 -15.1 14.6565
    endloop
  endfacet
  facet normal -0.99729 4.5267e-017 0.0735646
    outer loop
      vertex -16.0337 15.1 14.3139
      vertex -16.0084 15.1 14.6565
      vertex -16.0084 18 14.6565
    endloop
  endfacet
  facet normal -0.99729 4.5061e-017 0.0735646
    outer loop
      vertex -16.0337 18 14.3139
      vertex -16.0337 15.1 14.3139
      vertex -16.0084 18 14.6565
    endloop
  endfacet
  facet normal -0.999699 0 0.0245412
    outer loop
      vertex -16.0084 -18 14.6565
      vertex -16 -18 15
      vertex -16 -15.1 15
    endloop
  endfacet
  facet normal -0.999699 1.50324e-017 0.0245412
    outer loop
      vertex -16.0084 -15.1 14.6565
      vertex -16.0084 -18 14.6565
      vertex -16 -15.1 15
    endloop
  endfacet
  facet normal -0.999699 1.47988e-017 0.0245412
    outer loop
      vertex -16.0084 15.1 14.6565
      vertex -16 15.1 15
      vertex -16 18 15
    endloop
  endfacet
  facet normal -0.999699 1.50324e-017 0.0245412
    outer loop
      vertex -16.0084 18 14.6565
      vertex -16.0084 15.1 14.6565
      vertex -16 18 15
    endloop
  endfacet
  facet normal 0.99248 7.48646e-017 0.122411
    outer loop
      vertex -29.9663 -15.1 14.3139
      vertex -29.9242 -18 13.9729
      vertex -29.9242 -15.1 13.9729
    endloop
  endfacet
  facet normal 0.99248 0 0.122411
    outer loop
      vertex -29.9663 -15.1 14.3139
      vertex -29.9663 -18 14.3139
      vertex -29.9242 -18 13.9729
    endloop
  endfacet
  facet normal 0.99248 7.48646e-017 0.122411
    outer loop
      vertex -29.9663 18 14.3139
      vertex -29.9242 15.1 13.9729
      vertex -29.9242 18 13.9729
    endloop
  endfacet
  facet normal 0.99248 0 0.122411
    outer loop
      vertex -29.9663 18 14.3139
      vertex -29.9663 15.1 14.3139
      vertex -29.9242 15.1 13.9729
    endloop
  endfacet
  facet normal 0.91421 2.50709e-016 0.405241
    outer loop
      vertex -29.4672 -15.1 12.3212
      vertex -29.3279 -18 12.0071
      vertex -29.3279 -15.1 12.0071
    endloop
  endfacet
  facet normal 0.91421 2.48225e-016 0.405241
    outer loop
      vertex -29.4672 -15.1 12.3212
      vertex -29.4672 -18 12.3212
      vertex -29.3279 -18 12.0071
    endloop
  endfacet
  facet normal 0.91421 2.50709e-016 0.405241
    outer loop
      vertex -29.4672 18 12.3212
      vertex -29.3279 15.1 12.0071
      vertex -29.3279 18 12.0071
    endloop
  endfacet
  facet normal 0.91421 2.48225e-016 0.405241
    outer loop
      vertex -29.4672 18 12.3212
      vertex -29.4672 15.1 12.3212
      vertex -29.3279 15.1 12.0071
    endloop
  endfacet
  facet normal 0.949528 0 0.313682
    outer loop
      vertex -29.6986 -15.1 12.968
      vertex -29.5908 -18 12.6418
      vertex -29.5908 -15.1 12.6418
    endloop
  endfacet
  facet normal 0.949528 1.92142e-016 0.313682
    outer loop
      vertex -29.6986 -15.1 12.968
      vertex -29.6986 -18 12.968
      vertex -29.5908 -18 12.6418
    endloop
  endfacet
  facet normal 0.949528 0 0.313682
    outer loop
      vertex -29.6986 18 12.968
      vertex -29.5908 15.1 12.6418
      vertex -29.5908 18 12.6418
    endloop
  endfacet
  facet normal 0.949528 1.92142e-016 0.313682
    outer loop
      vertex -29.6986 18 12.968
      vertex -29.6986 15.1 12.968
      vertex -29.5908 15.1 12.6418
    endloop
  endfacet
  facet normal 0.724247 4.17849e-016 0.689541
    outer loop
      vertex -28.1867 -15.1 10.2991
      vertex -27.9497 -18 10.0503
      vertex -27.9497 -15.1 10.0503
    endloop
  endfacet
  facet normal 0.724247 4.22369e-016 0.689541
    outer loop
      vertex -28.1867 -15.1 10.2991
      vertex -28.1867 -18 10.2991
      vertex -27.9497 -18 10.0503
    endloop
  endfacet
  facet normal 0.724247 4.17849e-016 0.689541
    outer loop
      vertex -28.1867 18 10.2991
      vertex -27.9497 15.1 10.0503
      vertex -27.9497 18 10.0503
    endloop
  endfacet
  facet normal 0.724247 4.22369e-016 0.689541
    outer loop
      vertex -28.1867 18 10.2991
      vertex -28.1867 15.1 10.2991
      vertex -27.9497 15.1 10.0503
    endloop
  endfacet
  facet normal 0.788346 3.76064e-016 0.615232
    outer loop
      vertex -28.6225 -15.1 10.8301
      vertex -28.4111 -18 10.5592
      vertex -28.4111 -15.1 10.5592
    endloop
  endfacet
  facet normal 0.788346 3.76852e-016 0.615232
    outer loop
      vertex -28.6225 -15.1 10.8301
      vertex -28.6225 -18 10.8301
      vertex -28.4111 -18 10.5592
    endloop
  endfacet
  facet normal 0.788346 3.76064e-016 0.615232
    outer loop
      vertex -28.6225 18 10.8301
      vertex -28.4111 15.1 10.5592
      vertex -28.4111 18 10.5592
    endloop
  endfacet
  facet normal 0.788346 3.76852e-016 0.615232
    outer loop
      vertex -28.6225 18 10.8301
      vertex -28.6225 15.1 10.8301
      vertex -28.4111 15.1 10.5592
    endloop
  endfacet
  facet normal 0.844854 2.66299e-016 0.534998
    outer loop
      vertex -29.0003 -15.1 11.3953
      vertex -28.9993 -18 11.3936
      vertex -28.9852 -15.1 11.3715
    endloop
  endfacet
  facet normal 0.844854 1.82488e-016 0.534998
    outer loop
      vertex -29.0003 -15.1 11.3953
      vertex -29.0041 -18 11.4013
      vertex -28.9993 -18 11.3936
    endloop
  endfacet
  facet normal 0.844854 0 0.534998
    outer loop
      vertex -29.0041 -15.1 11.4013
      vertex -29.0041 -18 11.4013
      vertex -29.0003 -15.1 11.3953
    endloop
  endfacet
  facet normal 0.844854 3.50466e-016 0.534998
    outer loop
      vertex -29.0041 18 11.4013
      vertex -28.8392 15.1 11.1408
      vertex -28.8251 18 11.1186
    endloop
  endfacet
  facet normal 0.844854 0 0.534998
    outer loop
      vertex -29.0041 18 11.4013
      vertex -29.0041 15.1 11.4013
      vertex -28.8392 15.1 11.1408
    endloop
  endfacet
  facet normal 0.893224 2.75404e-016 0.449611
    outer loop
      vertex -29.1734 18 11.7002
      vertex -29.271 15.1 11.894
      vertex -29.1734 15.1 11.7002
    endloop
  endfacet
  facet normal 0.893224 5.08383e-016 0.449611
    outer loop
      vertex -29.1734 18 11.7002
      vertex -29.3279 18 12.0071
      vertex -29.271 15.1 11.894
    endloop
  endfacet
  facet normal 0.893224 2.75404e-016 0.449611
    outer loop
      vertex -29.3279 18 12.0071
      vertex -29.3279 15.1 12.0071
      vertex -29.271 15.1 11.894
    endloop
  endfacet
  facet normal 0.893224 2.78566e-016 0.449611
    outer loop
      vertex -29.3279 -15.1 12.0071
      vertex -29.1734 -18 11.7002
      vertex -29.1734 -15.1 11.7002
    endloop
  endfacet
  facet normal 0.893224 2.75404e-016 0.449611
    outer loop
      vertex -29.3279 -15.1 12.0071
      vertex -29.3279 -18 12.0071
      vertex -29.1734 -18 11.7002
    endloop
  endfacet
  facet normal 0.870087 5.86494e-016 0.492898
    outer loop
      vertex -29.1734 -18 11.7002
      vertex -29.0086 -18 11.4091
      vertex -29.0215 -15.1 11.432
    endloop
  endfacet
  facet normal 0.870087 3.01918e-016 0.492898
    outer loop
      vertex -29.1734 -15.1 11.7002
      vertex -29.1734 -18 11.7002
      vertex -29.0215 -15.1 11.432
    endloop
  endfacet
  facet normal 0.870087 1.23519e-016 0.492898
    outer loop
      vertex -29.1734 15.1 11.7002
      vertex -29.1561 15.1 11.6695
      vertex -29.169 18 11.6924
    endloop
  endfacet
  facet normal 0.870087 3.01918e-016 0.492898
    outer loop
      vertex -29.1734 18 11.7002
      vertex -29.1734 15.1 11.7002
      vertex -29.169 18 11.6924
    endloop
  endfacet
  facet normal 0.575808 0 0.817585
    outer loop
      vertex -27.1699 -15.1 9.37755
      vertex -26.889 -18 9.17971
      vertex -26.889 -15.1 9.17971
    endloop
  endfacet
  facet normal 0.575808 5.00801e-016 0.817585
    outer loop
      vertex -27.1699 -15.1 9.37755
      vertex -27.1699 -18 9.37755
      vertex -26.889 -18 9.17971
    endloop
  endfacet
  facet normal 0.575808 0 0.817585
    outer loop
      vertex -27.1699 15.1 9.37755
      vertex -26.889 15.1 9.17971
      vertex -26.889 18 9.17971
    endloop
  endfacet
  facet normal 0.575808 5.00801e-016 0.817585
    outer loop
      vertex -27.1699 18 9.37755
      vertex -27.1699 15.1 9.37755
      vertex -26.889 18 9.17971
    endloop
  endfacet
  facet normal 0.534998 0 0.844854
    outer loop
      vertex -26.889 -15.1 9.17971
      vertex -26.5987 -18 8.9959
      vertex -26.5987 -15.1 8.9959
    endloop
  endfacet
  facet normal 0.534998 0 0.844854
    outer loop
      vertex -26.889 -15.1 9.17971
      vertex -26.889 -18 9.17971
      vertex -26.5987 -18 8.9959
    endloop
  endfacet
  facet normal 0.534998 0 0.844854
    outer loop
      vertex -26.889 15.1 9.17971
      vertex -26.5987 15.1 8.9959
      vertex -26.5987 18 8.9959
    endloop
  endfacet
  facet normal 0.534998 0 0.844854
    outer loop
      vertex -26.889 18 9.17971
      vertex -26.889 15.1 9.17971
      vertex -26.5987 18 8.9959
    endloop
  endfacet
  facet normal 0.615232 4.82891e-016 0.788346
    outer loop
      vertex -27.1699 -15.1 9.37755
      vertex -27.177 -18 9.38311
      vertex -27.1699 -18 9.37755
    endloop
  endfacet
  facet normal 0.615232 5.174e-016 0.788346
    outer loop
      vertex -27.1699 -15.1 9.37755
      vertex -27.1977 -15.1 9.39924
      vertex -27.177 -18 9.38311
    endloop
  endfacet
  facet normal 0.615232 4.82891e-016 0.788346
    outer loop
      vertex -27.1699 18 9.37755
      vertex -27.413 15.1 9.56723
      vertex -27.1699 15.1 9.37755
    endloop
  endfacet
  facet normal 0.615232 1.78809e-016 0.788346
    outer loop
      vertex -27.1699 18 9.37755
      vertex -27.4336 18 9.58336
      vertex -27.413 15.1 9.56723
    endloop
  endfacet
  facet normal 0.615232 1.78809e-016 0.788346
    outer loop
      vertex -27.4408 -18 9.58893
      vertex -27.177 -18 9.38311
      vertex -27.1977 -15.1 9.39924
    endloop
  endfacet
  facet normal 0.615232 4.82891e-016 0.788346
    outer loop
      vertex -27.4408 -15.1 9.58893
      vertex -27.4408 -18 9.58893
      vertex -27.1977 -15.1 9.39924
    endloop
  endfacet
  facet normal 0.615232 5.174e-016 0.788346
    outer loop
      vertex -27.4408 15.1 9.58893
      vertex -27.413 15.1 9.56723
      vertex -27.4336 18 9.58336
    endloop
  endfacet
  facet normal 0.615232 4.82891e-016 0.788346
    outer loop
      vertex -27.4408 18 9.58893
      vertex -27.4408 15.1 9.58893
      vertex -27.4336 18 9.58336
    endloop
  endfacet
  facet normal 0.449611 0 0.893224
    outer loop
      vertex -26.2998 -15.1 8.82655
      vertex -25.9929 -18 8.67207
      vertex -25.9929 -15.1 8.67207
    endloop
  endfacet
  facet normal 0.449611 5.47133e-016 0.893224
    outer loop
      vertex -26.2998 -15.1 8.82655
      vertex -26.2998 -18 8.82655
      vertex -25.9929 -18 8.67207
    endloop
  endfacet
  facet normal 0.449611 0 0.893224
    outer loop
      vertex -26.2998 15.1 8.82655
      vertex -25.9929 15.1 8.67207
      vertex -25.9929 18 8.67207
    endloop
  endfacet
  facet normal 0.449611 5.47133e-016 0.893224
    outer loop
      vertex -26.2998 18 8.82655
      vertex -26.2998 15.1 8.82655
      vertex -25.9929 18 8.67207
    endloop
  endfacet
  facet normal 0.405241 5.57132e-016 0.91421
    outer loop
      vertex -25.9929 -15.1 8.67207
      vertex -25.6788 -18 8.53284
      vertex -25.6788 -15.1 8.53284
    endloop
  endfacet
  facet normal 0.405241 0 0.91421
    outer loop
      vertex -25.9929 -15.1 8.67207
      vertex -25.9929 -18 8.67207
      vertex -25.6788 -18 8.53284
    endloop
  endfacet
  facet normal 0.405241 5.57132e-016 0.91421
    outer loop
      vertex -25.9929 15.1 8.67207
      vertex -25.6788 15.1 8.53284
      vertex -25.6788 18 8.53284
    endloop
  endfacet
  facet normal 0.405241 0 0.91421
    outer loop
      vertex -25.9929 18 8.67207
      vertex -25.9929 15.1 8.67207
      vertex -25.6788 18 8.53284
    endloop
  endfacet
  facet normal 0.313682 0 0.949528
    outer loop
      vertex -25.3582 -15.1 8.40919
      vertex -25.032 -18 8.30142
      vertex -25.032 -15.1 8.30142
    endloop
  endfacet
  facet normal 0.313682 5.81621e-016 0.949528
    outer loop
      vertex -25.3582 -15.1 8.40919
      vertex -25.3582 -18 8.40919
      vertex -25.032 -18 8.30142
    endloop
  endfacet
  facet normal 0.313682 0 0.949528
    outer loop
      vertex -25.3582 15.1 8.40919
      vertex -25.032 15.1 8.30142
      vertex -25.032 18 8.30142
    endloop
  endfacet
  facet normal 0.313682 5.81621e-016 0.949528
    outer loop
      vertex -25.3582 18 8.40919
      vertex -25.3582 15.1 8.40919
      vertex -25.032 18 8.30142
    endloop
  endfacet
  facet normal 0.266713 5.91952e-016 0.963776
    outer loop
      vertex -25.032 -15.1 8.30142
      vertex -24.7009 -18 8.20978
      vertex -24.7009 -15.1 8.20978
    endloop
  endfacet
  facet normal 0.266713 0 0.963776
    outer loop
      vertex -25.032 -15.1 8.30142
      vertex -25.032 -18 8.30142
      vertex -24.7009 -18 8.20978
    endloop
  endfacet
  facet normal 0.266713 5.91952e-016 0.963776
    outer loop
      vertex -25.032 15.1 8.30142
      vertex -24.7009 15.1 8.20978
      vertex -24.7009 18 8.20978
    endloop
  endfacet
  facet normal 0.266713 0 0.963776
    outer loop
      vertex -25.032 18 8.30142
      vertex -25.032 15.1 8.30142
      vertex -24.7009 18 8.20978
    endloop
  endfacet
  facet normal 0.122411 0 0.99248
    outer loop
      vertex -24.0271 -15.1 8.07576
      vertex -23.6861 -18 8.03371
      vertex -23.6861 -15.1 8.03371
    endloop
  endfacet
  facet normal 0.122411 0 0.99248
    outer loop
      vertex -24.0271 -15.1 8.07576
      vertex -24.0271 -18 8.07576
      vertex -23.6861 -18 8.03371
    endloop
  endfacet
  facet normal 0.122411 0 0.99248
    outer loop
      vertex -24.0271 15.1 8.07576
      vertex -23.6861 15.1 8.03371
      vertex -23.6861 18 8.03371
    endloop
  endfacet
  facet normal 0.122411 0 0.99248
    outer loop
      vertex -24.0271 18 8.07576
      vertex -24.0271 15.1 8.07576
      vertex -23.6861 18 8.03371
    endloop
  endfacet
  facet normal -0.170962 6.02399e-016 0.985278
    outer loop
      vertex -21.9729 -15.1 8.07576
      vertex -21.6344 -18 8.1345
      vertex -21.6344 -15.1 8.1345
    endloop
  endfacet
  facet normal -0.170962 0 0.985278
    outer loop
      vertex -21.9729 -15.1 8.07576
      vertex -21.9729 -18 8.07576
      vertex -21.6344 -18 8.1345
    endloop
  endfacet
  facet normal -0.170962 6.02399e-016 0.985278
    outer loop
      vertex -21.9729 18 8.07576
      vertex -21.6344 15.1 8.1345
      vertex -21.6344 18 8.1345
    endloop
  endfacet
  facet normal -0.170962 0 0.985278
    outer loop
      vertex -21.9729 18 8.07576
      vertex -21.9729 15.1 8.07576
      vertex -21.6344 15.1 8.1345
    endloop
  endfacet
  facet normal -0.689541 4.45705e-016 0.724247
    outer loop
      vertex -18.2991 -15.1 9.81334
      vertex -18.0503 -18 10.0503
      vertex -18.0503 -15.1 10.0503
    endloop
  endfacet
  facet normal -0.689541 0 0.724247
    outer loop
      vertex -18.2991 -15.1 9.81334
      vertex -18.2991 -18 9.81334
      vertex -18.0503 -18 10.0503
    endloop
  endfacet
  facet normal -0.689541 4.45705e-016 0.724247
    outer loop
      vertex -18.2991 18 9.81334
      vertex -18.0503 15.1 10.0503
      vertex -18.0503 18 10.0503
    endloop
  endfacet
  facet normal -0.689541 0 0.724247
    outer loop
      vertex -18.2991 18 9.81334
      vertex -18.2991 15.1 9.81334
      vertex -18.0503 15.1 10.0503
    endloop
  endfacet
  facet normal -0.534998 5.22311e-016 0.844854
    outer loop
      vertex -19.4013 -15.1 8.9959
      vertex -19.111 -18 9.17971
      vertex -19.111 -15.1 9.17971
    endloop
  endfacet
  facet normal -0.534998 0 0.844854
    outer loop
      vertex -19.4013 -15.1 8.9959
      vertex -19.4013 -18 8.9959
      vertex -19.111 -18 9.17971
    endloop
  endfacet
  facet normal -0.534998 5.22311e-016 0.844854
    outer loop
      vertex -19.4013 18 8.9959
      vertex -19.111 15.1 9.17971
      vertex -19.111 18 9.17971
    endloop
  endfacet
  facet normal -0.534998 0 0.844854
    outer loop
      vertex -19.4013 18 8.9959
      vertex -19.4013 15.1 8.9959
      vertex -19.111 15.1 9.17971
    endloop
  endfacet
  facet normal -0.575808 5.01419e-016 0.817585
    outer loop
      vertex -19.111 -15.1 9.17971
      vertex -18.8301 -18 9.37755
      vertex -18.8301 -15.1 9.37755
    endloop
  endfacet
  facet normal -0.575808 5.00801e-016 0.817585
    outer loop
      vertex -19.111 -15.1 9.17971
      vertex -19.111 -18 9.17971
      vertex -18.8301 -18 9.37755
    endloop
  endfacet
  facet normal -0.575808 5.01419e-016 0.817585
    outer loop
      vertex -19.111 18 9.17971
      vertex -18.8301 15.1 9.37755
      vertex -18.8301 18 9.37755
    endloop
  endfacet
  facet normal -0.575808 5.00801e-016 0.817585
    outer loop
      vertex -19.111 18 9.17971
      vertex -19.111 15.1 9.17971
      vertex -18.8301 15.1 9.37755
    endloop
  endfacet
  facet normal -0.91421 2.50709e-016 0.405241
    outer loop
      vertex -16.6721 -18 12.0071
      vertex -16.5328 -18 12.3212
      vertex -16.5328 -15.1 12.3212
    endloop
  endfacet
  facet normal -0.91421 2.48225e-016 0.405241
    outer loop
      vertex -16.6721 -15.1 12.0071
      vertex -16.6721 -18 12.0071
      vertex -16.5328 -15.1 12.3212
    endloop
  endfacet
  facet normal -0.91421 2.50709e-016 0.405241
    outer loop
      vertex -16.6721 15.1 12.0071
      vertex -16.5328 15.1 12.3212
      vertex -16.5328 18 12.3212
    endloop
  endfacet
  facet normal -0.91421 2.48225e-016 0.405241
    outer loop
      vertex -16.6721 18 12.0071
      vertex -16.6721 15.1 12.0071
      vertex -16.5328 18 12.3212
    endloop
  endfacet
  facet normal -0.893224 2.75404e-016 0.449611
    outer loop
      vertex -16.6721 18 12.0071
      vertex -16.729 15.1 11.894
      vertex -16.6721 15.1 12.0071
    endloop
  endfacet
  facet normal -0.893224 -1.07944e-016 0.449611
    outer loop
      vertex -16.6721 18 12.0071
      vertex -16.8266 18 11.7002
      vertex -16.729 15.1 11.894
    endloop
  endfacet
  facet normal -0.893224 2.75404e-016 0.449611
    outer loop
      vertex -16.8266 18 11.7002
      vertex -16.8266 15.1 11.7002
      vertex -16.729 15.1 11.894
    endloop
  endfacet
  facet normal -0.893224 2.71602e-016 0.449611
    outer loop
      vertex -16.8266 -18 11.7002
      vertex -16.6721 -18 12.0071
      vertex -16.6721 -15.1 12.0071
    endloop
  endfacet
  facet normal -0.893224 2.75404e-016 0.449611
    outer loop
      vertex -16.8266 -15.1 11.7002
      vertex -16.8266 -18 11.7002
      vertex -16.6721 -15.1 12.0071
    endloop
  endfacet
  facet normal -0.985278 1.04462e-016 0.170962
    outer loop
      vertex -16.1345 -18 13.6344
      vertex -16.0758 -18 13.9729
      vertex -16.0758 -15.1 13.9729
    endloop
  endfacet
  facet normal -0.985278 1.0472e-016 0.170962
    outer loop
      vertex -16.1345 -15.1 13.6344
      vertex -16.1345 -18 13.6344
      vertex -16.0758 -15.1 13.9729
    endloop
  endfacet
  facet normal -0.985278 1.04462e-016 0.170962
    outer loop
      vertex -16.1345 15.1 13.6344
      vertex -16.0758 15.1 13.9729
      vertex -16.0758 18 13.9729
    endloop
  endfacet
  facet normal -0.985278 1.0472e-016 0.170962
    outer loop
      vertex -16.1345 18 13.6344
      vertex -16.1345 15.1 13.6344
      vertex -16.0758 18 13.9729
    endloop
  endfacet
  facet normal -0.963776 1.63371e-016 0.266713
    outer loop
      vertex -16.2098 18 13.2991
      vertex -16.2285 15.1 13.2316
      vertex -16.2098 15.1 13.2991
    endloop
  endfacet
  facet normal -0.963776 -3.22962e-016 0.266713
    outer loop
      vertex -16.2098 18 13.2991
      vertex -16.3014 18 12.968
      vertex -16.2285 15.1 13.2316
    endloop
  endfacet
  facet normal -0.963776 1.63371e-016 0.266713
    outer loop
      vertex -16.3014 18 12.968
      vertex -16.3014 15.1 12.968
      vertex -16.2285 15.1 13.2316
    endloop
  endfacet
  facet normal -0.963776 1.63657e-016 0.266713
    outer loop
      vertex -16.3014 -18 12.968
      vertex -16.2098 -18 13.2991
      vertex -16.2098 -15.1 13.2991
    endloop
  endfacet
  facet normal -0.963776 1.63371e-016 0.266713
    outer loop
      vertex -16.3014 -15.1 12.968
      vertex -16.3014 -18 12.968
      vertex -16.2098 -15.1 13.2991
    endloop
  endfacet
  facet normal 0.963776 1.63657e-016 0.266713
    outer loop
      vertex -29.7902 -15.1 13.2991
      vertex -29.6986 -18 12.968
      vertex -29.6986 -15.1 12.968
    endloop
  endfacet
  facet normal 0.963776 0 0.266713
    outer loop
      vertex -29.7902 -15.1 13.2991
      vertex -29.7902 -18 13.2991
      vertex -29.6986 -18 12.968
    endloop
  endfacet
  facet normal 0.963776 1.63657e-016 0.266713
    outer loop
      vertex -29.7902 18 13.2991
      vertex -29.6986 15.1 12.968
      vertex -29.6986 18 12.968
    endloop
  endfacet
  facet normal 0.963776 0 0.266713
    outer loop
      vertex -29.7902 18 13.2991
      vertex -29.7902 15.1 13.2991
      vertex -29.6986 15.1 12.968
    endloop
  endfacet
  facet normal 0.757209 4.03921e-016 0.653173
    outer loop
      vertex -28.4111 -15.1 10.5592
      vertex -28.1867 -18 10.2991
      vertex -28.1867 -15.1 10.2991
    endloop
  endfacet
  facet normal 0.757209 4.00092e-016 0.653173
    outer loop
      vertex -28.4111 -15.1 10.5592
      vertex -28.4111 -18 10.5592
      vertex -28.1867 -18 10.2991
    endloop
  endfacet
  facet normal 0.757209 4.03921e-016 0.653173
    outer loop
      vertex -28.4111 18 10.5592
      vertex -28.1867 15.1 10.2991
      vertex -28.1867 18 10.2991
    endloop
  endfacet
  facet normal 0.757209 4.00092e-016 0.653173
    outer loop
      vertex -28.4111 18 10.5592
      vertex -28.4111 15.1 10.5592
      vertex -28.1867 15.1 10.2991
    endloop
  endfacet
  facet normal 0.817585 3.48207e-016 0.575808
    outer loop
      vertex -28.8203 -15.1 11.111
      vertex -28.6225 -18 10.8301
      vertex -28.6225 -15.1 10.8301
    endloop
  endfacet
  facet normal 0.817585 0 0.575808
    outer loop
      vertex -28.8203 -15.1 11.111
      vertex -28.8203 -18 11.111
      vertex -28.6225 -18 10.8301
    endloop
  endfacet
  facet normal 0.817585 3.48207e-016 0.575808
    outer loop
      vertex -28.8203 18 11.111
      vertex -28.6225 15.1 10.8301
      vertex -28.6225 18 10.8301
    endloop
  endfacet
  facet normal 0.817585 0 0.575808
    outer loop
      vertex -28.8203 18 11.111
      vertex -28.8203 15.1 11.111
      vertex -28.6225 15.1 10.8301
    endloop
  endfacet
  facet normal 0.870087 0 0.492898
    outer loop
      vertex -29.0041 -15.1 11.4013
      vertex -29.0086 -18 11.4091
      vertex -29.0041 -18 11.4013
    endloop
  endfacet
  facet normal 0.870087 3.96797e-016 0.492898
    outer loop
      vertex -29.0041 -15.1 11.4013
      vertex -29.0215 -15.1 11.432
      vertex -29.0086 -18 11.4091
    endloop
  endfacet
  facet normal 0.870087 0 0.492898
    outer loop
      vertex -29.0041 18 11.4013
      vertex -29.1561 15.1 11.6695
      vertex -29.0041 15.1 11.4013
    endloop
  endfacet
  facet normal 0.870087 -4.79209e-016 0.492898
    outer loop
      vertex -29.0041 18 11.4013
      vertex -29.169 18 11.6924
      vertex -29.1561 15.1 11.6695
    endloop
  endfacet
  facet normal 0.0245412 6.11974e-016 0.999699
    outer loop
      vertex -23.3435 -15.1 8.00843
      vertex -23 -18 8
      vertex -23 -15.1 8
    endloop
  endfacet
  facet normal 0.0245412 6.12352e-016 0.999699
    outer loop
      vertex -23.3435 -15.1 8.00843
      vertex -23.3435 -18 8.00843
      vertex -23 -18 8
    endloop
  endfacet
  facet normal 0.0245412 3.06422e-016 0.999699
    outer loop
      vertex -23.3435 15.1 8.00843
      vertex -23 15.1 8
      vertex -23 18 8
    endloop
  endfacet
  facet normal 0.0245412 6.12352e-016 0.999699
    outer loop
      vertex -23.3435 18 8.00843
      vertex -23.3435 15.1 8.00843
      vertex -23 18 8
    endloop
  endfacet
  facet normal -0.0245412 6.1241e-016 0.999699
    outer loop
      vertex -23 -15.1 8
      vertex -22.6565 -18 8.00843
      vertex -22.6565 -15.1 8.00843
    endloop
  endfacet
  facet normal -0.0245412 6.12352e-016 0.999699
    outer loop
      vertex -23 -15.1 8
      vertex -23 -18 8
      vertex -22.6565 -18 8.00843
    endloop
  endfacet
  facet normal -0.0245412 6.1241e-016 0.999699
    outer loop
      vertex -23 18 8
      vertex -22.6565 15.1 8.00843
      vertex -22.6565 18 8.00843
    endloop
  endfacet
  facet normal -0.0245412 3.06176e-016 0.999699
    outer loop
      vertex -23 18 8
      vertex -23 15.1 8
      vertex -22.6565 15.1 8.00843
    endloop
  endfacet
  facet normal -0.870087 3.06422e-016 0.492898
    outer loop
      vertex -16.9959 -18 11.4013
      vertex -16.8266 -18 11.7002
      vertex -16.8266 -15.1 11.7002
    endloop
  endfacet
  facet normal -0.870087 0 0.492898
    outer loop
      vertex -16.9959 -15.1 11.4013
      vertex -16.9959 -18 11.4013
      vertex -16.8266 -15.1 11.7002
    endloop
  endfacet
  facet normal -0.870087 3.06422e-016 0.492898
    outer loop
      vertex -16.9959 15.1 11.4013
      vertex -16.8266 15.1 11.7002
      vertex -16.8266 18 11.7002
    endloop
  endfacet
  facet normal -0.870087 0 0.492898
    outer loop
      vertex -16.9959 18 11.4013
      vertex -16.9959 15.1 11.4013
      vertex -16.8266 18 11.7002
    endloop
  endfacet
  facet normal 0.985278 0 0.170962
    outer loop
      vertex -29.9242 -15.1 13.9729
      vertex -29.8655 -18 13.6344
      vertex -29.8655 -15.1 13.6344
    endloop
  endfacet
  facet normal 0.985278 1.0472e-016 0.170962
    outer loop
      vertex -29.9242 -15.1 13.9729
      vertex -29.9242 -18 13.9729
      vertex -29.8655 -18 13.6344
    endloop
  endfacet
  facet normal 0.985278 0 0.170962
    outer loop
      vertex -29.9242 18 13.9729
      vertex -29.8655 15.1 13.6344
      vertex -29.8655 18 13.6344
    endloop
  endfacet
  facet normal 0.985278 1.0472e-016 0.170962
    outer loop
      vertex -29.9242 18 13.9729
      vertex -29.9242 15.1 13.9729
      vertex -29.8655 15.1 13.6344
    endloop
  endfacet
  facet normal 0.975702 0 0.219101
    outer loop
      vertex -29.8655 -15.1 13.6344
      vertex -29.7902 -18 13.2991
      vertex -29.7902 -15.1 13.2991
    endloop
  endfacet
  facet normal 0.975702 0 0.219101
    outer loop
      vertex -29.8655 -15.1 13.6344
      vertex -29.8655 -18 13.6344
      vertex -29.7902 -18 13.2991
    endloop
  endfacet
  facet normal 0.975702 0 0.219101
    outer loop
      vertex -29.8655 18 13.6344
      vertex -29.7902 15.1 13.2991
      vertex -29.7902 18 13.2991
    endloop
  endfacet
  facet normal 0.975702 0 0.219101
    outer loop
      vertex -29.8655 18 13.6344
      vertex -29.8655 15.1 13.6344
      vertex -29.7902 15.1 13.2991
    endloop
  endfacet
  facet normal 0.170962 0 0.985278
    outer loop
      vertex -24.3656 -15.1 8.1345
      vertex -24.0271 -18 8.07576
      vertex -24.0271 -15.1 8.07576
    endloop
  endfacet
  facet normal 0.170962 0 0.985278
    outer loop
      vertex -24.3656 -15.1 8.1345
      vertex -24.3656 -18 8.1345
      vertex -24.0271 -18 8.07576
    endloop
  endfacet
  facet normal 0.170962 0 0.985278
    outer loop
      vertex -24.3656 15.1 8.1345
      vertex -24.0271 15.1 8.07576
      vertex -24.0271 18 8.07576
    endloop
  endfacet
  facet normal 0.170962 0 0.985278
    outer loop
      vertex -24.3656 18 8.1345
      vertex -24.3656 15.1 8.1345
      vertex -24.0271 18 8.07576
    endloop
  endfacet
  facet normal 0 -0 1
    outer loop
      vertex -40.3096 -13.4097 6.2
      vertex -40.3096 -12.5903 6.2
      vertex -40.35 -13 6.2
    endloop
  endfacet
  facet normal 0 0 1
    outer loop
      vertex -40.3096 -13.4097 6.2
      vertex -38.25 -10.9 6.2
      vertex -40.3096 -12.5903 6.2
    endloop
  endfacet
  facet normal -0 -0 1
    outer loop
      vertex -40.1901 -13.8036 6.2
      vertex -39.9961 -14.1667 6.2
      vertex -40.3096 -13.4097 6.2
    endloop
  endfacet
  facet normal -0 -0 1
    outer loop
      vertex -39.9961 -14.1667 6.2
      vertex -39.4167 -14.7461 6.2
      vertex -40.3096 -13.4097 6.2
    endloop
  endfacet
  facet normal -0 -0 1
    outer loop
      vertex -39.7349 -14.4849 6.2
      vertex -39.4167 -14.7461 6.2
      vertex -39.9961 -14.1667 6.2
    endloop
  endfacet
  facet normal -0 -0 1
    outer loop
      vertex -39.4167 -14.7461 6.2
      vertex -38.6597 -15.0596 6.2
      vertex -40.3096 -13.4097 6.2
    endloop
  endfacet
  facet normal -0 -0 1
    outer loop
      vertex -39.0536 -14.9401 6.2
      vertex -38.6597 -15.0596 6.2
      vertex -39.4167 -14.7461 6.2
    endloop
  endfacet
  facet normal 0 -0 1
    outer loop
      vertex -38.6597 -15.0596 6.2
      vertex -36.1904 -13.4097 6.2
      vertex -40.3096 -13.4097 6.2
    endloop
  endfacet
  facet normal 0 -0 1
    outer loop
      vertex -38.25 -15.1 6.2
      vertex -37.0833 -14.7461 6.2
      vertex -38.6597 -15.0596 6.2
    endloop
  endfacet
  facet normal 0 -0 1
    outer loop
      vertex -37.8403 -15.0596 6.2
      vertex -37.4464 -14.9401 6.2
      vertex -38.25 -15.1 6.2
    endloop
  endfacet
  facet normal 0 -0 1
    outer loop
      vertex -37.4464 -14.9401 6.2
      vertex -37.0833 -14.7461 6.2
      vertex -38.25 -15.1 6.2
    endloop
  endfacet
  facet normal 0 -0 1
    outer loop
      vertex -37.0833 -14.7461 6.2
      vertex -36.1904 -13.4097 6.2
      vertex -38.6597 -15.0596 6.2
    endloop
  endfacet
  facet normal 0 -0 1
    outer loop
      vertex -36.7651 -14.4849 6.2
      vertex -36.5039 -14.1667 6.2
      vertex -37.0833 -14.7461 6.2
    endloop
  endfacet
  facet normal 0 -0 1
    outer loop
      vertex -36.5039 -14.1667 6.2
      vertex -36.1904 -13.4097 6.2
      vertex -37.0833 -14.7461 6.2
    endloop
  endfacet
  facet normal 0 -0 1
    outer loop
      vertex -36.3099 -13.8036 6.2
      vertex -36.1904 -13.4097 6.2
      vertex -36.5039 -14.1667 6.2
    endloop
  endfacet
  facet normal 0 0 1
    outer loop
      vertex -36.1904 -13.4097 6.2
      vertex -38.25 -10.9 6.2
      vertex -40.3096 -13.4097 6.2
    endloop
  endfacet
  facet normal 0 0 1
    outer loop
      vertex -36.15 -13 6.2
      vertex -36.5039 -11.8333 6.2
      vertex -36.1904 -13.4097 6.2
    endloop
  endfacet
  facet normal 0 0 1
    outer loop
      vertex -36.1904 -12.5903 6.2
      vertex -36.3099 -12.1964 6.2
      vertex -36.15 -13 6.2
    endloop
  endfacet
  facet normal 0 0 1
    outer loop
      vertex -36.3099 -12.1964 6.2
      vertex -36.5039 -11.8333 6.2
      vertex -36.15 -13 6.2
    endloop
  endfacet
  facet normal 0 0 1
    outer loop
      vertex -36.5039 -11.8333 6.2
      vertex -37.0833 -11.2539 6.2
      vertex -36.1904 -13.4097 6.2
    endloop
  endfacet
  facet normal 0 0 1
    outer loop
      vertex -36.7651 -11.5151 6.2
      vertex -37.0833 -11.2539 6.2
      vertex -36.5039 -11.8333 6.2
    endloop
  endfacet
  facet normal 0 0 1
    outer loop
      vertex -37.0833 -11.2539 6.2
      vertex -38.25 -10.9 6.2
      vertex -36.1904 -13.4097 6.2
    endloop
  endfacet
  facet normal 0 0 1
    outer loop
      vertex -37.4464 -11.0599 6.2
      vertex -38.25 -10.9 6.2
      vertex -37.0833 -11.2539 6.2
    endloop
  endfacet
  facet normal 0 0 1
    outer loop
      vertex -37.8403 -10.9404 6.2
      vertex -38.25 -10.9 6.2
      vertex -37.4464 -11.0599 6.2
    endloop
  endfacet
  facet normal 0 0 1
    outer loop
      vertex -38.25 -10.9 6.2
      vertex -39.4167 -11.2539 6.2
      vertex -40.3096 -12.5903 6.2
    endloop
  endfacet
  facet normal -0 0 1
    outer loop
      vertex -38.6597 -10.9404 6.2
      vertex -39.0536 -11.0599 6.2
      vertex -38.25 -10.9 6.2
    endloop
  endfacet
  facet normal -0 0 1
    outer loop
      vertex -39.0536 -11.0599 6.2
      vertex -39.4167 -11.2539 6.2
      vertex -38.25 -10.9 6.2
    endloop
  endfacet
  facet normal 0 0 1
    outer loop
      vertex -39.4167 -11.2539 6.2
      vertex -39.9961 -11.8333 6.2
      vertex -40.3096 -12.5903 6.2
    endloop
  endfacet
  facet normal -0 0 1
    outer loop
      vertex -39.7349 -11.5151 6.2
      vertex -39.9961 -11.8333 6.2
      vertex -39.4167 -11.2539 6.2
    endloop
  endfacet
  facet normal 0 0 1
    outer loop
      vertex -39.9961 -11.8333 6.2
      vertex -40.1901 -12.1964 6.2
      vertex -40.3096 -12.5903 6.2
    endloop
  endfacet
  facet normal 0 -0 1
    outer loop
      vertex -40.3096 12.5903 6.2
      vertex -40.3096 13.4097 6.2
      vertex -40.35 13 6.2
    endloop
  endfacet
  facet normal 0 0 1
    outer loop
      vertex -40.3096 12.5903 6.2
      vertex -38.25 15.1 6.2
      vertex -40.3096 13.4097 6.2
    endloop
  endfacet
  facet normal -0 -0 1
    outer loop
      vertex -40.1901 12.1964 6.2
      vertex -39.9961 11.8333 6.2
      vertex -40.3096 12.5903 6.2
    endloop
  endfacet
  facet normal -0 -0 1
    outer loop
      vertex -39.9961 11.8333 6.2
      vertex -39.4167 11.2539 6.2
      vertex -40.3096 12.5903 6.2
    endloop
  endfacet
  facet normal -0 -0 1
    outer loop
      vertex -39.7349 11.5151 6.2
      vertex -39.4167 11.2539 6.2
      vertex -39.9961 11.8333 6.2
    endloop
  endfacet
  facet normal -0 -0 1
    outer loop
      vertex -39.4167 11.2539 6.2
      vertex -38.6597 10.9404 6.2
      vertex -40.3096 12.5903 6.2
    endloop
  endfacet
  facet normal -0 -0 1
    outer loop
      vertex -39.0536 11.0599 6.2
      vertex -38.6597 10.9404 6.2
      vertex -39.4167 11.2539 6.2
    endloop
  endfacet
  facet normal 0 -0 1
    outer loop
      vertex -38.6597 10.9404 6.2
      vertex -36.1904 12.5903 6.2
      vertex -40.3096 12.5903 6.2
    endloop
  endfacet
  facet normal 0 -0 1
    outer loop
      vertex -38.25 10.9 6.2
      vertex -37.0833 11.2539 6.2
      vertex -38.6597 10.9404 6.2
    endloop
  endfacet
  facet normal 0 -0 1
    outer loop
      vertex -37.8403 10.9404 6.2
      vertex -37.4464 11.0599 6.2
      vertex -38.25 10.9 6.2
    endloop
  endfacet
  facet normal 0 -0 1
    outer loop
      vertex -37.4464 11.0599 6.2
      vertex -37.0833 11.2539 6.2
      vertex -38.25 10.9 6.2
    endloop
  endfacet
  facet normal 0 -0 1
    outer loop
      vertex -37.0833 11.2539 6.2
      vertex -36.1904 12.5903 6.2
      vertex -38.6597 10.9404 6.2
    endloop
  endfacet
  facet normal 0 -0 1
    outer loop
      vertex -36.7651 11.5151 6.2
      vertex -36.5039 11.8333 6.2
      vertex -37.0833 11.2539 6.2
    endloop
  endfacet
  facet normal 0 -0 1
    outer loop
      vertex -36.5039 11.8333 6.2
      vertex -36.1904 12.5903 6.2
      vertex -37.0833 11.2539 6.2
    endloop
  endfacet
  facet normal 0 -0 1
    outer loop
      vertex -36.3099 12.1964 6.2
      vertex -36.1904 12.5903 6.2
      vertex -36.5039 11.8333 6.2
    endloop
  endfacet
  facet normal 0 0 1
    outer loop
      vertex -36.1904 12.5903 6.2
      vertex -38.25 15.1 6.2
      vertex -40.3096 12.5903 6.2
    endloop
  endfacet
  facet normal 0 0 1
    outer loop
      vertex -36.15 13 6.2
      vertex -36.5039 14.1667 6.2
      vertex -36.1904 12.5903 6.2
    endloop
  endfacet
  facet normal 0 0 1
    outer loop
      vertex -36.1904 13.4097 6.2
      vertex -36.3099 13.8036 6.2
      vertex -36.15 13 6.2
    endloop
  endfacet
  facet normal 0 0 1
    outer loop
      vertex -36.3099 13.8036 6.2
      vertex -36.5039 14.1667 6.2
      vertex -36.15 13 6.2
    endloop
  endfacet
  facet normal 0 0 1
    outer loop
      vertex -36.5039 14.1667 6.2
      vertex -37.0833 14.7461 6.2
      vertex -36.1904 12.5903 6.2
    endloop
  endfacet
  facet normal 0 0 1
    outer loop
      vertex -36.7651 14.4849 6.2
      vertex -37.0833 14.7461 6.2
      vertex -36.5039 14.1667 6.2
    endloop
  endfacet
  facet normal 0 0 1
    outer loop
      vertex -37.0833 14.7461 6.2
      vertex -38.25 15.1 6.2
      vertex -36.1904 12.5903 6.2
    endloop
  endfacet
  facet normal 0 0 1
    outer loop
      vertex -37.4464 14.9401 6.2
      vertex -38.25 15.1 6.2
      vertex -37.0833 14.7461 6.2
    endloop
  endfacet
  facet normal 0 0 1
    outer loop
      vertex -37.8403 15.0596 6.2
      vertex -38.25 15.1 6.2
      vertex -37.4464 14.9401 6.2
    endloop
  endfacet
  facet normal 0 0 1
    outer loop
      vertex -38.25 15.1 6.2
      vertex -39.4167 14.7461 6.2
      vertex -40.3096 13.4097 6.2
    endloop
  endfacet
  facet normal -0 0 1
    outer loop
      vertex -38.6597 15.0596 6.2
      vertex -39.0536 14.9401 6.2
      vertex -38.25 15.1 6.2
    endloop
  endfacet
  facet normal -0 0 1
    outer loop
      vertex -39.0536 14.9401 6.2
      vertex -39.4167 14.7461 6.2
      vertex -38.25 15.1 6.2
    endloop
  endfacet
  facet normal 0 0 1
    outer loop
      vertex -39.4167 14.7461 6.2
      vertex -39.9961 14.1667 6.2
      vertex -40.3096 13.4097 6.2
    endloop
  endfacet
  facet normal -0 0 1
    outer loop
      vertex -39.7349 14.4849 6.2
      vertex -39.9961 14.1667 6.2
      vertex -39.4167 14.7461 6.2
    endloop
  endfacet
  facet normal 0 0 1
    outer loop
      vertex -39.9961 14.1667 6.2
      vertex -40.1901 13.8036 6.2
      vertex -40.3096 13.4097 6.2
    endloop
  endfacet
  facet normal 0 0 1
    outer loop
      vertex -9.69015 -12.1964 6.2
      vertex -9.80965 -12.5903 6.2
      vertex -9.85 -13 6.2
    endloop
  endfacet
  facet normal -0 -0 1
    outer loop
      vertex -9.80965 -13.4097 6.2
      vertex -9.69015 -13.8036 6.2
      vertex -9.85 -13 6.2
    endloop
  endfacet
  facet normal -0 -0 1
    outer loop
      vertex -9.69015 -13.8036 6.2
      vertex -9.49609 -14.1667 6.2
      vertex -9.85 -13 6.2
    endloop
  endfacet
  facet normal -0 -0 1
    outer loop
      vertex -9.49609 -14.1667 6.2
      vertex -8.15969 -15.0596 6.2
      vertex -9.85 -13 6.2
    endloop
  endfacet
  facet normal -0 -0 1
    outer loop
      vertex -9.23492 -14.4849 6.2
      vertex -8.9167 -14.7461 6.2
      vertex -9.49609 -14.1667 6.2
    endloop
  endfacet
  facet normal -0 -0 1
    outer loop
      vertex -8.9167 -14.7461 6.2
      vertex -8.15969 -15.0596 6.2
      vertex -9.49609 -14.1667 6.2
    endloop
  endfacet
  facet normal -0 -0 1
    outer loop
      vertex -8.55364 -14.9401 6.2
      vertex -8.15969 -15.0596 6.2
      vertex -8.9167 -14.7461 6.2
    endloop
  endfacet
  facet normal 0 -0 1
    outer loop
      vertex -8.15969 -15.0596 6.2
      vertex -5.69035 -12.5903 6.2
      vertex -9.85 -13 6.2
    endloop
  endfacet
  facet normal 0 -0 1
    outer loop
      vertex -7.75 -15.1 6.2
      vertex -6.5833 -14.7461 6.2
      vertex -8.15969 -15.0596 6.2
    endloop
  endfacet
  facet normal 0 -0 1
    outer loop
      vertex -7.34031 -15.0596 6.2
      vertex -6.94636 -14.9401 6.2
      vertex -7.75 -15.1 6.2
    endloop
  endfacet
  facet normal 0 -0 1
    outer loop
      vertex -6.94636 -14.9401 6.2
      vertex -6.5833 -14.7461 6.2
      vertex -7.75 -15.1 6.2
    endloop
  endfacet
  facet normal 0 -0 1
    outer loop
      vertex -6.5833 -14.7461 6.2
      vertex -5.69035 -13.4097 6.2
      vertex -8.15969 -15.0596 6.2
    endloop
  endfacet
  facet normal 0 -0 1
    outer loop
      vertex -6.26508 -14.4849 6.2
      vertex -6.00391 -14.1667 6.2
      vertex -6.5833 -14.7461 6.2
    endloop
  endfacet
  facet normal 0 -0 1
    outer loop
      vertex -6.00391 -14.1667 6.2
      vertex -5.69035 -13.4097 6.2
      vertex -6.5833 -14.7461 6.2
    endloop
  endfacet
  facet normal 0 -0 1
    outer loop
      vertex -5.80985 -13.8036 6.2
      vertex -5.69035 -13.4097 6.2
      vertex -6.00391 -14.1667 6.2
    endloop
  endfacet
  facet normal 0 -0 1
    outer loop
      vertex -5.69035 -13.4097 6.2
      vertex -5.69035 -12.5903 6.2
      vertex -8.15969 -15.0596 6.2
    endloop
  endfacet
  facet normal 0 0 1
    outer loop
      vertex -5.65 -13 6.2
      vertex -5.69035 -12.5903 6.2
      vertex -5.69035 -13.4097 6.2
    endloop
  endfacet
  facet normal 0 0 1
    outer loop
      vertex -5.69035 -12.5903 6.2
      vertex -7.75 -10.9 6.2
      vertex -9.85 -13 6.2
    endloop
  endfacet
  facet normal 0 0 1
    outer loop
      vertex -5.80985 -12.1964 6.2
      vertex -6.00391 -11.8333 6.2
      vertex -5.69035 -12.5903 6.2
    endloop
  endfacet
  facet normal 0 0 1
    outer loop
      vertex -6.00391 -11.8333 6.2
      vertex -6.5833 -11.2539 6.2
      vertex -5.69035 -12.5903 6.2
    endloop
  endfacet
  facet normal 0 0 1
    outer loop
      vertex -6.26508 -11.5151 6.2
      vertex -6.5833 -11.2539 6.2
      vertex -6.00391 -11.8333 6.2
    endloop
  endfacet
  facet normal 0 0 1
    outer loop
      vertex -6.5833 -11.2539 6.2
      vertex -7.75 -10.9 6.2
      vertex -5.69035 -12.5903 6.2
    endloop
  endfacet
  facet normal 0 0 1
    outer loop
      vertex -6.94636 -11.0599 6.2
      vertex -7.75 -10.9 6.2
      vertex -6.5833 -11.2539 6.2
    endloop
  endfacet
  facet normal 0 0 1
    outer loop
      vertex -7.34031 -10.9404 6.2
      vertex -7.75 -10.9 6.2
      vertex -6.94636 -11.0599 6.2
    endloop
  endfacet
  facet normal 0 0 1
    outer loop
      vertex -7.75 -10.9 6.2
      vertex -8.9167 -11.2539 6.2
      vertex -9.85 -13 6.2
    endloop
  endfacet
  facet normal -0 0 1
    outer loop
      vertex -8.15969 -10.9404 6.2
      vertex -8.55364 -11.0599 6.2
      vertex -7.75 -10.9 6.2
    endloop
  endfacet
  facet normal -0 0 1
    outer loop
      vertex -8.55364 -11.0599 6.2
      vertex -8.9167 -11.2539 6.2
      vertex -7.75 -10.9 6.2
    endloop
  endfacet
  facet normal 0 0 1
    outer loop
      vertex -8.9167 -11.2539 6.2
      vertex -9.49609 -11.8333 6.2
      vertex -9.85 -13 6.2
    endloop
  endfacet
  facet normal -0 0 1
    outer loop
      vertex -9.23492 -11.5151 6.2
      vertex -9.49609 -11.8333 6.2
      vertex -8.9167 -11.2539 6.2
    endloop
  endfacet
  facet normal 0 0 1
    outer loop
      vertex -9.49609 -11.8333 6.2
      vertex -9.69015 -12.1964 6.2
      vertex -9.85 -13 6.2
    endloop
  endfacet
  facet normal 0 0 1
    outer loop
      vertex -9.69015 13.8036 6.2
      vertex -9.80965 13.4097 6.2
      vertex -9.85 13 6.2
    endloop
  endfacet
  facet normal -0 -0 1
    outer loop
      vertex -9.80965 12.5903 6.2
      vertex -9.69015 12.1964 6.2
      vertex -9.85 13 6.2
    endloop
  endfacet
  facet normal -0 -0 1
    outer loop
      vertex -9.69015 12.1964 6.2
      vertex -9.49609 11.8333 6.2
      vertex -9.85 13 6.2
    endloop
  endfacet
  facet normal -0 -0 1
    outer loop
      vertex -9.49609 11.8333 6.2
      vertex -8.15969 10.9404 6.2
      vertex -9.85 13 6.2
    endloop
  endfacet
  facet normal -0 -0 1
    outer loop
      vertex -9.23492 11.5151 6.2
      vertex -8.9167 11.2539 6.2
      vertex -9.49609 11.8333 6.2
    endloop
  endfacet
  facet normal -0 -0 1
    outer loop
      vertex -8.9167 11.2539 6.2
      vertex -8.15969 10.9404 6.2
      vertex -9.49609 11.8333 6.2
    endloop
  endfacet
  facet normal -0 -0 1
    outer loop
      vertex -8.55364 11.0599 6.2
      vertex -8.15969 10.9404 6.2
      vertex -8.9167 11.2539 6.2
    endloop
  endfacet
  facet normal 0 -0 1
    outer loop
      vertex -8.15969 10.9404 6.2
      vertex -5.69035 13.4097 6.2
      vertex -9.85 13 6.2
    endloop
  endfacet
  facet normal 0 -0 1
    outer loop
      vertex -7.75 10.9 6.2
      vertex -6.5833 11.2539 6.2
      vertex -8.15969 10.9404 6.2
    endloop
  endfacet
  facet normal 0 -0 1
    outer loop
      vertex -7.34031 10.9404 6.2
      vertex -6.94636 11.0599 6.2
      vertex -7.75 10.9 6.2
    endloop
  endfacet
  facet normal 0 -0 1
    outer loop
      vertex -6.94636 11.0599 6.2
      vertex -6.5833 11.2539 6.2
      vertex -7.75 10.9 6.2
    endloop
  endfacet
  facet normal 0 -0 1
    outer loop
      vertex -6.5833 11.2539 6.2
      vertex -5.69035 12.5903 6.2
      vertex -8.15969 10.9404 6.2
    endloop
  endfacet
  facet normal 0 -0 1
    outer loop
      vertex -6.26508 11.5151 6.2
      vertex -6.00391 11.8333 6.2
      vertex -6.5833 11.2539 6.2
    endloop
  endfacet
  facet normal 0 -0 1
    outer loop
      vertex -6.00391 11.8333 6.2
      vertex -5.69035 12.5903 6.2
      vertex -6.5833 11.2539 6.2
    endloop
  endfacet
  facet normal 0 -0 1
    outer loop
      vertex -5.80985 12.1964 6.2
      vertex -5.69035 12.5903 6.2
      vertex -6.00391 11.8333 6.2
    endloop
  endfacet
  facet normal 0 -0 1
    outer loop
      vertex -5.69035 12.5903 6.2
      vertex -5.69035 13.4097 6.2
      vertex -8.15969 10.9404 6.2
    endloop
  endfacet
  facet normal 0 0 1
    outer loop
      vertex -5.65 13 6.2
      vertex -5.69035 13.4097 6.2
      vertex -5.69035 12.5903 6.2
    endloop
  endfacet
  facet normal 0 0 1
    outer loop
      vertex -5.69035 13.4097 6.2
      vertex -7.75 15.1 6.2
      vertex -9.85 13 6.2
    endloop
  endfacet
  facet normal 0 0 1
    outer loop
      vertex -5.80985 13.8036 6.2
      vertex -6.00391 14.1667 6.2
      vertex -5.69035 13.4097 6.2
    endloop
  endfacet
  facet normal 0 0 1
    outer loop
      vertex -6.00391 14.1667 6.2
      vertex -6.5833 14.7461 6.2
      vertex -5.69035 13.4097 6.2
    endloop
  endfacet
  facet normal 0 0 1
    outer loop
      vertex -6.26508 14.4849 6.2
      vertex -6.5833 14.7461 6.2
      vertex -6.00391 14.1667 6.2
    endloop
  endfacet
  facet normal 0 0 1
    outer loop
      vertex -6.5833 14.7461 6.2
      vertex -7.75 15.1 6.2
      vertex -5.69035 13.4097 6.2
    endloop
  endfacet
  facet normal 0 0 1
    outer loop
      vertex -6.94636 14.9401 6.2
      vertex -7.75 15.1 6.2
      vertex -6.5833 14.7461 6.2
    endloop
  endfacet
  facet normal 0 0 1
    outer loop
      vertex -7.34031 15.0596 6.2
      vertex -7.75 15.1 6.2
      vertex -6.94636 14.9401 6.2
    endloop
  endfacet
  facet normal 0 0 1
    outer loop
      vertex -7.75 15.1 6.2
      vertex -8.9167 14.7461 6.2
      vertex -9.85 13 6.2
    endloop
  endfacet
  facet normal -0 0 1
    outer loop
      vertex -8.15969 15.0596 6.2
      vertex -8.55364 14.9401 6.2
      vertex -7.75 15.1 6.2
    endloop
  endfacet
  facet normal -0 0 1
    outer loop
      vertex -8.55364 14.9401 6.2
      vertex -8.9167 14.7461 6.2
      vertex -7.75 15.1 6.2
    endloop
  endfacet
  facet normal 0 0 1
    outer loop
      vertex -8.9167 14.7461 6.2
      vertex -9.49609 14.1667 6.2
      vertex -9.85 13 6.2
    endloop
  endfacet
  facet normal -0 0 1
    outer loop
      vertex -9.23492 14.4849 6.2
      vertex -9.49609 14.1667 6.2
      vertex -8.9167 14.7461 6.2
    endloop
  endfacet
  facet normal 0 0 1
    outer loop
      vertex -9.49609 14.1667 6.2
      vertex -9.69015 13.8036 6.2
      vertex -9.85 13 6.2
    endloop
  endfacet
  facet normal 0.866025 0.5 -0
    outer loop
      vertex -41.95 -13 0
      vertex -41.95 -13 5.1
      vertex -40.1 -16.2043 5.1
    endloop
  endfacet
  facet normal 0.866025 0.5 -0
    outer loop
      vertex -40.1 -16.2043 0
      vertex -41.95 -13 0
      vertex -40.1 -16.2043 5.1
    endloop
  endfacet
  facet normal 0 1 -0
    outer loop
      vertex -36.4 -16.2043 0
      vertex -40.1 -16.2043 5.1
      vertex -36.4 -16.2043 5.1
    endloop
  endfacet
  facet normal 0 1 0
    outer loop
      vertex -36.4 -16.2043 0
      vertex -40.1 -16.2043 0
      vertex -40.1 -16.2043 5.1
    endloop
  endfacet
  facet normal 0.866025 -0.5 0
    outer loop
      vertex -41.95 -13 5.1
      vertex -40.1 -9.79571 0
      vertex -40.1 -9.79571 5.1
    endloop
  endfacet
  facet normal 0.866025 -0.5 0
    outer loop
      vertex -41.95 -13 5.1
      vertex -41.95 -13 0
      vertex -40.1 -9.79571 0
    endloop
  endfacet
  facet normal -0.866025 -0.5 0
    outer loop
      vertex -36.4 -9.79571 0
      vertex -34.55 -13 0
      vertex -34.55 -13 5.1
    endloop
  endfacet
  facet normal -0.866025 -0.5 -0
    outer loop
      vertex -36.4 -9.79571 5.1
      vertex -36.4 -9.79571 0
      vertex -34.55 -13 5.1
    endloop
  endfacet
  facet normal 0 -1 0
    outer loop
      vertex -40.1 -9.79571 5.1
      vertex -36.4 -9.79571 0
      vertex -36.4 -9.79571 5.1
    endloop
  endfacet
  facet normal 0 -1 0
    outer loop
      vertex -40.1 -9.79571 5.1
      vertex -40.1 -9.79571 0
      vertex -36.4 -9.79571 0
    endloop
  endfacet
  facet normal 0 0 -1
    outer loop
      vertex -34.55 -13 5.1
      vertex -40.1 -9.79571 5.1
      vertex -36.4 -9.79571 5.1
    endloop
  endfacet
  facet normal 0 0 -1
    outer loop
      vertex -34.55 -13 5.1
      vertex -41.95 -13 5.1
      vertex -40.1 -9.79571 5.1
    endloop
  endfacet
  facet normal 0 0 -1
    outer loop
      vertex -36.4 -16.2043 5.1
      vertex -41.95 -13 5.1
      vertex -34.55 -13 5.1
    endloop
  endfacet
  facet normal 0 0 -1
    outer loop
      vertex -40.1 -16.2043 5.1
      vertex -41.95 -13 5.1
      vertex -36.4 -16.2043 5.1
    endloop
  endfacet
  facet normal -0.866025 0.5 0
    outer loop
      vertex -34.55 -13 0
      vertex -36.4 -16.2043 5.1
      vertex -34.55 -13 5.1
    endloop
  endfacet
  facet normal -0.866025 0.5 0
    outer loop
      vertex -34.55 -13 0
      vertex -36.4 -16.2043 0
      vertex -36.4 -16.2043 5.1
    endloop
  endfacet
  facet normal 0.866025 0.5 -0
    outer loop
      vertex -41.95 13 0
      vertex -41.95 13 5.1
      vertex -40.1 9.79571 5.1
    endloop
  endfacet
  facet normal 0.866025 0.5 -0
    outer loop
      vertex -40.1 9.79571 0
      vertex -41.95 13 0
      vertex -40.1 9.79571 5.1
    endloop
  endfacet
  facet normal 4.80096e-016 1 -0
    outer loop
      vertex -36.4 9.79571 0
      vertex -40.1 9.79571 5.1
      vertex -36.4 9.79571 5.1
    endloop
  endfacet
  facet normal 4.80096e-016 1 0
    outer loop
      vertex -36.4 9.79571 0
      vertex -40.1 9.79571 0
      vertex -40.1 9.79571 5.1
    endloop
  endfacet
  facet normal 0.866025 -0.5 0
    outer loop
      vertex -41.95 13 5.1
      vertex -40.1 16.2043 0
      vertex -40.1 16.2043 5.1
    endloop
  endfacet
  facet normal 0.866025 -0.5 0
    outer loop
      vertex -41.95 13 5.1
      vertex -41.95 13 0
      vertex -40.1 16.2043 0
    endloop
  endfacet
  facet normal -0.866025 -0.5 0
    outer loop
      vertex -36.4 16.2043 0
      vertex -34.55 13 0
      vertex -34.55 13 5.1
    endloop
  endfacet
  facet normal -0.866025 -0.5 -0
    outer loop
      vertex -36.4 16.2043 5.1
      vertex -36.4 16.2043 0
      vertex -34.55 13 5.1
    endloop
  endfacet
  facet normal 0 -1 0
    outer loop
      vertex -40.1 16.2043 5.1
      vertex -36.4 16.2043 0
      vertex -36.4 16.2043 5.1
    endloop
  endfacet
  facet normal 0 -1 0
    outer loop
      vertex -40.1 16.2043 5.1
      vertex -40.1 16.2043 0
      vertex -36.4 16.2043 0
    endloop
  endfacet
  facet normal 0 0 -1
    outer loop
      vertex -34.55 13 5.1
      vertex -40.1 16.2043 5.1
      vertex -36.4 16.2043 5.1
    endloop
  endfacet
  facet normal 0 0 -1
    outer loop
      vertex -34.55 13 5.1
      vertex -41.95 13 5.1
      vertex -40.1 16.2043 5.1
    endloop
  endfacet
  facet normal 0 0 -1
    outer loop
      vertex -36.4 9.79571 5.1
      vertex -40.1 9.79571 5.1
      vertex -34.55 13 5.1
    endloop
  endfacet
  facet normal 0 0 -1
    outer loop
      vertex -40.1 9.79571 5.1
      vertex -41.95 13 5.1
      vertex -34.55 13 5.1
    endloop
  endfacet
  facet normal -0.866025 0.5 0
    outer loop
      vertex -34.55 13 0
      vertex -36.4 9.79571 5.1
      vertex -34.55 13 5.1
    endloop
  endfacet
  facet normal -0.866025 0.5 0
    outer loop
      vertex -34.55 13 0
      vertex -36.4 9.79571 0
      vertex -36.4 9.79571 5.1
    endloop
  endfacet
  facet normal 0.866025 0.5 -0
    outer loop
      vertex -11.45 -13 0
      vertex -11.45 -13 5.1
      vertex -9.6 -16.2043 5.1
    endloop
  endfacet
  facet normal 0.866025 0.5 -0
    outer loop
      vertex -9.6 -16.2043 0
      vertex -11.45 -13 0
      vertex -9.6 -16.2043 5.1
    endloop
  endfacet
  facet normal 0 1 -0
    outer loop
      vertex -5.9 -16.2043 0
      vertex -9.6 -16.2043 5.1
      vertex -5.9 -16.2043 5.1
    endloop
  endfacet
  facet normal 0 1 0
    outer loop
      vertex -5.9 -16.2043 0
      vertex -9.6 -16.2043 0
      vertex -9.6 -16.2043 5.1
    endloop
  endfacet
  facet normal 0.866025 -0.5 0
    outer loop
      vertex -11.45 -13 5.1
      vertex -9.6 -9.79571 0
      vertex -9.6 -9.79571 5.1
    endloop
  endfacet
  facet normal 0.866025 -0.5 0
    outer loop
      vertex -11.45 -13 5.1
      vertex -11.45 -13 0
      vertex -9.6 -9.79571 0
    endloop
  endfacet
  facet normal -0.866025 -0.5 0
    outer loop
      vertex -5.9 -9.79571 0
      vertex -4.05 -13 0
      vertex -4.05 -13 5.1
    endloop
  endfacet
  facet normal -0.866025 -0.5 -0
    outer loop
      vertex -5.9 -9.79571 5.1
      vertex -5.9 -9.79571 0
      vertex -4.05 -13 5.1
    endloop
  endfacet
  facet normal 0 -1 0
    outer loop
      vertex -9.6 -9.79571 5.1
      vertex -5.9 -9.79571 0
      vertex -5.9 -9.79571 5.1
    endloop
  endfacet
  facet normal 0 -1 0
    outer loop
      vertex -9.6 -9.79571 5.1
      vertex -9.6 -9.79571 0
      vertex -5.9 -9.79571 0
    endloop
  endfacet
  facet normal 0 0 -1
    outer loop
      vertex -4.05 -13 5.1
      vertex -9.6 -9.79571 5.1
      vertex -5.9 -9.79571 5.1
    endloop
  endfacet
  facet normal 0 0 -1
    outer loop
      vertex -4.05 -13 5.1
      vertex -11.45 -13 5.1
      vertex -9.6 -9.79571 5.1
    endloop
  endfacet
  facet normal 0 0 -1
    outer loop
      vertex -5.9 -16.2043 5.1
      vertex -11.45 -13 5.1
      vertex -4.05 -13 5.1
    endloop
  endfacet
  facet normal 0 0 -1
    outer loop
      vertex -9.6 -16.2043 5.1
      vertex -11.45 -13 5.1
      vertex -5.9 -16.2043 5.1
    endloop
  endfacet
  facet normal -0.866025 0.5 0
    outer loop
      vertex -4.05 -13 0
      vertex -5.9 -16.2043 5.1
      vertex -4.05 -13 5.1
    endloop
  endfacet
  facet normal -0.866025 0.5 0
    outer loop
      vertex -4.05 -13 0
      vertex -5.9 -16.2043 0
      vertex -5.9 -16.2043 5.1
    endloop
  endfacet
  facet normal 0.866025 0.5 -0
    outer loop
      vertex -11.45 13 0
      vertex -11.45 13 5.1
      vertex -9.6 9.79571 5.1
    endloop
  endfacet
  facet normal 0.866025 0.5 -0
    outer loop
      vertex -9.6 9.79571 0
      vertex -11.45 13 0
      vertex -9.6 9.79571 5.1
    endloop
  endfacet
  facet normal 4.80096e-016 1 -0
    outer loop
      vertex -5.9 9.79571 0
      vertex -9.6 9.79571 5.1
      vertex -5.9 9.79571 5.1
    endloop
  endfacet
  facet normal 4.80096e-016 1 0
    outer loop
      vertex -5.9 9.79571 0
      vertex -9.6 9.79571 0
      vertex -9.6 9.79571 5.1
    endloop
  endfacet
  facet normal 0.866025 -0.5 0
    outer loop
      vertex -11.45 13 5.1
      vertex -9.6 16.2043 0
      vertex -9.6 16.2043 5.1
    endloop
  endfacet
  facet normal 0.866025 -0.5 0
    outer loop
      vertex -11.45 13 5.1
      vertex -11.45 13 0
      vertex -9.6 16.2043 0
    endloop
  endfacet
  facet normal -0.866025 -0.5 0
    outer loop
      vertex -5.9 16.2043 0
      vertex -4.05 13 0
      vertex -4.05 13 5.1
    endloop
  endfacet
  facet normal -0.866025 -0.5 -0
    outer loop
      vertex -5.9 16.2043 5.1
      vertex -5.9 16.2043 0
      vertex -4.05 13 5.1
    endloop
  endfacet
  facet normal 0 -1 0
    outer loop
      vertex -9.6 16.2043 5.1
      vertex -5.9 16.2043 0
      vertex -5.9 16.2043 5.1
    endloop
  endfacet
  facet normal 0 -1 0
    outer loop
      vertex -9.6 16.2043 5.1
      vertex -9.6 16.2043 0
      vertex -5.9 16.2043 0
    endloop
  endfacet
  facet normal 0 0 -1
    outer loop
      vertex -4.05 13 5.1
      vertex -9.6 16.2043 5.1
      vertex -5.9 16.2043 5.1
    endloop
  endfacet
  facet normal 0 0 -1
    outer loop
      vertex -4.05 13 5.1
      vertex -11.45 13 5.1
      vertex -9.6 16.2043 5.1
    endloop
  endfacet
  facet normal 0 0 -1
    outer loop
      vertex -5.9 9.79571 5.1
      vertex -9.6 9.79571 5.1
      vertex -4.05 13 5.1
    endloop
  endfacet
  facet normal 0 0 -1
    outer loop
      vertex -9.6 9.79571 5.1
      vertex -11.45 13 5.1
      vertex -4.05 13 5.1
    endloop
  endfacet
  facet normal -0.866025 0.5 0
    outer loop
      vertex -4.05 13 0
      vertex -5.9 9.79571 5.1
      vertex -4.05 13 5.1
    endloop
  endfacet
  facet normal -0.866025 0.5 0
    outer loop
      vertex -4.05 13 0
      vertex -5.9 9.79571 0
      vertex -5.9 9.79571 5.1
    endloop
  endfacet
endsolid OpenSCAD_Model
